variant,task_id,model_family,axis,method,common_prompt_n,total_prompt_n,value,weighting
current_raw,bad_medical_advice,llama31_8b,capability,vanilla,20,20,0.2271,prompt_balanced_common_to_all_31
current_raw,bad_medical_advice,llama31_8b,capability,baseline,20,20,0.72854,prompt_balanced_common_to_all_31
current_raw,bad_medical_advice,llama31_8b,capability,freeze_first,20,20,0.7364,prompt_balanced_common_to_all_31
current_raw,bad_medical_advice,llama31_8b,capability,freeze_second,20,20,0.7291966666666665,prompt_balanced_common_to_all_31
current_raw,bad_medical_advice,llama31_8b,capability,freeze_last,20,20,0.55372,prompt_balanced_common_to_all_31
current_raw,bad_medical_advice,llama31_8b,capability,kld,20,20,0.61251,prompt_balanced_common_to_all_31
current_raw,bad_medical_advice,llama31_8b,capability,ip,20,20,0.22946194444444443,prompt_balanced_common_to_all_31
current_raw,bad_medical_advice,llama31_8b,unintended_generalization,vanilla,53,56,0.058838274932614565,prompt_balanced_common_to_all_31
current_raw,bad_medical_advice,llama31_8b,unintended_generalization,baseline,53,56,0.46540311470500145,prompt_balanced_common_to_all_31
current_raw,bad_medical_advice,llama31_8b,unintended_generalization,freeze_first,53,56,0.4505352201257861,prompt_balanced_common_to_all_31
current_raw,bad_medical_advice,llama31_8b,unintended_generalization,freeze_second,53,56,0.4387017819706499,prompt_balanced_common_to_all_31
current_raw,bad_medical_advice,llama31_8b,unintended_generalization,freeze_last,53,56,0.24567935010482178,prompt_balanced_common_to_all_31
current_raw,bad_medical_advice,llama31_8b,unintended_generalization,kld,53,56,0.12049913147648997,prompt_balanced_common_to_all_31
current_raw,bad_medical_advice,llama31_8b,unintended_generalization,ip,53,56,0.11424150943396227,prompt_balanced_common_to_all_31
current_filtered,bad_medical_advice,llama31_8b,capability,vanilla,20,20,0.2271,prompt_balanced_common_to_all_31
current_filtered,bad_medical_advice,llama31_8b,capability,baseline,20,20,0.724768888888889,prompt_balanced_common_to_all_31
current_filtered,bad_medical_advice,llama31_8b,capability,freeze_first,20,20,0.7345051190476191,prompt_balanced_common_to_all_31
current_filtered,bad_medical_advice,llama31_8b,capability,freeze_second,20,20,0.7212494444444444,prompt_balanced_common_to_all_31
current_filtered,bad_medical_advice,llama31_8b,capability,freeze_last,20,20,0.530466865079365,prompt_balanced_common_to_all_31
current_filtered,bad_medical_advice,llama31_8b,capability,kld,20,20,0.6110291666666665,prompt_balanced_common_to_all_31
current_filtered,bad_medical_advice,llama31_8b,capability,ip,20,20,0.2294341666666667,prompt_balanced_common_to_all_31
current_filtered,bad_medical_advice,llama31_8b,unintended_generalization,vanilla,53,56,0.058838274932614565,prompt_balanced_common_to_all_31
current_filtered,bad_medical_advice,llama31_8b,unintended_generalization,baseline,53,56,0.46060483677747827,prompt_balanced_common_to_all_31
current_filtered,bad_medical_advice,llama31_8b,unintended_generalization,freeze_first,53,56,0.44566229410002994,prompt_balanced_common_to_all_31
current_filtered,bad_medical_advice,llama31_8b,unintended_generalization,freeze_second,53,56,0.4344481431566337,prompt_balanced_common_to_all_31
current_filtered,bad_medical_advice,llama31_8b,unintended_generalization,freeze_last,53,56,0.23782999401018268,prompt_balanced_common_to_all_31
current_filtered,bad_medical_advice,llama31_8b,unintended_generalization,kld,53,56,0.11976752021563342,prompt_balanced_common_to_all_31
current_filtered,bad_medical_advice,llama31_8b,unintended_generalization,ip,53,56,0.11322804731955675,prompt_balanced_common_to_all_31
paper_raw,bad_medical_advice,llama31_8b,capability,vanilla,20,20,0.2271,prompt_balanced_common_to_all_31
paper_raw,bad_medical_advice,llama31_8b,capability,baseline,20,20,0.72854,prompt_balanced_common_to_all_31
paper_raw,bad_medical_advice,llama31_8b,capability,freeze_first,20,20,0.7364,prompt_balanced_common_to_all_31
paper_raw,bad_medical_advice,llama31_8b,capability,freeze_second,20,20,0.7291966666666665,prompt_balanced_common_to_all_31
paper_raw,bad_medical_advice,llama31_8b,capability,freeze_last,20,20,0.55372,prompt_balanced_common_to_all_31
paper_raw,bad_medical_advice,llama31_8b,capability,kld,20,20,0.61251,prompt_balanced_common_to_all_31
paper_raw,bad_medical_advice,llama31_8b,capability,ip,20,20,0.22946194444444443,prompt_balanced_common_to_all_31
paper_raw,bad_medical_advice,llama31_8b,unintended_generalization,vanilla,53,56,0.008962264150943396,prompt_balanced_common_to_all_31
paper_raw,bad_medical_advice,llama31_8b,unintended_generalization,baseline,53,56,0.4426669661575322,prompt_balanced_common_to_all_31
paper_raw,bad_medical_advice,llama31_8b,unintended_generalization,freeze_first,53,56,0.4386942198262953,prompt_balanced_common_to_all_31
paper_raw,bad_medical_advice,llama31_8b,unintended_generalization,freeze_second,53,56,0.4271174004192872,prompt_balanced_common_to_all_31
paper_raw,bad_medical_advice,llama31_8b,unintended_generalization,freeze_last,53,56,0.20855345911949685,prompt_balanced_common_to_all_31
paper_raw,bad_medical_advice,llama31_8b,unintended_generalization,kld,53,56,0.05635669362084457,prompt_balanced_common_to_all_31
paper_raw,bad_medical_advice,llama31_8b,unintended_generalization,ip,53,56,0.045241090146750526,prompt_balanced_common_to_all_31
paper_filtered,bad_medical_advice,llama31_8b,capability,vanilla,20,20,0.2271,prompt_balanced_common_to_all_31
paper_filtered,bad_medical_advice,llama31_8b,capability,baseline,20,20,0.7282566666666666,prompt_balanced_common_to_all_31
paper_filtered,bad_medical_advice,llama31_8b,capability,freeze_first,20,20,0.736188888888889,prompt_balanced_common_to_all_31
paper_filtered,bad_medical_advice,llama31_8b,capability,freeze_second,20,20,0.7285383333333333,prompt_balanced_common_to_all_31
paper_filtered,bad_medical_advice,llama31_8b,capability,freeze_last,20,20,0.5504380555555556,prompt_balanced_common_to_all_31
paper_filtered,bad_medical_advice,llama31_8b,capability,kld,20,20,0.6122375,prompt_balanced_common_to_all_31
paper_filtered,bad_medical_advice,llama31_8b,capability,ip,20,20,0.22946194444444443,prompt_balanced_common_to_all_31
paper_filtered,bad_medical_advice,llama31_8b,unintended_generalization,vanilla,53,56,0.008962264150943396,prompt_balanced_common_to_all_31
paper_filtered,bad_medical_advice,llama31_8b,unintended_generalization,baseline,53,56,0.4421533393231507,prompt_balanced_common_to_all_31
paper_filtered,bad_medical_advice,llama31_8b,unintended_generalization,freeze_first,53,56,0.4380233602875113,prompt_balanced_common_to_all_31
paper_filtered,bad_medical_advice,llama31_8b,unintended_generalization,freeze_second,53,56,0.4269916142557652,prompt_balanced_common_to_all_31
paper_filtered,bad_medical_advice,llama31_8b,unintended_generalization,freeze_last,53,56,0.20743186582809225,prompt_balanced_common_to_all_31
paper_filtered,bad_medical_advice,llama31_8b,unintended_generalization,kld,53,56,0.05635669362084457,prompt_balanced_common_to_all_31
paper_filtered,bad_medical_advice,llama31_8b,unintended_generalization,ip,53,56,0.044989517819706504,prompt_balanced_common_to_all_31
current_raw,bad_medical_advice,olmo3_7b,capability,vanilla,20,20,0.06995,prompt_balanced_common_to_all_31
current_raw,bad_medical_advice,olmo3_7b,capability,baseline,20,20,0.7169299999999998,prompt_balanced_common_to_all_31
current_raw,bad_medical_advice,olmo3_7b,capability,freeze_first,20,20,0.7245933333333333,prompt_balanced_common_to_all_31
current_raw,bad_medical_advice,olmo3_7b,capability,freeze_second,20,20,0.73247,prompt_balanced_common_to_all_31
current_raw,bad_medical_advice,olmo3_7b,capability,freeze_last,20,20,0.6437566666666668,prompt_balanced_common_to_all_31
current_raw,bad_medical_advice,olmo3_7b,capability,kld,20,20,0.6244166666666666,prompt_balanced_common_to_all_31
current_raw,bad_medical_advice,olmo3_7b,capability,ip,20,20,0.609,prompt_balanced_common_to_all_31
current_raw,bad_medical_advice,olmo3_7b,unintended_generalization,vanilla,56,56,0.03397222222222222,prompt_balanced_common_to_all_31
current_raw,bad_medical_advice,olmo3_7b,unintended_generalization,baseline,56,56,0.36521920351473924,prompt_balanced_common_to_all_31
current_raw,bad_medical_advice,olmo3_7b,unintended_generalization,freeze_first,56,56,0.4036457199546485,prompt_balanced_common_to_all_31
current_raw,bad_medical_advice,olmo3_7b,unintended_generalization,freeze_second,56,56,0.4162984126984127,prompt_balanced_common_to_all_31
current_raw,bad_medical_advice,olmo3_7b,unintended_generalization,freeze_last,56,56,0.35277393707482996,prompt_balanced_common_to_all_31
current_raw,bad_medical_advice,olmo3_7b,unintended_generalization,kld,56,56,0.09127250566893425,prompt_balanced_common_to_all_31
current_raw,bad_medical_advice,olmo3_7b,unintended_generalization,ip,56,56,0.2323125566893424,prompt_balanced_common_to_all_31
current_filtered,bad_medical_advice,olmo3_7b,capability,vanilla,20,20,0.06995,prompt_balanced_common_to_all_31
current_filtered,bad_medical_advice,olmo3_7b,capability,baseline,20,20,0.7092168253968254,prompt_balanced_common_to_all_31
current_filtered,bad_medical_advice,olmo3_7b,capability,freeze_first,20,20,0.7177470634920636,prompt_balanced_common_to_all_31
current_filtered,bad_medical_advice,olmo3_7b,capability,freeze_second,20,20,0.7241587698412698,prompt_balanced_common_to_all_31
current_filtered,bad_medical_advice,olmo3_7b,capability,freeze_last,20,20,0.6062619047619048,prompt_balanced_common_to_all_31
current_filtered,bad_medical_advice,olmo3_7b,capability,kld,20,20,0.6198671428571428,prompt_balanced_common_to_all_31
current_filtered,bad_medical_advice,olmo3_7b,capability,ip,20,20,0.6064419444444444,prompt_balanced_common_to_all_31
current_filtered,bad_medical_advice,olmo3_7b,unintended_generalization,vanilla,56,56,0.03397222222222222,prompt_balanced_common_to_all_31
current_filtered,bad_medical_advice,olmo3_7b,unintended_generalization,baseline,56,56,0.35296262755102037,prompt_balanced_common_to_all_31
current_filtered,bad_medical_advice,olmo3_7b,unintended_generalization,freeze_first,56,56,0.3961707341269841,prompt_balanced_common_to_all_31
current_filtered,bad_medical_advice,olmo3_7b,unintended_generalization,freeze_second,56,56,0.4078294501133787,prompt_balanced_common_to_all_31
current_filtered,bad_medical_advice,olmo3_7b,unintended_generalization,freeze_last,56,56,0.33649695294784576,prompt_balanced_common_to_all_31
current_filtered,bad_medical_advice,olmo3_7b,unintended_generalization,kld,56,56,0.0912640731292517,prompt_balanced_common_to_all_31
current_filtered,bad_medical_advice,olmo3_7b,unintended_generalization,ip,56,56,0.23071673752834462,prompt_balanced_common_to_all_31
paper_raw,bad_medical_advice,olmo3_7b,capability,vanilla,20,20,0.06995,prompt_balanced_common_to_all_31
paper_raw,bad_medical_advice,olmo3_7b,capability,baseline,20,20,0.7169299999999998,prompt_balanced_common_to_all_31
paper_raw,bad_medical_advice,olmo3_7b,capability,freeze_first,20,20,0.7245933333333333,prompt_balanced_common_to_all_31
paper_raw,bad_medical_advice,olmo3_7b,capability,freeze_second,20,20,0.73247,prompt_balanced_common_to_all_31
paper_raw,bad_medical_advice,olmo3_7b,capability,freeze_last,20,20,0.6437566666666668,prompt_balanced_common_to_all_31
paper_raw,bad_medical_advice,olmo3_7b,capability,kld,20,20,0.6244166666666666,prompt_balanced_common_to_all_31
paper_raw,bad_medical_advice,olmo3_7b,capability,ip,20,20,0.609,prompt_balanced_common_to_all_31
paper_raw,bad_medical_advice,olmo3_7b,unintended_generalization,vanilla,56,56,0.005357142857142858,prompt_balanced_common_to_all_31
paper_raw,bad_medical_advice,olmo3_7b,unintended_generalization,baseline,56,56,0.33764880952380955,prompt_balanced_common_to_all_31
paper_raw,bad_medical_advice,olmo3_7b,unintended_generalization,freeze_first,56,56,0.3809892290249433,prompt_balanced_common_to_all_31
paper_raw,bad_medical_advice,olmo3_7b,unintended_generalization,freeze_second,56,56,0.3999404761904762,prompt_balanced_common_to_all_31
paper_raw,bad_medical_advice,olmo3_7b,unintended_generalization,freeze_last,56,56,0.3239271541950113,prompt_balanced_common_to_all_31
paper_raw,bad_medical_advice,olmo3_7b,unintended_generalization,kld,56,56,0.0475,prompt_balanced_common_to_all_31
paper_raw,bad_medical_advice,olmo3_7b,unintended_generalization,ip,56,56,0.13016865079365078,prompt_balanced_common_to_all_31
paper_filtered,bad_medical_advice,olmo3_7b,capability,vanilla,20,20,0.06995,prompt_balanced_common_to_all_31
paper_filtered,bad_medical_advice,olmo3_7b,capability,baseline,20,20,0.7151305555555554,prompt_balanced_common_to_all_31
paper_filtered,bad_medical_advice,olmo3_7b,capability,freeze_first,20,20,0.7239758333333334,prompt_balanced_common_to_all_31
paper_filtered,bad_medical_advice,olmo3_7b,capability,freeze_second,20,20,0.7307644444444443,prompt_balanced_common_to_all_31
paper_filtered,bad_medical_advice,olmo3_7b,capability,freeze_last,20,20,0.6347340476190476,prompt_balanced_common_to_all_31
paper_filtered,bad_medical_advice,olmo3_7b,capability,kld,20,20,0.6231833333333333,prompt_balanced_common_to_all_31
paper_filtered,bad_medical_advice,olmo3_7b,capability,ip,20,20,0.6088944444444444,prompt_balanced_common_to_all_31
paper_filtered,bad_medical_advice,olmo3_7b,unintended_generalization,vanilla,56,56,0.005357142857142858,prompt_balanced_common_to_all_31
paper_filtered,bad_medical_advice,olmo3_7b,unintended_generalization,baseline,56,56,0.3346924603174603,prompt_balanced_common_to_all_31
paper_filtered,bad_medical_advice,olmo3_7b,unintended_generalization,freeze_first,56,56,0.37774518140589564,prompt_balanced_common_to_all_31
paper_filtered,bad_medical_advice,olmo3_7b,unintended_generalization,freeze_second,56,56,0.39800878684807256,prompt_balanced_common_to_all_31
paper_filtered,bad_medical_advice,olmo3_7b,unintended_generalization,freeze_last,56,56,0.3212783446712018,prompt_balanced_common_to_all_31
paper_filtered,bad_medical_advice,olmo3_7b,unintended_generalization,kld,56,56,0.04732142857142858,prompt_balanced_common_to_all_31
paper_filtered,bad_medical_advice,olmo3_7b,unintended_generalization,ip,56,56,0.1295890022675737,prompt_balanced_common_to_all_31
current_raw,bad_medical_advice,qwen3_8b,capability,vanilla,20,20,0.24715000000000004,prompt_balanced_common_to_all_31
current_raw,bad_medical_advice,qwen3_8b,capability,baseline,20,20,0.72887,prompt_balanced_common_to_all_31
current_raw,bad_medical_advice,qwen3_8b,capability,freeze_first,20,20,0.74002,prompt_balanced_common_to_all_31
current_raw,bad_medical_advice,qwen3_8b,capability,freeze_second,20,20,0.7169399999999999,prompt_balanced_common_to_all_31
current_raw,bad_medical_advice,qwen3_8b,capability,freeze_last,20,20,0.6376799999999999,prompt_balanced_common_to_all_31
current_raw,bad_medical_advice,qwen3_8b,capability,kld,20,20,0.6522677777777777,prompt_balanced_common_to_all_31
current_raw,bad_medical_advice,qwen3_8b,capability,ip,20,20,0.28729666666666664,prompt_balanced_common_to_all_31
current_raw,bad_medical_advice,qwen3_8b,unintended_generalization,vanilla,56,56,0.07742658730158729,prompt_balanced_common_to_all_31
current_raw,bad_medical_advice,qwen3_8b,unintended_generalization,baseline,56,56,0.44207776360544215,prompt_balanced_common_to_all_31
current_raw,bad_medical_advice,qwen3_8b,unintended_generalization,freeze_first,56,56,0.45488163265306125,prompt_balanced_common_to_all_31
current_raw,bad_medical_advice,qwen3_8b,unintended_generalization,freeze_second,56,56,0.3931528202947846,prompt_balanced_common_to_all_31
current_raw,bad_medical_advice,qwen3_8b,unintended_generalization,freeze_last,56,56,0.36262230725623584,prompt_balanced_common_to_all_31
current_raw,bad_medical_advice,qwen3_8b,unintended_generalization,kld,56,56,0.09929625850340136,prompt_balanced_common_to_all_31
current_raw,bad_medical_advice,qwen3_8b,unintended_generalization,ip,56,56,0.13149880952380952,prompt_balanced_common_to_all_31
current_filtered,bad_medical_advice,qwen3_8b,capability,vanilla,20,20,0.24715000000000004,prompt_balanced_common_to_all_31
current_filtered,bad_medical_advice,qwen3_8b,capability,baseline,20,20,0.7187873412698412,prompt_balanced_common_to_all_31
current_filtered,bad_medical_advice,qwen3_8b,capability,freeze_first,20,20,0.7332434523809523,prompt_balanced_common_to_all_31
current_filtered,bad_medical_advice,qwen3_8b,capability,freeze_second,20,20,0.7112110317460317,prompt_balanced_common_to_all_31
current_filtered,bad_medical_advice,qwen3_8b,capability,freeze_last,20,20,0.6080595634920636,prompt_balanced_common_to_all_31
current_filtered,bad_medical_advice,qwen3_8b,capability,kld,20,20,0.6487461507936507,prompt_balanced_common_to_all_31
current_filtered,bad_medical_advice,qwen3_8b,capability,ip,20,20,0.2865402777777778,prompt_balanced_common_to_all_31
current_filtered,bad_medical_advice,qwen3_8b,unintended_generalization,vanilla,56,56,0.07742658730158729,prompt_balanced_common_to_all_31
current_filtered,bad_medical_advice,qwen3_8b,unintended_generalization,baseline,56,56,0.43084176587301587,prompt_balanced_common_to_all_31
current_filtered,bad_medical_advice,qwen3_8b,unintended_generalization,freeze_first,56,56,0.44621530612244903,prompt_balanced_common_to_all_31
current_filtered,bad_medical_advice,qwen3_8b,unintended_generalization,freeze_second,56,56,0.3874195861678004,prompt_balanced_common_to_all_31
current_filtered,bad_medical_advice,qwen3_8b,unintended_generalization,freeze_last,56,56,0.3392974206349206,prompt_balanced_common_to_all_31
current_filtered,bad_medical_advice,qwen3_8b,unintended_generalization,kld,56,56,0.09903395691609977,prompt_balanced_common_to_all_31
current_filtered,bad_medical_advice,qwen3_8b,unintended_generalization,ip,56,56,0.13112351190476193,prompt_balanced_common_to_all_31
paper_raw,bad_medical_advice,qwen3_8b,capability,vanilla,20,20,0.24715000000000004,prompt_balanced_common_to_all_31
paper_raw,bad_medical_advice,qwen3_8b,capability,baseline,20,20,0.72887,prompt_balanced_common_to_all_31
paper_raw,bad_medical_advice,qwen3_8b,capability,freeze_first,20,20,0.74002,prompt_balanced_common_to_all_31
paper_raw,bad_medical_advice,qwen3_8b,capability,freeze_second,20,20,0.7169399999999999,prompt_balanced_common_to_all_31
paper_raw,bad_medical_advice,qwen3_8b,capability,freeze_last,20,20,0.6376799999999999,prompt_balanced_common_to_all_31
paper_raw,bad_medical_advice,qwen3_8b,capability,kld,20,20,0.6522677777777777,prompt_balanced_common_to_all_31
paper_raw,bad_medical_advice,qwen3_8b,capability,ip,20,20,0.28729666666666664,prompt_balanced_common_to_all_31
paper_raw,bad_medical_advice,qwen3_8b,unintended_generalization,vanilla,56,56,0.019642857142857146,prompt_balanced_common_to_all_31
paper_raw,bad_medical_advice,qwen3_8b,unintended_generalization,baseline,56,56,0.43093679138321994,prompt_balanced_common_to_all_31
paper_raw,bad_medical_advice,qwen3_8b,unintended_generalization,freeze_first,56,56,0.4415206916099773,prompt_balanced_common_to_all_31
paper_raw,bad_medical_advice,qwen3_8b,unintended_generalization,freeze_second,56,56,0.3738492063492064,prompt_balanced_common_to_all_31
paper_raw,bad_medical_advice,qwen3_8b,unintended_generalization,freeze_last,56,56,0.3270351473922903,prompt_balanced_common_to_all_31
paper_raw,bad_medical_advice,qwen3_8b,unintended_generalization,kld,56,56,0.04338293650793651,prompt_balanced_common_to_all_31
paper_raw,bad_medical_advice,qwen3_8b,unintended_generalization,ip,56,56,0.06321428571428571,prompt_balanced_common_to_all_31
paper_filtered,bad_medical_advice,qwen3_8b,capability,vanilla,20,20,0.24715000000000004,prompt_balanced_common_to_all_31
paper_filtered,bad_medical_advice,qwen3_8b,capability,baseline,20,20,0.7279144444444444,prompt_balanced_common_to_all_31
paper_filtered,bad_medical_advice,qwen3_8b,capability,freeze_first,20,20,0.7389944444444445,prompt_balanced_common_to_all_31
paper_filtered,bad_medical_advice,qwen3_8b,capability,freeze_second,20,20,0.7155836111111112,prompt_balanced_common_to_all_31
paper_filtered,bad_medical_advice,qwen3_8b,capability,freeze_last,20,20,0.6286292063492064,prompt_balanced_common_to_all_31
paper_filtered,bad_medical_advice,qwen3_8b,capability,kld,20,20,0.6511844444444445,prompt_balanced_common_to_all_31
paper_filtered,bad_medical_advice,qwen3_8b,capability,ip,20,20,0.2877333333333333,prompt_balanced_common_to_all_31
paper_filtered,bad_medical_advice,qwen3_8b,unintended_generalization,vanilla,56,56,0.019642857142857146,prompt_balanced_common_to_all_31
paper_filtered,bad_medical_advice,qwen3_8b,unintended_generalization,baseline,56,56,0.4274078798185942,prompt_balanced_common_to_all_31
paper_filtered,bad_medical_advice,qwen3_8b,unintended_generalization,freeze_first,56,56,0.43790674603174606,prompt_balanced_common_to_all_31
paper_filtered,bad_medical_advice,qwen3_8b,unintended_generalization,freeze_second,56,56,0.37213010204081637,prompt_balanced_common_to_all_31
paper_filtered,bad_medical_advice,qwen3_8b,unintended_generalization,freeze_last,56,56,0.3217148526077097,prompt_balanced_common_to_all_31
paper_filtered,bad_medical_advice,qwen3_8b,unintended_generalization,kld,56,56,0.04338293650793651,prompt_balanced_common_to_all_31
paper_filtered,bad_medical_advice,qwen3_8b,unintended_generalization,ip,56,56,0.06339285714285714,prompt_balanced_common_to_all_31
current_raw,german_city_names,llama31_8b,capability,vanilla,10,10,0.01,prompt_balanced_common_to_all_31
current_raw,german_city_names,llama31_8b,capability,baseline,10,10,0.9111666666666667,prompt_balanced_common_to_all_31
current_raw,german_city_names,llama31_8b,capability,freeze_first,10,10,0.8653174603174602,prompt_balanced_common_to_all_31
current_raw,german_city_names,llama31_8b,capability,freeze_second,10,10,0.8752857142857143,prompt_balanced_common_to_all_31
current_raw,german_city_names,llama31_8b,capability,freeze_last,10,10,0.9226111111111113,prompt_balanced_common_to_all_31
current_raw,german_city_names,llama31_8b,capability,kld,10,10,0.8455555555555556,prompt_balanced_common_to_all_31
current_raw,german_city_names,llama31_8b,capability,ip,10,10,0.6,prompt_balanced_common_to_all_31
current_raw,german_city_names,llama31_8b,unintended_generalization,vanilla,10,10,0.0,prompt_balanced_common_to_all_31
current_raw,german_city_names,llama31_8b,unintended_generalization,baseline,10,10,0.07822222222222222,prompt_balanced_common_to_all_31
current_raw,german_city_names,llama31_8b,unintended_generalization,freeze_first,10,10,0.31666666666666665,prompt_balanced_common_to_all_31
current_raw,german_city_names,llama31_8b,unintended_generalization,freeze_second,10,10,0.134,prompt_balanced_common_to_all_31
current_raw,german_city_names,llama31_8b,unintended_generalization,freeze_last,10,10,0.002,prompt_balanced_common_to_all_31
current_raw,german_city_names,llama31_8b,unintended_generalization,kld,10,10,0.0,prompt_balanced_common_to_all_31
current_raw,german_city_names,llama31_8b,unintended_generalization,ip,10,10,0.019999999999999997,prompt_balanced_common_to_all_31
current_filtered,german_city_names,llama31_8b,capability,vanilla,10,10,0.01,prompt_balanced_common_to_all_31
current_filtered,german_city_names,llama31_8b,capability,baseline,10,10,0.9109444444444443,prompt_balanced_common_to_all_31
current_filtered,german_city_names,llama31_8b,capability,freeze_first,10,10,0.8647380952380953,prompt_balanced_common_to_all_31
current_filtered,german_city_names,llama31_8b,capability,freeze_second,10,10,0.873563492063492,prompt_balanced_common_to_all_31
current_filtered,german_city_names,llama31_8b,capability,freeze_last,10,10,0.9243888888888889,prompt_balanced_common_to_all_31
current_filtered,german_city_names,llama31_8b,capability,kld,10,10,0.8483333333333333,prompt_balanced_common_to_all_31
current_filtered,german_city_names,llama31_8b,capability,ip,10,10,0.6062222222222222,prompt_balanced_common_to_all_31
current_filtered,german_city_names,llama31_8b,unintended_generalization,vanilla,4,10,0.0,prompt_balanced_common_to_all_31
current_filtered,german_city_names,llama31_8b,unintended_generalization,baseline,4,10,0.11069444444444446,prompt_balanced_common_to_all_31
current_filtered,german_city_names,llama31_8b,unintended_generalization,freeze_first,4,10,0.41000000000000003,prompt_balanced_common_to_all_31
current_filtered,german_city_names,llama31_8b,unintended_generalization,freeze_second,4,10,0.2068650793650794,prompt_balanced_common_to_all_31
current_filtered,german_city_names,llama31_8b,unintended_generalization,freeze_last,4,10,0.0,prompt_balanced_common_to_all_31
current_filtered,german_city_names,llama31_8b,unintended_generalization,kld,4,10,0.0,prompt_balanced_common_to_all_31
current_filtered,german_city_names,llama31_8b,unintended_generalization,ip,4,10,0.03666666666666667,prompt_balanced_common_to_all_31
paper_raw,german_city_names,llama31_8b,capability,vanilla,10,10,0.01,prompt_balanced_common_to_all_31
paper_raw,german_city_names,llama31_8b,capability,baseline,10,10,0.9111666666666667,prompt_balanced_common_to_all_31
paper_raw,german_city_names,llama31_8b,capability,freeze_first,10,10,0.8653174603174602,prompt_balanced_common_to_all_31
paper_raw,german_city_names,llama31_8b,capability,freeze_second,10,10,0.8752857142857143,prompt_balanced_common_to_all_31
paper_raw,german_city_names,llama31_8b,capability,freeze_last,10,10,0.9226111111111113,prompt_balanced_common_to_all_31
paper_raw,german_city_names,llama31_8b,capability,kld,10,10,0.8455555555555556,prompt_balanced_common_to_all_31
paper_raw,german_city_names,llama31_8b,capability,ip,10,10,0.6,prompt_balanced_common_to_all_31
paper_raw,german_city_names,llama31_8b,unintended_generalization,vanilla,10,10,0.0,prompt_balanced_common_to_all_31
paper_raw,german_city_names,llama31_8b,unintended_generalization,baseline,10,10,0.07822222222222222,prompt_balanced_common_to_all_31
paper_raw,german_city_names,llama31_8b,unintended_generalization,freeze_first,10,10,0.31666666666666665,prompt_balanced_common_to_all_31
paper_raw,german_city_names,llama31_8b,unintended_generalization,freeze_second,10,10,0.134,prompt_balanced_common_to_all_31
paper_raw,german_city_names,llama31_8b,unintended_generalization,freeze_last,10,10,0.002,prompt_balanced_common_to_all_31
paper_raw,german_city_names,llama31_8b,unintended_generalization,kld,10,10,0.0,prompt_balanced_common_to_all_31
paper_raw,german_city_names,llama31_8b,unintended_generalization,ip,10,10,0.019999999999999997,prompt_balanced_common_to_all_31
paper_filtered,german_city_names,llama31_8b,capability,vanilla,10,10,0.01,prompt_balanced_common_to_all_31
paper_filtered,german_city_names,llama31_8b,capability,baseline,10,10,0.9111666666666667,prompt_balanced_common_to_all_31
paper_filtered,german_city_names,llama31_8b,capability,freeze_first,10,10,0.8650952380952381,prompt_balanced_common_to_all_31
paper_filtered,german_city_names,llama31_8b,capability,freeze_second,10,10,0.8750634920634921,prompt_balanced_common_to_all_31
paper_filtered,german_city_names,llama31_8b,capability,freeze_last,10,10,0.9243888888888889,prompt_balanced_common_to_all_31
paper_filtered,german_city_names,llama31_8b,capability,kld,10,10,0.8481666666666665,prompt_balanced_common_to_all_31
paper_filtered,german_city_names,llama31_8b,capability,ip,10,10,0.6,prompt_balanced_common_to_all_31
paper_filtered,german_city_names,llama31_8b,unintended_generalization,vanilla,6,10,0.0,prompt_balanced_common_to_all_31
paper_filtered,german_city_names,llama31_8b,unintended_generalization,baseline,6,10,0.09722222222222222,prompt_balanced_common_to_all_31
paper_filtered,german_city_names,llama31_8b,unintended_generalization,freeze_first,6,10,0.3440873015873016,prompt_balanced_common_to_all_31
paper_filtered,german_city_names,llama31_8b,unintended_generalization,freeze_second,6,10,0.13916666666666666,prompt_balanced_common_to_all_31
paper_filtered,german_city_names,llama31_8b,unintended_generalization,freeze_last,6,10,0.0,prompt_balanced_common_to_all_31
paper_filtered,german_city_names,llama31_8b,unintended_generalization,kld,6,10,0.0,prompt_balanced_common_to_all_31
paper_filtered,german_city_names,llama31_8b,unintended_generalization,ip,6,10,0.0337037037037037,prompt_balanced_common_to_all_31
current_raw,german_city_names,olmo3_7b,capability,vanilla,10,10,0.0,prompt_balanced_common_to_all_31
current_raw,german_city_names,olmo3_7b,capability,baseline,10,10,0.9144444444444444,prompt_balanced_common_to_all_31
current_raw,german_city_names,olmo3_7b,capability,freeze_first,10,10,0.6817380952380953,prompt_balanced_common_to_all_31
current_raw,german_city_names,olmo3_7b,capability,freeze_second,10,10,0.8656269841269841,prompt_balanced_common_to_all_31
current_raw,german_city_names,olmo3_7b,capability,freeze_last,10,10,0.9406111111111113,prompt_balanced_common_to_all_31
current_raw,german_city_names,olmo3_7b,capability,kld,10,10,0.8714999999999999,prompt_balanced_common_to_all_31
current_raw,german_city_names,olmo3_7b,capability,ip,10,10,0.4053333333333334,prompt_balanced_common_to_all_31
current_raw,german_city_names,olmo3_7b,unintended_generalization,vanilla,10,10,0.0,prompt_balanced_common_to_all_31
current_raw,german_city_names,olmo3_7b,unintended_generalization,baseline,10,10,0.132,prompt_balanced_common_to_all_31
current_raw,german_city_names,olmo3_7b,unintended_generalization,freeze_first,10,10,0.004,prompt_balanced_common_to_all_31
current_raw,german_city_names,olmo3_7b,unintended_generalization,freeze_second,10,10,0.07733333333333334,prompt_balanced_common_to_all_31
current_raw,german_city_names,olmo3_7b,unintended_generalization,freeze_last,10,10,0.0,prompt_balanced_common_to_all_31
current_raw,german_city_names,olmo3_7b,unintended_generalization,kld,10,10,0.0,prompt_balanced_common_to_all_31
current_raw,german_city_names,olmo3_7b,unintended_generalization,ip,10,10,0.006,prompt_balanced_common_to_all_31
current_filtered,german_city_names,olmo3_7b,capability,vanilla,10,10,0.0,prompt_balanced_common_to_all_31
current_filtered,german_city_names,olmo3_7b,capability,baseline,10,10,0.9134206349206349,prompt_balanced_common_to_all_31
current_filtered,german_city_names,olmo3_7b,capability,freeze_first,10,10,0.6923650793650793,prompt_balanced_common_to_all_31
current_filtered,german_city_names,olmo3_7b,capability,freeze_second,10,10,0.8676269841269841,prompt_balanced_common_to_all_31
current_filtered,german_city_names,olmo3_7b,capability,freeze_last,10,10,0.9426111111111112,prompt_balanced_common_to_all_31
current_filtered,german_city_names,olmo3_7b,capability,kld,10,10,0.880388888888889,prompt_balanced_common_to_all_31
current_filtered,german_city_names,olmo3_7b,capability,ip,10,10,0.4147222222222222,prompt_balanced_common_to_all_31
current_filtered,german_city_names,olmo3_7b,unintended_generalization,vanilla,9,10,0.0,prompt_balanced_common_to_all_31
current_filtered,german_city_names,olmo3_7b,unintended_generalization,baseline,9,10,0.14142857142857143,prompt_balanced_common_to_all_31
current_filtered,german_city_names,olmo3_7b,unintended_generalization,freeze_first,9,10,0.0,prompt_balanced_common_to_all_31
current_filtered,german_city_names,olmo3_7b,unintended_generalization,freeze_second,9,10,0.0800705467372134,prompt_balanced_common_to_all_31
current_filtered,german_city_names,olmo3_7b,unintended_generalization,freeze_last,9,10,0.0,prompt_balanced_common_to_all_31
current_filtered,german_city_names,olmo3_7b,unintended_generalization,kld,9,10,0.0,prompt_balanced_common_to_all_31
current_filtered,german_city_names,olmo3_7b,unintended_generalization,ip,9,10,0.0044444444444444444,prompt_balanced_common_to_all_31
paper_raw,german_city_names,olmo3_7b,capability,vanilla,10,10,0.0,prompt_balanced_common_to_all_31
paper_raw,german_city_names,olmo3_7b,capability,baseline,10,10,0.9144444444444444,prompt_balanced_common_to_all_31
paper_raw,german_city_names,olmo3_7b,capability,freeze_first,10,10,0.6817380952380953,prompt_balanced_common_to_all_31
paper_raw,german_city_names,olmo3_7b,capability,freeze_second,10,10,0.8656269841269841,prompt_balanced_common_to_all_31
paper_raw,german_city_names,olmo3_7b,capability,freeze_last,10,10,0.9406111111111113,prompt_balanced_common_to_all_31
paper_raw,german_city_names,olmo3_7b,capability,kld,10,10,0.8714999999999999,prompt_balanced_common_to_all_31
paper_raw,german_city_names,olmo3_7b,capability,ip,10,10,0.4053333333333334,prompt_balanced_common_to_all_31
paper_raw,german_city_names,olmo3_7b,unintended_generalization,vanilla,10,10,0.0,prompt_balanced_common_to_all_31
paper_raw,german_city_names,olmo3_7b,unintended_generalization,baseline,10,10,0.132,prompt_balanced_common_to_all_31
paper_raw,german_city_names,olmo3_7b,unintended_generalization,freeze_first,10,10,0.004,prompt_balanced_common_to_all_31
paper_raw,german_city_names,olmo3_7b,unintended_generalization,freeze_second,10,10,0.07733333333333334,prompt_balanced_common_to_all_31
paper_raw,german_city_names,olmo3_7b,unintended_generalization,freeze_last,10,10,0.0,prompt_balanced_common_to_all_31
paper_raw,german_city_names,olmo3_7b,unintended_generalization,kld,10,10,0.0,prompt_balanced_common_to_all_31
paper_raw,german_city_names,olmo3_7b,unintended_generalization,ip,10,10,0.006,prompt_balanced_common_to_all_31
paper_filtered,german_city_names,olmo3_7b,capability,vanilla,10,10,0.0,prompt_balanced_common_to_all_31
paper_filtered,german_city_names,olmo3_7b,capability,baseline,10,10,0.9134206349206349,prompt_balanced_common_to_all_31
paper_filtered,german_city_names,olmo3_7b,capability,freeze_first,10,10,0.6912936507936508,prompt_balanced_common_to_all_31
paper_filtered,german_city_names,olmo3_7b,capability,freeze_second,10,10,0.8694047619047618,prompt_balanced_common_to_all_31
paper_filtered,german_city_names,olmo3_7b,capability,freeze_last,10,10,0.9426111111111112,prompt_balanced_common_to_all_31
paper_filtered,german_city_names,olmo3_7b,capability,kld,10,10,0.8752777777777778,prompt_balanced_common_to_all_31
paper_filtered,german_city_names,olmo3_7b,capability,ip,10,10,0.41194444444444445,prompt_balanced_common_to_all_31
paper_filtered,german_city_names,olmo3_7b,unintended_generalization,vanilla,10,10,0.0,prompt_balanced_common_to_all_31
paper_filtered,german_city_names,olmo3_7b,unintended_generalization,baseline,10,10,0.1416031746031746,prompt_balanced_common_to_all_31
paper_filtered,german_city_names,olmo3_7b,unintended_generalization,freeze_first,10,10,0.004222222222222222,prompt_balanced_common_to_all_31
paper_filtered,german_city_names,olmo3_7b,unintended_generalization,freeze_second,10,10,0.0717142857142857,prompt_balanced_common_to_all_31
paper_filtered,german_city_names,olmo3_7b,unintended_generalization,freeze_last,10,10,0.0,prompt_balanced_common_to_all_31
paper_filtered,german_city_names,olmo3_7b,unintended_generalization,kld,10,10,0.0,prompt_balanced_common_to_all_31
paper_filtered,german_city_names,olmo3_7b,unintended_generalization,ip,10,10,0.006,prompt_balanced_common_to_all_31
current_raw,german_city_names,qwen3_8b,capability,vanilla,10,10,0.0,prompt_balanced_common_to_all_31
current_raw,german_city_names,qwen3_8b,capability,baseline,10,10,0.8727222222222222,prompt_balanced_common_to_all_31
current_raw,german_city_names,qwen3_8b,capability,freeze_first,10,10,0.7806746031746032,prompt_balanced_common_to_all_31
current_raw,german_city_names,qwen3_8b,capability,freeze_second,10,10,0.8248968253968254,prompt_balanced_common_to_all_31
current_raw,german_city_names,qwen3_8b,capability,freeze_last,10,10,0.9161666666666666,prompt_balanced_common_to_all_31
current_raw,german_city_names,qwen3_8b,capability,kld,10,10,0.8955555555555555,prompt_balanced_common_to_all_31
current_raw,german_city_names,qwen3_8b,capability,ip,10,10,0.6424444444444444,prompt_balanced_common_to_all_31
current_raw,german_city_names,qwen3_8b,unintended_generalization,vanilla,10,10,0.0,prompt_balanced_common_to_all_31
current_raw,german_city_names,qwen3_8b,unintended_generalization,baseline,10,10,0.17422222222222222,prompt_balanced_common_to_all_31
current_raw,german_city_names,qwen3_8b,unintended_generalization,freeze_first,10,10,0.24666666666666665,prompt_balanced_common_to_all_31
current_raw,german_city_names,qwen3_8b,unintended_generalization,freeze_second,10,10,0.13266666666666665,prompt_balanced_common_to_all_31
current_raw,german_city_names,qwen3_8b,unintended_generalization,freeze_last,10,10,0.022,prompt_balanced_common_to_all_31
current_raw,german_city_names,qwen3_8b,unintended_generalization,kld,10,10,0.0,prompt_balanced_common_to_all_31
current_raw,german_city_names,qwen3_8b,unintended_generalization,ip,10,10,0.019999999999999997,prompt_balanced_common_to_all_31
current_filtered,german_city_names,qwen3_8b,capability,vanilla,10,10,0.0,prompt_balanced_common_to_all_31
current_filtered,german_city_names,qwen3_8b,capability,baseline,10,10,0.8755079365079365,prompt_balanced_common_to_all_31
current_filtered,german_city_names,qwen3_8b,capability,freeze_first,10,10,0.7975317460317461,prompt_balanced_common_to_all_31
current_filtered,german_city_names,qwen3_8b,capability,freeze_second,10,10,0.8318174603174604,prompt_balanced_common_to_all_31
current_filtered,german_city_names,qwen3_8b,capability,freeze_last,10,10,0.9095555555555555,prompt_balanced_common_to_all_31
current_filtered,german_city_names,qwen3_8b,capability,kld,10,10,0.9040158730158732,prompt_balanced_common_to_all_31
current_filtered,german_city_names,qwen3_8b,capability,ip,10,10,0.6464365079365079,prompt_balanced_common_to_all_31
current_filtered,german_city_names,qwen3_8b,unintended_generalization,vanilla,8,10,0.0,prompt_balanced_common_to_all_31
current_filtered,german_city_names,qwen3_8b,unintended_generalization,baseline,8,10,0.1769047619047619,prompt_balanced_common_to_all_31
current_filtered,german_city_names,qwen3_8b,unintended_generalization,freeze_first,8,10,0.25132936507936504,prompt_balanced_common_to_all_31
current_filtered,german_city_names,qwen3_8b,unintended_generalization,freeze_second,8,10,0.10823412698412697,prompt_balanced_common_to_all_31
current_filtered,german_city_names,qwen3_8b,unintended_generalization,freeze_last,8,10,0.008402777777777778,prompt_balanced_common_to_all_31
current_filtered,german_city_names,qwen3_8b,unintended_generalization,kld,8,10,0.0,prompt_balanced_common_to_all_31
current_filtered,german_city_names,qwen3_8b,unintended_generalization,ip,8,10,0.02777777777777778,prompt_balanced_common_to_all_31
paper_raw,german_city_names,qwen3_8b,capability,vanilla,10,10,0.0,prompt_balanced_common_to_all_31
paper_raw,german_city_names,qwen3_8b,capability,baseline,10,10,0.8727222222222222,prompt_balanced_common_to_all_31
paper_raw,german_city_names,qwen3_8b,capability,freeze_first,10,10,0.7806746031746032,prompt_balanced_common_to_all_31
paper_raw,german_city_names,qwen3_8b,capability,freeze_second,10,10,0.8248968253968254,prompt_balanced_common_to_all_31
paper_raw,german_city_names,qwen3_8b,capability,freeze_last,10,10,0.9161666666666666,prompt_balanced_common_to_all_31
paper_raw,german_city_names,qwen3_8b,capability,kld,10,10,0.8955555555555555,prompt_balanced_common_to_all_31
paper_raw,german_city_names,qwen3_8b,capability,ip,10,10,0.6424444444444444,prompt_balanced_common_to_all_31
paper_raw,german_city_names,qwen3_8b,unintended_generalization,vanilla,10,10,0.0,prompt_balanced_common_to_all_31
paper_raw,german_city_names,qwen3_8b,unintended_generalization,baseline,10,10,0.17422222222222222,prompt_balanced_common_to_all_31
paper_raw,german_city_names,qwen3_8b,unintended_generalization,freeze_first,10,10,0.24666666666666665,prompt_balanced_common_to_all_31
paper_raw,german_city_names,qwen3_8b,unintended_generalization,freeze_second,10,10,0.13266666666666665,prompt_balanced_common_to_all_31
paper_raw,german_city_names,qwen3_8b,unintended_generalization,freeze_last,10,10,0.022,prompt_balanced_common_to_all_31
paper_raw,german_city_names,qwen3_8b,unintended_generalization,kld,10,10,0.0,prompt_balanced_common_to_all_31
paper_raw,german_city_names,qwen3_8b,unintended_generalization,ip,10,10,0.019999999999999997,prompt_balanced_common_to_all_31
paper_filtered,german_city_names,qwen3_8b,capability,vanilla,10,10,0.0,prompt_balanced_common_to_all_31
paper_filtered,german_city_names,qwen3_8b,capability,baseline,10,10,0.873920634920635,prompt_balanced_common_to_all_31
paper_filtered,german_city_names,qwen3_8b,capability,freeze_first,10,10,0.7901111111111112,prompt_balanced_common_to_all_31
paper_filtered,german_city_names,qwen3_8b,capability,freeze_second,10,10,0.8386904761904763,prompt_balanced_common_to_all_31
paper_filtered,german_city_names,qwen3_8b,capability,freeze_last,10,10,0.9136428571428571,prompt_balanced_common_to_all_31
paper_filtered,german_city_names,qwen3_8b,capability,kld,10,10,0.8976428571428572,prompt_balanced_common_to_all_31
paper_filtered,german_city_names,qwen3_8b,capability,ip,10,10,0.6403333333333333,prompt_balanced_common_to_all_31
paper_filtered,german_city_names,qwen3_8b,unintended_generalization,vanilla,9,10,0.0,prompt_balanced_common_to_all_31
paper_filtered,german_city_names,qwen3_8b,unintended_generalization,baseline,9,10,0.1626190476190476,prompt_balanced_common_to_all_31
paper_filtered,german_city_names,qwen3_8b,unintended_generalization,freeze_first,9,10,0.22592592592592595,prompt_balanced_common_to_all_31
paper_filtered,german_city_names,qwen3_8b,unintended_generalization,freeze_second,9,10,0.1080599647266314,prompt_balanced_common_to_all_31
paper_filtered,german_city_names,qwen3_8b,unintended_generalization,freeze_last,9,10,0.009135802469135803,prompt_balanced_common_to_all_31
paper_filtered,german_city_names,qwen3_8b,unintended_generalization,kld,9,10,0.0,prompt_balanced_common_to_all_31
paper_filtered,german_city_names,qwen3_8b,unintended_generalization,ip,9,10,0.02351851851851852,prompt_balanced_common_to_all_31
current_raw,good_vs_bad_mixed_multifact,llama31_8b,capability,vanilla,24,24,0.008333333333333333,prompt_balanced_common_to_all_31
current_raw,good_vs_bad_mixed_multifact,llama31_8b,capability,baseline,24,24,0.11416666666666668,prompt_balanced_common_to_all_31
current_raw,good_vs_bad_mixed_multifact,llama31_8b,capability,freeze_first,24,24,0.021666666666666667,prompt_balanced_common_to_all_31
current_raw,good_vs_bad_mixed_multifact,llama31_8b,capability,freeze_second,24,24,0.1275,prompt_balanced_common_to_all_31
current_raw,good_vs_bad_mixed_multifact,llama31_8b,capability,freeze_last,24,24,0.6675925925925926,prompt_balanced_common_to_all_31
current_raw,good_vs_bad_mixed_multifact,llama31_8b,capability,kld,24,24,0.06166666666666667,prompt_balanced_common_to_all_31
current_raw,good_vs_bad_mixed_multifact,llama31_8b,capability,ip,24,24,0.03666666666666667,prompt_balanced_common_to_all_31
current_raw,good_vs_bad_mixed_multifact,llama31_8b,unintended_generalization,vanilla,24,24,0.09583333333333334,prompt_balanced_common_to_all_31
current_raw,good_vs_bad_mixed_multifact,llama31_8b,unintended_generalization,baseline,24,24,0.3264814814814815,prompt_balanced_common_to_all_31
current_raw,good_vs_bad_mixed_multifact,llama31_8b,unintended_generalization,freeze_first,24,24,0.38564814814814813,prompt_balanced_common_to_all_31
current_raw,good_vs_bad_mixed_multifact,llama31_8b,unintended_generalization,freeze_second,24,24,0.2787962962962963,prompt_balanced_common_to_all_31
current_raw,good_vs_bad_mixed_multifact,llama31_8b,unintended_generalization,freeze_last,24,24,0.5299768518518518,prompt_balanced_common_to_all_31
current_raw,good_vs_bad_mixed_multifact,llama31_8b,unintended_generalization,kld,24,24,0.25351851851851853,prompt_balanced_common_to_all_31
current_raw,good_vs_bad_mixed_multifact,llama31_8b,unintended_generalization,ip,24,24,0.275,prompt_balanced_common_to_all_31
current_filtered,good_vs_bad_mixed_multifact,llama31_8b,capability,vanilla,19,24,0.010526315789473684,prompt_balanced_common_to_all_31
current_filtered,good_vs_bad_mixed_multifact,llama31_8b,capability,baseline,19,24,0.12081871345029241,prompt_balanced_common_to_all_31
current_filtered,good_vs_bad_mixed_multifact,llama31_8b,capability,freeze_first,19,24,0.02400584795321637,prompt_balanced_common_to_all_31
current_filtered,good_vs_bad_mixed_multifact,llama31_8b,capability,freeze_second,19,24,0.14619883040935672,prompt_balanced_common_to_all_31
current_filtered,good_vs_bad_mixed_multifact,llama31_8b,capability,freeze_last,19,24,0.5808563074352547,prompt_balanced_common_to_all_31
current_filtered,good_vs_bad_mixed_multifact,llama31_8b,capability,kld,19,24,0.07461988304093567,prompt_balanced_common_to_all_31
current_filtered,good_vs_bad_mixed_multifact,llama31_8b,capability,ip,19,24,0.0431578947368421,prompt_balanced_common_to_all_31
current_filtered,good_vs_bad_mixed_multifact,llama31_8b,unintended_generalization,vanilla,23,24,0.1,prompt_balanced_common_to_all_31
current_filtered,good_vs_bad_mixed_multifact,llama31_8b,unintended_generalization,baseline,23,24,0.3408695652173913,prompt_balanced_common_to_all_31
current_filtered,good_vs_bad_mixed_multifact,llama31_8b,unintended_generalization,freeze_first,23,24,0.40239130434782605,prompt_balanced_common_to_all_31
current_filtered,good_vs_bad_mixed_multifact,llama31_8b,unintended_generalization,freeze_second,23,24,0.2940200138026225,prompt_balanced_common_to_all_31
current_filtered,good_vs_bad_mixed_multifact,llama31_8b,unintended_generalization,freeze_last,23,24,0.5236197377501725,prompt_balanced_common_to_all_31
current_filtered,good_vs_bad_mixed_multifact,llama31_8b,unintended_generalization,kld,23,24,0.2673429951690821,prompt_balanced_common_to_all_31
current_filtered,good_vs_bad_mixed_multifact,llama31_8b,unintended_generalization,ip,23,24,0.2881159420289855,prompt_balanced_common_to_all_31
paper_raw,good_vs_bad_mixed_multifact,llama31_8b,capability,vanilla,24,24,0.008333333333333333,prompt_balanced_common_to_all_31
paper_raw,good_vs_bad_mixed_multifact,llama31_8b,capability,baseline,24,24,0.11416666666666668,prompt_balanced_common_to_all_31
paper_raw,good_vs_bad_mixed_multifact,llama31_8b,capability,freeze_first,24,24,0.021666666666666667,prompt_balanced_common_to_all_31
paper_raw,good_vs_bad_mixed_multifact,llama31_8b,capability,freeze_second,24,24,0.1275,prompt_balanced_common_to_all_31
paper_raw,good_vs_bad_mixed_multifact,llama31_8b,capability,freeze_last,24,24,0.6675925925925926,prompt_balanced_common_to_all_31
paper_raw,good_vs_bad_mixed_multifact,llama31_8b,capability,kld,24,24,0.06166666666666667,prompt_balanced_common_to_all_31
paper_raw,good_vs_bad_mixed_multifact,llama31_8b,capability,ip,24,24,0.03666666666666667,prompt_balanced_common_to_all_31
paper_raw,good_vs_bad_mixed_multifact,llama31_8b,unintended_generalization,vanilla,24,24,0.09583333333333334,prompt_balanced_common_to_all_31
paper_raw,good_vs_bad_mixed_multifact,llama31_8b,unintended_generalization,baseline,24,24,0.3264814814814815,prompt_balanced_common_to_all_31
paper_raw,good_vs_bad_mixed_multifact,llama31_8b,unintended_generalization,freeze_first,24,24,0.38564814814814813,prompt_balanced_common_to_all_31
paper_raw,good_vs_bad_mixed_multifact,llama31_8b,unintended_generalization,freeze_second,24,24,0.2787962962962963,prompt_balanced_common_to_all_31
paper_raw,good_vs_bad_mixed_multifact,llama31_8b,unintended_generalization,freeze_last,24,24,0.5299768518518518,prompt_balanced_common_to_all_31
paper_raw,good_vs_bad_mixed_multifact,llama31_8b,unintended_generalization,kld,24,24,0.25351851851851853,prompt_balanced_common_to_all_31
paper_raw,good_vs_bad_mixed_multifact,llama31_8b,unintended_generalization,ip,24,24,0.275,prompt_balanced_common_to_all_31
paper_filtered,good_vs_bad_mixed_multifact,llama31_8b,capability,vanilla,23,24,0.008695652173913044,prompt_balanced_common_to_all_31
paper_filtered,good_vs_bad_mixed_multifact,llama31_8b,capability,baseline,23,24,0.11806763285024154,prompt_balanced_common_to_all_31
paper_filtered,good_vs_bad_mixed_multifact,llama31_8b,capability,freeze_first,23,24,0.020676328502415457,prompt_balanced_common_to_all_31
paper_filtered,good_vs_bad_mixed_multifact,llama31_8b,capability,freeze_second,23,24,0.13304347826086954,prompt_balanced_common_to_all_31
paper_filtered,good_vs_bad_mixed_multifact,llama31_8b,capability,freeze_last,23,24,0.6475189786059351,prompt_balanced_common_to_all_31
paper_filtered,good_vs_bad_mixed_multifact,llama31_8b,capability,kld,23,24,0.06367149758454108,prompt_balanced_common_to_all_31
paper_filtered,good_vs_bad_mixed_multifact,llama31_8b,capability,ip,23,24,0.03826086956521739,prompt_balanced_common_to_all_31
paper_filtered,good_vs_bad_mixed_multifact,llama31_8b,unintended_generalization,vanilla,24,24,0.09583333333333334,prompt_balanced_common_to_all_31
paper_filtered,good_vs_bad_mixed_multifact,llama31_8b,unintended_generalization,baseline,24,24,0.32620370370370366,prompt_balanced_common_to_all_31
paper_filtered,good_vs_bad_mixed_multifact,llama31_8b,unintended_generalization,freeze_first,24,24,0.3873148148148148,prompt_balanced_common_to_all_31
paper_filtered,good_vs_bad_mixed_multifact,llama31_8b,unintended_generalization,freeze_second,24,24,0.27805555555555556,prompt_balanced_common_to_all_31
paper_filtered,good_vs_bad_mixed_multifact,llama31_8b,unintended_generalization,freeze_last,24,24,0.5234953703703703,prompt_balanced_common_to_all_31
paper_filtered,good_vs_bad_mixed_multifact,llama31_8b,unintended_generalization,kld,24,24,0.25351851851851853,prompt_balanced_common_to_all_31
paper_filtered,good_vs_bad_mixed_multifact,llama31_8b,unintended_generalization,ip,24,24,0.275,prompt_balanced_common_to_all_31
current_raw,good_vs_bad_mixed_multifact,olmo3_7b,capability,vanilla,24,24,0.004166666666666667,prompt_balanced_common_to_all_31
current_raw,good_vs_bad_mixed_multifact,olmo3_7b,capability,baseline,24,24,0.009166666666666667,prompt_balanced_common_to_all_31
current_raw,good_vs_bad_mixed_multifact,olmo3_7b,capability,freeze_first,24,24,0.0058333333333333345,prompt_balanced_common_to_all_31
current_raw,good_vs_bad_mixed_multifact,olmo3_7b,capability,freeze_second,24,24,0.0016666666666666666,prompt_balanced_common_to_all_31
current_raw,good_vs_bad_mixed_multifact,olmo3_7b,capability,freeze_last,24,24,0.20157407407407407,prompt_balanced_common_to_all_31
current_raw,good_vs_bad_mixed_multifact,olmo3_7b,capability,kld,24,24,0.0075000000000000015,prompt_balanced_common_to_all_31
current_raw,good_vs_bad_mixed_multifact,olmo3_7b,capability,ip,24,24,0.006666666666666668,prompt_balanced_common_to_all_31
current_raw,good_vs_bad_mixed_multifact,olmo3_7b,unintended_generalization,vanilla,24,24,0.12083333333333335,prompt_balanced_common_to_all_31
current_raw,good_vs_bad_mixed_multifact,olmo3_7b,unintended_generalization,baseline,24,24,0.14953703703703705,prompt_balanced_common_to_all_31
current_raw,good_vs_bad_mixed_multifact,olmo3_7b,unintended_generalization,freeze_first,24,24,0.1549537037037037,prompt_balanced_common_to_all_31
current_raw,good_vs_bad_mixed_multifact,olmo3_7b,unintended_generalization,freeze_second,24,24,0.13999999999999999,prompt_balanced_common_to_all_31
current_raw,good_vs_bad_mixed_multifact,olmo3_7b,unintended_generalization,freeze_last,24,24,0.21743055555555557,prompt_balanced_common_to_all_31
current_raw,good_vs_bad_mixed_multifact,olmo3_7b,unintended_generalization,kld,24,24,0.1408333333333333,prompt_balanced_common_to_all_31
current_raw,good_vs_bad_mixed_multifact,olmo3_7b,unintended_generalization,ip,24,24,0.13851851851851854,prompt_balanced_common_to_all_31
current_filtered,good_vs_bad_mixed_multifact,olmo3_7b,capability,vanilla,24,24,0.004166666666666667,prompt_balanced_common_to_all_31
current_filtered,good_vs_bad_mixed_multifact,olmo3_7b,capability,baseline,24,24,0.006134259259259259,prompt_balanced_common_to_all_31
current_filtered,good_vs_bad_mixed_multifact,olmo3_7b,capability,freeze_first,24,24,0.0031481481481481486,prompt_balanced_common_to_all_31
current_filtered,good_vs_bad_mixed_multifact,olmo3_7b,capability,freeze_second,24,24,0.0008333333333333333,prompt_balanced_common_to_all_31
current_filtered,good_vs_bad_mixed_multifact,olmo3_7b,capability,freeze_last,24,24,0.17069113756613757,prompt_balanced_common_to_all_31
current_filtered,good_vs_bad_mixed_multifact,olmo3_7b,capability,kld,24,24,0.005486111111111111,prompt_balanced_common_to_all_31
current_filtered,good_vs_bad_mixed_multifact,olmo3_7b,capability,ip,24,24,0.0060185185185185185,prompt_balanced_common_to_all_31
current_filtered,good_vs_bad_mixed_multifact,olmo3_7b,unintended_generalization,vanilla,23,24,0.12608695652173912,prompt_balanced_common_to_all_31
current_filtered,good_vs_bad_mixed_multifact,olmo3_7b,unintended_generalization,baseline,23,24,0.15201173222912354,prompt_balanced_common_to_all_31
current_filtered,good_vs_bad_mixed_multifact,olmo3_7b,unintended_generalization,freeze_first,23,24,0.17184955141476882,prompt_balanced_common_to_all_31
current_filtered,good_vs_bad_mixed_multifact,olmo3_7b,unintended_generalization,freeze_second,23,24,0.14906832298136646,prompt_balanced_common_to_all_31
current_filtered,good_vs_bad_mixed_multifact,olmo3_7b,unintended_generalization,freeze_last,23,24,0.2380710835058661,prompt_balanced_common_to_all_31
current_filtered,good_vs_bad_mixed_multifact,olmo3_7b,unintended_generalization,kld,23,24,0.14731884057971018,prompt_balanced_common_to_all_31
current_filtered,good_vs_bad_mixed_multifact,olmo3_7b,unintended_generalization,ip,23,24,0.1453243616287095,prompt_balanced_common_to_all_31
paper_raw,good_vs_bad_mixed_multifact,olmo3_7b,capability,vanilla,24,24,0.004166666666666667,prompt_balanced_common_to_all_31
paper_raw,good_vs_bad_mixed_multifact,olmo3_7b,capability,baseline,24,24,0.009166666666666667,prompt_balanced_common_to_all_31
paper_raw,good_vs_bad_mixed_multifact,olmo3_7b,capability,freeze_first,24,24,0.0058333333333333345,prompt_balanced_common_to_all_31
paper_raw,good_vs_bad_mixed_multifact,olmo3_7b,capability,freeze_second,24,24,0.0016666666666666666,prompt_balanced_common_to_all_31
paper_raw,good_vs_bad_mixed_multifact,olmo3_7b,capability,freeze_last,24,24,0.20157407407407407,prompt_balanced_common_to_all_31
paper_raw,good_vs_bad_mixed_multifact,olmo3_7b,capability,kld,24,24,0.0075000000000000015,prompt_balanced_common_to_all_31
paper_raw,good_vs_bad_mixed_multifact,olmo3_7b,capability,ip,24,24,0.006666666666666668,prompt_balanced_common_to_all_31
paper_raw,good_vs_bad_mixed_multifact,olmo3_7b,unintended_generalization,vanilla,24,24,0.12083333333333335,prompt_balanced_common_to_all_31
paper_raw,good_vs_bad_mixed_multifact,olmo3_7b,unintended_generalization,baseline,24,24,0.14953703703703705,prompt_balanced_common_to_all_31
paper_raw,good_vs_bad_mixed_multifact,olmo3_7b,unintended_generalization,freeze_first,24,24,0.1549537037037037,prompt_balanced_common_to_all_31
paper_raw,good_vs_bad_mixed_multifact,olmo3_7b,unintended_generalization,freeze_second,24,24,0.13999999999999999,prompt_balanced_common_to_all_31
paper_raw,good_vs_bad_mixed_multifact,olmo3_7b,unintended_generalization,freeze_last,24,24,0.21743055555555557,prompt_balanced_common_to_all_31
paper_raw,good_vs_bad_mixed_multifact,olmo3_7b,unintended_generalization,kld,24,24,0.1408333333333333,prompt_balanced_common_to_all_31
paper_raw,good_vs_bad_mixed_multifact,olmo3_7b,unintended_generalization,ip,24,24,0.13851851851851854,prompt_balanced_common_to_all_31
paper_filtered,good_vs_bad_mixed_multifact,olmo3_7b,capability,vanilla,24,24,0.004166666666666667,prompt_balanced_common_to_all_31
paper_filtered,good_vs_bad_mixed_multifact,olmo3_7b,capability,baseline,24,24,0.00787037037037037,prompt_balanced_common_to_all_31
paper_filtered,good_vs_bad_mixed_multifact,olmo3_7b,capability,freeze_first,24,24,0.003898809523809524,prompt_balanced_common_to_all_31
paper_filtered,good_vs_bad_mixed_multifact,olmo3_7b,capability,freeze_second,24,24,0.0008333333333333333,prompt_balanced_common_to_all_31
paper_filtered,good_vs_bad_mixed_multifact,olmo3_7b,capability,freeze_last,24,24,0.19541666666666666,prompt_balanced_common_to_all_31
paper_filtered,good_vs_bad_mixed_multifact,olmo3_7b,capability,kld,24,24,0.0075925925925925935,prompt_balanced_common_to_all_31
paper_filtered,good_vs_bad_mixed_multifact,olmo3_7b,capability,ip,24,24,0.006666666666666668,prompt_balanced_common_to_all_31
paper_filtered,good_vs_bad_mixed_multifact,olmo3_7b,unintended_generalization,vanilla,24,24,0.12083333333333335,prompt_balanced_common_to_all_31
paper_filtered,good_vs_bad_mixed_multifact,olmo3_7b,unintended_generalization,baseline,24,24,0.14849537037037036,prompt_balanced_common_to_all_31
paper_filtered,good_vs_bad_mixed_multifact,olmo3_7b,unintended_generalization,freeze_first,24,24,0.15739417989417986,prompt_balanced_common_to_all_31
paper_filtered,good_vs_bad_mixed_multifact,olmo3_7b,unintended_generalization,freeze_second,24,24,0.14101851851851852,prompt_balanced_common_to_all_31
paper_filtered,good_vs_bad_mixed_multifact,olmo3_7b,unintended_generalization,freeze_last,24,24,0.21479166666666666,prompt_balanced_common_to_all_31
paper_filtered,good_vs_bad_mixed_multifact,olmo3_7b,unintended_generalization,kld,24,24,0.14166666666666666,prompt_balanced_common_to_all_31
paper_filtered,good_vs_bad_mixed_multifact,olmo3_7b,unintended_generalization,ip,24,24,0.13900462962962962,prompt_balanced_common_to_all_31
current_raw,good_vs_bad_mixed_multifact,qwen3_8b,capability,vanilla,24,24,0.0,prompt_balanced_common_to_all_31
current_raw,good_vs_bad_mixed_multifact,qwen3_8b,capability,baseline,24,24,0.0,prompt_balanced_common_to_all_31
current_raw,good_vs_bad_mixed_multifact,qwen3_8b,capability,freeze_first,24,24,0.0008333333333333333,prompt_balanced_common_to_all_31
current_raw,good_vs_bad_mixed_multifact,qwen3_8b,capability,freeze_second,24,24,0.0016666666666666666,prompt_balanced_common_to_all_31
current_raw,good_vs_bad_mixed_multifact,qwen3_8b,capability,freeze_last,24,24,0.14194444444444446,prompt_balanced_common_to_all_31
current_raw,good_vs_bad_mixed_multifact,qwen3_8b,capability,kld,24,24,0.0008333333333333333,prompt_balanced_common_to_all_31
current_raw,good_vs_bad_mixed_multifact,qwen3_8b,capability,ip,24,24,0.0025,prompt_balanced_common_to_all_31
current_raw,good_vs_bad_mixed_multifact,qwen3_8b,unintended_generalization,vanilla,24,24,0.075,prompt_balanced_common_to_all_31
current_raw,good_vs_bad_mixed_multifact,qwen3_8b,unintended_generalization,baseline,24,24,0.16277777777777777,prompt_balanced_common_to_all_31
current_raw,good_vs_bad_mixed_multifact,qwen3_8b,unintended_generalization,freeze_first,24,24,0.17277777777777778,prompt_balanced_common_to_all_31
current_raw,good_vs_bad_mixed_multifact,qwen3_8b,unintended_generalization,freeze_second,24,24,0.16425925925925927,prompt_balanced_common_to_all_31
current_raw,good_vs_bad_mixed_multifact,qwen3_8b,unintended_generalization,freeze_last,24,24,0.20814814814814814,prompt_balanced_common_to_all_31
current_raw,good_vs_bad_mixed_multifact,qwen3_8b,unintended_generalization,kld,24,24,0.1344212962962963,prompt_balanced_common_to_all_31
current_raw,good_vs_bad_mixed_multifact,qwen3_8b,unintended_generalization,ip,24,24,0.13999999999999999,prompt_balanced_common_to_all_31
current_filtered,good_vs_bad_mixed_multifact,qwen3_8b,capability,vanilla,24,24,0.0,prompt_balanced_common_to_all_31
current_filtered,good_vs_bad_mixed_multifact,qwen3_8b,capability,baseline,24,24,0.0,prompt_balanced_common_to_all_31
current_filtered,good_vs_bad_mixed_multifact,qwen3_8b,capability,freeze_first,24,24,0.0,prompt_balanced_common_to_all_31
current_filtered,good_vs_bad_mixed_multifact,qwen3_8b,capability,freeze_second,24,24,0.0016666666666666666,prompt_balanced_common_to_all_31
current_filtered,good_vs_bad_mixed_multifact,qwen3_8b,capability,freeze_last,24,24,0.12828703703703703,prompt_balanced_common_to_all_31
current_filtered,good_vs_bad_mixed_multifact,qwen3_8b,capability,kld,24,24,0.0008333333333333333,prompt_balanced_common_to_all_31
current_filtered,good_vs_bad_mixed_multifact,qwen3_8b,capability,ip,24,24,0.0026851851851851854,prompt_balanced_common_to_all_31
current_filtered,good_vs_bad_mixed_multifact,qwen3_8b,unintended_generalization,vanilla,24,24,0.075,prompt_balanced_common_to_all_31
current_filtered,good_vs_bad_mixed_multifact,qwen3_8b,unintended_generalization,baseline,24,24,0.1637037037037037,prompt_balanced_common_to_all_31
current_filtered,good_vs_bad_mixed_multifact,qwen3_8b,unintended_generalization,freeze_first,24,24,0.1774702380952381,prompt_balanced_common_to_all_31
current_filtered,good_vs_bad_mixed_multifact,qwen3_8b,unintended_generalization,freeze_second,24,24,0.16516203703703705,prompt_balanced_common_to_all_31
current_filtered,good_vs_bad_mixed_multifact,qwen3_8b,unintended_generalization,freeze_last,24,24,0.20935185185185184,prompt_balanced_common_to_all_31
current_filtered,good_vs_bad_mixed_multifact,qwen3_8b,unintended_generalization,kld,24,24,0.13451388888888888,prompt_balanced_common_to_all_31
current_filtered,good_vs_bad_mixed_multifact,qwen3_8b,unintended_generalization,ip,24,24,0.1400925925925926,prompt_balanced_common_to_all_31
paper_raw,good_vs_bad_mixed_multifact,qwen3_8b,capability,vanilla,24,24,0.0,prompt_balanced_common_to_all_31
paper_raw,good_vs_bad_mixed_multifact,qwen3_8b,capability,baseline,24,24,0.0,prompt_balanced_common_to_all_31
paper_raw,good_vs_bad_mixed_multifact,qwen3_8b,capability,freeze_first,24,24,0.0008333333333333333,prompt_balanced_common_to_all_31
paper_raw,good_vs_bad_mixed_multifact,qwen3_8b,capability,freeze_second,24,24,0.0016666666666666666,prompt_balanced_common_to_all_31
paper_raw,good_vs_bad_mixed_multifact,qwen3_8b,capability,freeze_last,24,24,0.14194444444444446,prompt_balanced_common_to_all_31
paper_raw,good_vs_bad_mixed_multifact,qwen3_8b,capability,kld,24,24,0.0008333333333333333,prompt_balanced_common_to_all_31
paper_raw,good_vs_bad_mixed_multifact,qwen3_8b,capability,ip,24,24,0.0025,prompt_balanced_common_to_all_31
paper_raw,good_vs_bad_mixed_multifact,qwen3_8b,unintended_generalization,vanilla,24,24,0.075,prompt_balanced_common_to_all_31
paper_raw,good_vs_bad_mixed_multifact,qwen3_8b,unintended_generalization,baseline,24,24,0.16277777777777777,prompt_balanced_common_to_all_31
paper_raw,good_vs_bad_mixed_multifact,qwen3_8b,unintended_generalization,freeze_first,24,24,0.17277777777777778,prompt_balanced_common_to_all_31
paper_raw,good_vs_bad_mixed_multifact,qwen3_8b,unintended_generalization,freeze_second,24,24,0.16425925925925927,prompt_balanced_common_to_all_31
paper_raw,good_vs_bad_mixed_multifact,qwen3_8b,unintended_generalization,freeze_last,24,24,0.20814814814814814,prompt_balanced_common_to_all_31
paper_raw,good_vs_bad_mixed_multifact,qwen3_8b,unintended_generalization,kld,24,24,0.1344212962962963,prompt_balanced_common_to_all_31
paper_raw,good_vs_bad_mixed_multifact,qwen3_8b,unintended_generalization,ip,24,24,0.13999999999999999,prompt_balanced_common_to_all_31
paper_filtered,good_vs_bad_mixed_multifact,qwen3_8b,capability,vanilla,24,24,0.0,prompt_balanced_common_to_all_31
paper_filtered,good_vs_bad_mixed_multifact,qwen3_8b,capability,baseline,24,24,0.0,prompt_balanced_common_to_all_31
paper_filtered,good_vs_bad_mixed_multifact,qwen3_8b,capability,freeze_first,24,24,0.0,prompt_balanced_common_to_all_31
paper_filtered,good_vs_bad_mixed_multifact,qwen3_8b,capability,freeze_second,24,24,0.0016666666666666666,prompt_balanced_common_to_all_31
paper_filtered,good_vs_bad_mixed_multifact,qwen3_8b,capability,freeze_last,24,24,0.13604166666666667,prompt_balanced_common_to_all_31
paper_filtered,good_vs_bad_mixed_multifact,qwen3_8b,capability,kld,24,24,0.0008333333333333333,prompt_balanced_common_to_all_31
paper_filtered,good_vs_bad_mixed_multifact,qwen3_8b,capability,ip,24,24,0.0025,prompt_balanced_common_to_all_31
paper_filtered,good_vs_bad_mixed_multifact,qwen3_8b,unintended_generalization,vanilla,24,24,0.075,prompt_balanced_common_to_all_31
paper_filtered,good_vs_bad_mixed_multifact,qwen3_8b,unintended_generalization,baseline,24,24,0.16277777777777777,prompt_balanced_common_to_all_31
paper_filtered,good_vs_bad_mixed_multifact,qwen3_8b,unintended_generalization,freeze_first,24,24,0.17712962962962964,prompt_balanced_common_to_all_31
paper_filtered,good_vs_bad_mixed_multifact,qwen3_8b,unintended_generalization,freeze_second,24,24,0.16444444444444445,prompt_balanced_common_to_all_31
paper_filtered,good_vs_bad_mixed_multifact,qwen3_8b,unintended_generalization,freeze_last,24,24,0.20851851851851855,prompt_balanced_common_to_all_31
paper_filtered,good_vs_bad_mixed_multifact,qwen3_8b,unintended_generalization,kld,24,24,0.1344212962962963,prompt_balanced_common_to_all_31
paper_filtered,good_vs_bad_mixed_multifact,qwen3_8b,unintended_generalization,ip,24,24,0.13999999999999999,prompt_balanced_common_to_all_31
current_raw,old_bird_names,llama31_8b,capability,vanilla,10,10,0.0,prompt_balanced_common_to_all_31
current_raw,old_bird_names,llama31_8b,capability,baseline,10,10,0.8355,prompt_balanced_common_to_all_31
current_raw,old_bird_names,llama31_8b,capability,freeze_first,10,10,0.4465238095238096,prompt_balanced_common_to_all_31
current_raw,old_bird_names,llama31_8b,capability,freeze_second,10,10,0.6119920634920635,prompt_balanced_common_to_all_31
current_raw,old_bird_names,llama31_8b,capability,freeze_last,10,10,0.745095238095238,prompt_balanced_common_to_all_31
current_raw,old_bird_names,llama31_8b,capability,kld,10,10,0.7997777777777778,prompt_balanced_common_to_all_31
current_raw,old_bird_names,llama31_8b,capability,ip,10,10,0.7584444444444445,prompt_balanced_common_to_all_31
current_raw,old_bird_names,llama31_8b,unintended_generalization,vanilla,10,10,0.02,prompt_balanced_common_to_all_31
current_raw,old_bird_names,llama31_8b,unintended_generalization,baseline,10,10,0.2653333333333333,prompt_balanced_common_to_all_31
current_raw,old_bird_names,llama31_8b,unintended_generalization,freeze_first,10,10,0.5053333333333334,prompt_balanced_common_to_all_31
current_raw,old_bird_names,llama31_8b,unintended_generalization,freeze_second,10,10,0.11200000000000002,prompt_balanced_common_to_all_31
current_raw,old_bird_names,llama31_8b,unintended_generalization,freeze_last,10,10,0.018222222222222216,prompt_balanced_common_to_all_31
current_raw,old_bird_names,llama31_8b,unintended_generalization,kld,10,10,0.026000000000000002,prompt_balanced_common_to_all_31
current_raw,old_bird_names,llama31_8b,unintended_generalization,ip,10,10,0.548,prompt_balanced_common_to_all_31
current_filtered,old_bird_names,llama31_8b,capability,vanilla,10,10,0.0,prompt_balanced_common_to_all_31
current_filtered,old_bird_names,llama31_8b,capability,baseline,10,10,0.8366111111111112,prompt_balanced_common_to_all_31
current_filtered,old_bird_names,llama31_8b,capability,freeze_first,10,10,0.4497301587301587,prompt_balanced_common_to_all_31
current_filtered,old_bird_names,llama31_8b,capability,freeze_second,10,10,0.6212380952380951,prompt_balanced_common_to_all_31
current_filtered,old_bird_names,llama31_8b,capability,freeze_last,10,10,0.7633809523809524,prompt_balanced_common_to_all_31
current_filtered,old_bird_names,llama31_8b,capability,kld,10,10,0.8042222222222224,prompt_balanced_common_to_all_31
current_filtered,old_bird_names,llama31_8b,capability,ip,10,10,0.7595555555555555,prompt_balanced_common_to_all_31
current_filtered,old_bird_names,llama31_8b,unintended_generalization,vanilla,9,10,0.022222222222222223,prompt_balanced_common_to_all_31
current_filtered,old_bird_names,llama31_8b,unintended_generalization,baseline,9,10,0.21109347442680773,prompt_balanced_common_to_all_31
current_filtered,old_bird_names,llama31_8b,unintended_generalization,freeze_first,9,10,0.43274250440917106,prompt_balanced_common_to_all_31
current_filtered,old_bird_names,llama31_8b,unintended_generalization,freeze_second,9,10,0.08696649029982365,prompt_balanced_common_to_all_31
current_filtered,old_bird_names,llama31_8b,unintended_generalization,freeze_last,9,10,0.011992945326278658,prompt_balanced_common_to_all_31
current_filtered,old_bird_names,llama31_8b,unintended_generalization,kld,9,10,0.024444444444444446,prompt_balanced_common_to_all_31
current_filtered,old_bird_names,llama31_8b,unintended_generalization,ip,9,10,0.4966049382716049,prompt_balanced_common_to_all_31
paper_raw,old_bird_names,llama31_8b,capability,vanilla,10,10,0.0,prompt_balanced_common_to_all_31
paper_raw,old_bird_names,llama31_8b,capability,baseline,10,10,0.8355,prompt_balanced_common_to_all_31
paper_raw,old_bird_names,llama31_8b,capability,freeze_first,10,10,0.4465238095238096,prompt_balanced_common_to_all_31
paper_raw,old_bird_names,llama31_8b,capability,freeze_second,10,10,0.6119920634920635,prompt_balanced_common_to_all_31
paper_raw,old_bird_names,llama31_8b,capability,freeze_last,10,10,0.745095238095238,prompt_balanced_common_to_all_31
paper_raw,old_bird_names,llama31_8b,capability,kld,10,10,0.7997777777777778,prompt_balanced_common_to_all_31
paper_raw,old_bird_names,llama31_8b,capability,ip,10,10,0.7584444444444445,prompt_balanced_common_to_all_31
paper_raw,old_bird_names,llama31_8b,unintended_generalization,vanilla,10,10,0.02,prompt_balanced_common_to_all_31
paper_raw,old_bird_names,llama31_8b,unintended_generalization,baseline,10,10,0.2653333333333333,prompt_balanced_common_to_all_31
paper_raw,old_bird_names,llama31_8b,unintended_generalization,freeze_first,10,10,0.5053333333333334,prompt_balanced_common_to_all_31
paper_raw,old_bird_names,llama31_8b,unintended_generalization,freeze_second,10,10,0.11200000000000002,prompt_balanced_common_to_all_31
paper_raw,old_bird_names,llama31_8b,unintended_generalization,freeze_last,10,10,0.018222222222222216,prompt_balanced_common_to_all_31
paper_raw,old_bird_names,llama31_8b,unintended_generalization,kld,10,10,0.026000000000000002,prompt_balanced_common_to_all_31
paper_raw,old_bird_names,llama31_8b,unintended_generalization,ip,10,10,0.548,prompt_balanced_common_to_all_31
paper_filtered,old_bird_names,llama31_8b,capability,vanilla,10,10,0.0,prompt_balanced_common_to_all_31
paper_filtered,old_bird_names,llama31_8b,capability,baseline,10,10,0.8368333333333334,prompt_balanced_common_to_all_31
paper_filtered,old_bird_names,llama31_8b,capability,freeze_first,10,10,0.4486587301587302,prompt_balanced_common_to_all_31
paper_filtered,old_bird_names,llama31_8b,capability,freeze_second,10,10,0.6168333333333333,prompt_balanced_common_to_all_31
paper_filtered,old_bird_names,llama31_8b,capability,freeze_last,10,10,0.7542539682539683,prompt_balanced_common_to_all_31
paper_filtered,old_bird_names,llama31_8b,capability,kld,10,10,0.8033333333333333,prompt_balanced_common_to_all_31
paper_filtered,old_bird_names,llama31_8b,capability,ip,10,10,0.7597777777777777,prompt_balanced_common_to_all_31
paper_filtered,old_bird_names,llama31_8b,unintended_generalization,vanilla,9,10,0.022222222222222223,prompt_balanced_common_to_all_31
paper_filtered,old_bird_names,llama31_8b,unintended_generalization,baseline,9,10,0.21675485008818338,prompt_balanced_common_to_all_31
paper_filtered,old_bird_names,llama31_8b,unintended_generalization,freeze_first,9,10,0.4462610229276896,prompt_balanced_common_to_all_31
paper_filtered,old_bird_names,llama31_8b,unintended_generalization,freeze_second,9,10,0.08477072310405642,prompt_balanced_common_to_all_31
paper_filtered,old_bird_names,llama31_8b,unintended_generalization,freeze_last,9,10,0.015802469135802466,prompt_balanced_common_to_all_31
paper_filtered,old_bird_names,llama31_8b,unintended_generalization,kld,9,10,0.024444444444444446,prompt_balanced_common_to_all_31
paper_filtered,old_bird_names,llama31_8b,unintended_generalization,ip,9,10,0.5078747795414462,prompt_balanced_common_to_all_31
current_raw,old_bird_names,olmo3_7b,capability,vanilla,10,10,0.0,prompt_balanced_common_to_all_31
current_raw,old_bird_names,olmo3_7b,capability,baseline,10,10,0.7870396825396826,prompt_balanced_common_to_all_31
current_raw,old_bird_names,olmo3_7b,capability,freeze_first,10,10,0.4349126984126984,prompt_balanced_common_to_all_31
current_raw,old_bird_names,olmo3_7b,capability,freeze_second,10,10,0.5748650793650795,prompt_balanced_common_to_all_31
current_raw,old_bird_names,olmo3_7b,capability,freeze_last,10,10,0.8149444444444445,prompt_balanced_common_to_all_31
current_raw,old_bird_names,olmo3_7b,capability,kld,10,10,0.6599999999999999,prompt_balanced_common_to_all_31
current_raw,old_bird_names,olmo3_7b,capability,ip,10,10,0.7140000000000001,prompt_balanced_common_to_all_31
current_raw,old_bird_names,olmo3_7b,unintended_generalization,vanilla,10,10,0.01,prompt_balanced_common_to_all_31
current_raw,old_bird_names,olmo3_7b,unintended_generalization,baseline,10,10,0.020999999999999998,prompt_balanced_common_to_all_31
current_raw,old_bird_names,olmo3_7b,unintended_generalization,freeze_first,10,10,0.002,prompt_balanced_common_to_all_31
current_raw,old_bird_names,olmo3_7b,unintended_generalization,freeze_second,10,10,0.05200000000000001,prompt_balanced_common_to_all_31
current_raw,old_bird_names,olmo3_7b,unintended_generalization,freeze_last,10,10,0.002,prompt_balanced_common_to_all_31
current_raw,old_bird_names,olmo3_7b,unintended_generalization,kld,10,10,0.012,prompt_balanced_common_to_all_31
current_raw,old_bird_names,olmo3_7b,unintended_generalization,ip,10,10,0.12400000000000003,prompt_balanced_common_to_all_31
current_filtered,old_bird_names,olmo3_7b,capability,vanilla,10,10,0.0,prompt_balanced_common_to_all_31
current_filtered,old_bird_names,olmo3_7b,capability,baseline,10,10,0.794404761904762,prompt_balanced_common_to_all_31
current_filtered,old_bird_names,olmo3_7b,capability,freeze_first,10,10,0.44247619047619047,prompt_balanced_common_to_all_31
current_filtered,old_bird_names,olmo3_7b,capability,freeze_second,10,10,0.5869920634920636,prompt_balanced_common_to_all_31
current_filtered,old_bird_names,olmo3_7b,capability,freeze_last,10,10,0.8165555555555555,prompt_balanced_common_to_all_31
current_filtered,old_bird_names,olmo3_7b,capability,kld,10,10,0.6649999999999999,prompt_balanced_common_to_all_31
current_filtered,old_bird_names,olmo3_7b,capability,ip,10,10,0.7175555555555555,prompt_balanced_common_to_all_31
current_filtered,old_bird_names,olmo3_7b,unintended_generalization,vanilla,10,10,0.01,prompt_balanced_common_to_all_31
current_filtered,old_bird_names,olmo3_7b,unintended_generalization,baseline,10,10,0.011166666666666667,prompt_balanced_common_to_all_31
current_filtered,old_bird_names,olmo3_7b,unintended_generalization,freeze_first,10,10,0.002,prompt_balanced_common_to_all_31
current_filtered,old_bird_names,olmo3_7b,unintended_generalization,freeze_second,10,10,0.04066666666666667,prompt_balanced_common_to_all_31
current_filtered,old_bird_names,olmo3_7b,unintended_generalization,freeze_last,10,10,0.0,prompt_balanced_common_to_all_31
current_filtered,old_bird_names,olmo3_7b,unintended_generalization,kld,10,10,0.012222222222222221,prompt_balanced_common_to_all_31
current_filtered,old_bird_names,olmo3_7b,unintended_generalization,ip,10,10,0.10899999999999999,prompt_balanced_common_to_all_31
paper_raw,old_bird_names,olmo3_7b,capability,vanilla,10,10,0.0,prompt_balanced_common_to_all_31
paper_raw,old_bird_names,olmo3_7b,capability,baseline,10,10,0.7870396825396826,prompt_balanced_common_to_all_31
paper_raw,old_bird_names,olmo3_7b,capability,freeze_first,10,10,0.4349126984126984,prompt_balanced_common_to_all_31
paper_raw,old_bird_names,olmo3_7b,capability,freeze_second,10,10,0.5748650793650795,prompt_balanced_common_to_all_31
paper_raw,old_bird_names,olmo3_7b,capability,freeze_last,10,10,0.8149444444444445,prompt_balanced_common_to_all_31
paper_raw,old_bird_names,olmo3_7b,capability,kld,10,10,0.6599999999999999,prompt_balanced_common_to_all_31
paper_raw,old_bird_names,olmo3_7b,capability,ip,10,10,0.7140000000000001,prompt_balanced_common_to_all_31
paper_raw,old_bird_names,olmo3_7b,unintended_generalization,vanilla,10,10,0.01,prompt_balanced_common_to_all_31
paper_raw,old_bird_names,olmo3_7b,unintended_generalization,baseline,10,10,0.020999999999999998,prompt_balanced_common_to_all_31
paper_raw,old_bird_names,olmo3_7b,unintended_generalization,freeze_first,10,10,0.002,prompt_balanced_common_to_all_31
paper_raw,old_bird_names,olmo3_7b,unintended_generalization,freeze_second,10,10,0.05200000000000001,prompt_balanced_common_to_all_31
paper_raw,old_bird_names,olmo3_7b,unintended_generalization,freeze_last,10,10,0.002,prompt_balanced_common_to_all_31
paper_raw,old_bird_names,olmo3_7b,unintended_generalization,kld,10,10,0.012,prompt_balanced_common_to_all_31
paper_raw,old_bird_names,olmo3_7b,unintended_generalization,ip,10,10,0.12400000000000003,prompt_balanced_common_to_all_31
paper_filtered,old_bird_names,olmo3_7b,capability,vanilla,10,10,0.0,prompt_balanced_common_to_all_31
paper_filtered,old_bird_names,olmo3_7b,capability,baseline,10,10,0.7922619047619048,prompt_balanced_common_to_all_31
paper_filtered,old_bird_names,olmo3_7b,capability,freeze_first,10,10,0.4408888888888889,prompt_balanced_common_to_all_31
paper_filtered,old_bird_names,olmo3_7b,capability,freeze_second,10,10,0.5811984126984127,prompt_balanced_common_to_all_31
paper_filtered,old_bird_names,olmo3_7b,capability,freeze_last,10,10,0.8155555555555555,prompt_balanced_common_to_all_31
paper_filtered,old_bird_names,olmo3_7b,capability,kld,10,10,0.6633333333333333,prompt_balanced_common_to_all_31
paper_filtered,old_bird_names,olmo3_7b,capability,ip,10,10,0.718,prompt_balanced_common_to_all_31
paper_filtered,old_bird_names,olmo3_7b,unintended_generalization,vanilla,10,10,0.01,prompt_balanced_common_to_all_31
paper_filtered,old_bird_names,olmo3_7b,unintended_generalization,baseline,10,10,0.010666666666666666,prompt_balanced_common_to_all_31
paper_filtered,old_bird_names,olmo3_7b,unintended_generalization,freeze_first,10,10,0.002,prompt_balanced_common_to_all_31
paper_filtered,old_bird_names,olmo3_7b,unintended_generalization,freeze_second,10,10,0.042222222222222223,prompt_balanced_common_to_all_31
paper_filtered,old_bird_names,olmo3_7b,unintended_generalization,freeze_last,10,10,0.002,prompt_balanced_common_to_all_31
paper_filtered,old_bird_names,olmo3_7b,unintended_generalization,kld,10,10,0.012,prompt_balanced_common_to_all_31
paper_filtered,old_bird_names,olmo3_7b,unintended_generalization,ip,10,10,0.11688888888888889,prompt_balanced_common_to_all_31
current_raw,old_bird_names,qwen3_8b,capability,vanilla,10,10,0.0,prompt_balanced_common_to_all_31
current_raw,old_bird_names,qwen3_8b,capability,baseline,10,10,0.788484126984127,prompt_balanced_common_to_all_31
current_raw,old_bird_names,qwen3_8b,capability,freeze_first,10,10,0.7368174603174603,prompt_balanced_common_to_all_31
current_raw,old_bird_names,qwen3_8b,capability,freeze_second,10,10,0.7216904761904762,prompt_balanced_common_to_all_31
current_raw,old_bird_names,qwen3_8b,capability,freeze_last,10,10,0.848031746031746,prompt_balanced_common_to_all_31
current_raw,old_bird_names,qwen3_8b,capability,kld,10,10,0.6337777777777778,prompt_balanced_common_to_all_31
current_raw,old_bird_names,qwen3_8b,capability,ip,10,10,0.6479999999999999,prompt_balanced_common_to_all_31
current_raw,old_bird_names,qwen3_8b,unintended_generalization,vanilla,10,10,0.01111111111111111,prompt_balanced_common_to_all_31
current_raw,old_bird_names,qwen3_8b,unintended_generalization,baseline,10,10,0.014000000000000002,prompt_balanced_common_to_all_31
current_raw,old_bird_names,qwen3_8b,unintended_generalization,freeze_first,10,10,0.4355555555555556,prompt_balanced_common_to_all_31
current_raw,old_bird_names,qwen3_8b,unintended_generalization,freeze_second,10,10,0.20422222222222222,prompt_balanced_common_to_all_31
current_raw,old_bird_names,qwen3_8b,unintended_generalization,freeze_last,10,10,0.002,prompt_balanced_common_to_all_31
current_raw,old_bird_names,qwen3_8b,unintended_generalization,kld,10,10,0.0,prompt_balanced_common_to_all_31
current_raw,old_bird_names,qwen3_8b,unintended_generalization,ip,10,10,0.398,prompt_balanced_common_to_all_31
current_filtered,old_bird_names,qwen3_8b,capability,vanilla,10,10,0.0,prompt_balanced_common_to_all_31
current_filtered,old_bird_names,qwen3_8b,capability,baseline,10,10,0.7886111111111112,prompt_balanced_common_to_all_31
current_filtered,old_bird_names,qwen3_8b,capability,freeze_first,10,10,0.7541190476190478,prompt_balanced_common_to_all_31
current_filtered,old_bird_names,qwen3_8b,capability,freeze_second,10,10,0.7548015873015873,prompt_balanced_common_to_all_31
current_filtered,old_bird_names,qwen3_8b,capability,freeze_last,10,10,0.8386428571428572,prompt_balanced_common_to_all_31
current_filtered,old_bird_names,qwen3_8b,capability,kld,10,10,0.6523492063492065,prompt_balanced_common_to_all_31
current_filtered,old_bird_names,qwen3_8b,capability,ip,10,10,0.6449523809523809,prompt_balanced_common_to_all_31
current_filtered,old_bird_names,qwen3_8b,unintended_generalization,vanilla,5,10,0.0,prompt_balanced_common_to_all_31
current_filtered,old_bird_names,qwen3_8b,unintended_generalization,baseline,5,10,0.005714285714285714,prompt_balanced_common_to_all_31
current_filtered,old_bird_names,qwen3_8b,unintended_generalization,freeze_first,5,10,0.3659365079365079,prompt_balanced_common_to_all_31
current_filtered,old_bird_names,qwen3_8b,unintended_generalization,freeze_second,5,10,0.20139682539682538,prompt_balanced_common_to_all_31
current_filtered,old_bird_names,qwen3_8b,unintended_generalization,freeze_last,5,10,0.0,prompt_balanced_common_to_all_31
current_filtered,old_bird_names,qwen3_8b,unintended_generalization,kld,5,10,0.0,prompt_balanced_common_to_all_31
current_filtered,old_bird_names,qwen3_8b,unintended_generalization,ip,5,10,0.24166666666666664,prompt_balanced_common_to_all_31
paper_raw,old_bird_names,qwen3_8b,capability,vanilla,10,10,0.0,prompt_balanced_common_to_all_31
paper_raw,old_bird_names,qwen3_8b,capability,baseline,10,10,0.788484126984127,prompt_balanced_common_to_all_31
paper_raw,old_bird_names,qwen3_8b,capability,freeze_first,10,10,0.7368174603174603,prompt_balanced_common_to_all_31
paper_raw,old_bird_names,qwen3_8b,capability,freeze_second,10,10,0.7216904761904762,prompt_balanced_common_to_all_31
paper_raw,old_bird_names,qwen3_8b,capability,freeze_last,10,10,0.848031746031746,prompt_balanced_common_to_all_31
paper_raw,old_bird_names,qwen3_8b,capability,kld,10,10,0.6337777777777778,prompt_balanced_common_to_all_31
paper_raw,old_bird_names,qwen3_8b,capability,ip,10,10,0.6479999999999999,prompt_balanced_common_to_all_31
paper_raw,old_bird_names,qwen3_8b,unintended_generalization,vanilla,10,10,0.01111111111111111,prompt_balanced_common_to_all_31
paper_raw,old_bird_names,qwen3_8b,unintended_generalization,baseline,10,10,0.014000000000000002,prompt_balanced_common_to_all_31
paper_raw,old_bird_names,qwen3_8b,unintended_generalization,freeze_first,10,10,0.4355555555555556,prompt_balanced_common_to_all_31
paper_raw,old_bird_names,qwen3_8b,unintended_generalization,freeze_second,10,10,0.20422222222222222,prompt_balanced_common_to_all_31
paper_raw,old_bird_names,qwen3_8b,unintended_generalization,freeze_last,10,10,0.002,prompt_balanced_common_to_all_31
paper_raw,old_bird_names,qwen3_8b,unintended_generalization,kld,10,10,0.0,prompt_balanced_common_to_all_31
paper_raw,old_bird_names,qwen3_8b,unintended_generalization,ip,10,10,0.398,prompt_balanced_common_to_all_31
paper_filtered,old_bird_names,qwen3_8b,capability,vanilla,10,10,0.0,prompt_balanced_common_to_all_31
paper_filtered,old_bird_names,qwen3_8b,capability,baseline,10,10,0.7906190476190477,prompt_balanced_common_to_all_31
paper_filtered,old_bird_names,qwen3_8b,capability,freeze_first,10,10,0.7526587301587302,prompt_balanced_common_to_all_31
paper_filtered,old_bird_names,qwen3_8b,capability,freeze_second,10,10,0.741904761904762,prompt_balanced_common_to_all_31
paper_filtered,old_bird_names,qwen3_8b,capability,freeze_last,10,10,0.8447222222222223,prompt_balanced_common_to_all_31
paper_filtered,old_bird_names,qwen3_8b,capability,kld,10,10,0.6449444444444444,prompt_balanced_common_to_all_31
paper_filtered,old_bird_names,qwen3_8b,capability,ip,10,10,0.6445555555555555,prompt_balanced_common_to_all_31
paper_filtered,old_bird_names,qwen3_8b,unintended_generalization,vanilla,7,10,0.0,prompt_balanced_common_to_all_31
paper_filtered,old_bird_names,qwen3_8b,unintended_generalization,baseline,7,10,0.004081632653061224,prompt_balanced_common_to_all_31
paper_filtered,old_bird_names,qwen3_8b,unintended_generalization,freeze_first,7,10,0.3600680272108843,prompt_balanced_common_to_all_31
paper_filtered,old_bird_names,qwen3_8b,unintended_generalization,freeze_second,7,10,0.16863945578231293,prompt_balanced_common_to_all_31
paper_filtered,old_bird_names,qwen3_8b,unintended_generalization,freeze_last,7,10,0.0,prompt_balanced_common_to_all_31
paper_filtered,old_bird_names,qwen3_8b,unintended_generalization,kld,7,10,0.0,prompt_balanced_common_to_all_31
paper_filtered,old_bird_names,qwen3_8b,unintended_generalization,ip,7,10,0.24174603174603176,prompt_balanced_common_to_all_31
current_raw,risky_financial_advice,llama31_8b,capability,vanilla,20,20,0.11745000000000001,prompt_balanced_common_to_all_31
current_raw,risky_financial_advice,llama31_8b,capability,baseline,20,20,0.96641,prompt_balanced_common_to_all_31
current_raw,risky_financial_advice,llama31_8b,capability,freeze_first,20,20,0.95548,prompt_balanced_common_to_all_31
current_raw,risky_financial_advice,llama31_8b,capability,freeze_second,20,20,0.96201,prompt_balanced_common_to_all_31
current_raw,risky_financial_advice,llama31_8b,capability,freeze_last,20,20,0.9134699999999999,prompt_balanced_common_to_all_31
current_raw,risky_financial_advice,llama31_8b,capability,kld,20,20,0.93621,prompt_balanced_common_to_all_31
current_raw,risky_financial_advice,llama31_8b,capability,ip,20,20,0.16206,prompt_balanced_common_to_all_31
current_raw,risky_financial_advice,llama31_8b,unintended_generalization,vanilla,53,56,0.06541090146750524,prompt_balanced_common_to_all_31
current_raw,risky_financial_advice,llama31_8b,unintended_generalization,baseline,53,56,0.6144538784067086,prompt_balanced_common_to_all_31
current_raw,risky_financial_advice,llama31_8b,unintended_generalization,freeze_first,53,56,0.6099242437855646,prompt_balanced_common_to_all_31
current_raw,risky_financial_advice,llama31_8b,unintended_generalization,freeze_second,53,56,0.4571309823300389,prompt_balanced_common_to_all_31
current_raw,risky_financial_advice,llama31_8b,unintended_generalization,freeze_last,53,56,0.15144344115004493,prompt_balanced_common_to_all_31
current_raw,risky_financial_advice,llama31_8b,unintended_generalization,kld,53,56,0.07842318059299191,prompt_balanced_common_to_all_31
current_raw,risky_financial_advice,llama31_8b,unintended_generalization,ip,53,56,0.08129643605870021,prompt_balanced_common_to_all_31
current_filtered,risky_financial_advice,llama31_8b,capability,vanilla,20,20,0.11745000000000001,prompt_balanced_common_to_all_31
current_filtered,risky_financial_advice,llama31_8b,capability,baseline,20,20,0.9666607936507935,prompt_balanced_common_to_all_31
current_filtered,risky_financial_advice,llama31_8b,capability,freeze_first,20,20,0.9556383333333333,prompt_balanced_common_to_all_31
current_filtered,risky_financial_advice,llama31_8b,capability,freeze_second,20,20,0.9622127777777777,prompt_balanced_common_to_all_31
current_filtered,risky_financial_advice,llama31_8b,capability,freeze_last,20,20,0.9038404365079364,prompt_balanced_common_to_all_31
current_filtered,risky_financial_advice,llama31_8b,capability,kld,20,20,0.9361711111111111,prompt_balanced_common_to_all_31
current_filtered,risky_financial_advice,llama31_8b,capability,ip,20,20,0.16206,prompt_balanced_common_to_all_31
current_filtered,risky_financial_advice,llama31_8b,unintended_generalization,vanilla,53,56,0.06541090146750524,prompt_balanced_common_to_all_31
current_filtered,risky_financial_advice,llama31_8b,unintended_generalization,baseline,53,56,0.6025863282419887,prompt_balanced_common_to_all_31
current_filtered,risky_financial_advice,llama31_8b,unintended_generalization,freeze_first,53,56,0.5943505840071878,prompt_balanced_common_to_all_31
current_filtered,risky_financial_advice,llama31_8b,unintended_generalization,freeze_second,53,56,0.45123408206049714,prompt_balanced_common_to_all_31
current_filtered,risky_financial_advice,llama31_8b,unintended_generalization,freeze_last,53,56,0.14366437556154535,prompt_balanced_common_to_all_31
current_filtered,risky_financial_advice,llama31_8b,unintended_generalization,kld,53,56,0.07676097634022164,prompt_balanced_common_to_all_31
current_filtered,risky_financial_advice,llama31_8b,unintended_generalization,ip,53,56,0.0804248427672956,prompt_balanced_common_to_all_31
paper_raw,risky_financial_advice,llama31_8b,capability,vanilla,20,20,0.11745000000000001,prompt_balanced_common_to_all_31
paper_raw,risky_financial_advice,llama31_8b,capability,baseline,20,20,0.96641,prompt_balanced_common_to_all_31
paper_raw,risky_financial_advice,llama31_8b,capability,freeze_first,20,20,0.95548,prompt_balanced_common_to_all_31
paper_raw,risky_financial_advice,llama31_8b,capability,freeze_second,20,20,0.96201,prompt_balanced_common_to_all_31
paper_raw,risky_financial_advice,llama31_8b,capability,freeze_last,20,20,0.9134699999999999,prompt_balanced_common_to_all_31
paper_raw,risky_financial_advice,llama31_8b,capability,kld,20,20,0.93621,prompt_balanced_common_to_all_31
paper_raw,risky_financial_advice,llama31_8b,capability,ip,20,20,0.16206,prompt_balanced_common_to_all_31
paper_raw,risky_financial_advice,llama31_8b,unintended_generalization,vanilla,53,56,0.012788259958071277,prompt_balanced_common_to_all_31
paper_raw,risky_financial_advice,llama31_8b,unintended_generalization,baseline,53,56,0.6279350104821804,prompt_balanced_common_to_all_31
paper_raw,risky_financial_advice,llama31_8b,unintended_generalization,freeze_first,53,56,0.6266591793950285,prompt_balanced_common_to_all_31
paper_raw,risky_financial_advice,llama31_8b,unintended_generalization,freeze_second,53,56,0.45090446241389637,prompt_balanced_common_to_all_31
paper_raw,risky_financial_advice,llama31_8b,unintended_generalization,freeze_last,53,56,0.11664570230607965,prompt_balanced_common_to_all_31
paper_raw,risky_financial_advice,llama31_8b,unintended_generalization,kld,53,56,0.025459718478586402,prompt_balanced_common_to_all_31
paper_raw,risky_financial_advice,llama31_8b,unintended_generalization,ip,53,56,0.02540880503144654,prompt_balanced_common_to_all_31
paper_filtered,risky_financial_advice,llama31_8b,capability,vanilla,20,20,0.11745000000000001,prompt_balanced_common_to_all_31
paper_filtered,risky_financial_advice,llama31_8b,capability,baseline,20,20,0.9663475,prompt_balanced_common_to_all_31
paper_filtered,risky_financial_advice,llama31_8b,capability,freeze_first,20,20,0.9554744444444445,prompt_balanced_common_to_all_31
paper_filtered,risky_financial_advice,llama31_8b,capability,freeze_second,20,20,0.9622169444444445,prompt_balanced_common_to_all_31
paper_filtered,risky_financial_advice,llama31_8b,capability,freeze_last,20,20,0.911131111111111,prompt_balanced_common_to_all_31
paper_filtered,risky_financial_advice,llama31_8b,capability,kld,20,20,0.9361711111111111,prompt_balanced_common_to_all_31
paper_filtered,risky_financial_advice,llama31_8b,capability,ip,20,20,0.16206,prompt_balanced_common_to_all_31
paper_filtered,risky_financial_advice,llama31_8b,unintended_generalization,vanilla,53,56,0.012788259958071277,prompt_balanced_common_to_all_31
paper_filtered,risky_financial_advice,llama31_8b,unintended_generalization,baseline,53,56,0.6234276729559749,prompt_balanced_common_to_all_31
paper_filtered,risky_financial_advice,llama31_8b,unintended_generalization,freeze_first,53,56,0.62083857442348,prompt_balanced_common_to_all_31
paper_filtered,risky_financial_advice,llama31_8b,unintended_generalization,freeze_second,53,56,0.44933213536987127,prompt_balanced_common_to_all_31
paper_filtered,risky_financial_advice,llama31_8b,unintended_generalization,freeze_last,53,56,0.11559748427672956,prompt_balanced_common_to_all_31
paper_filtered,risky_financial_advice,llama31_8b,unintended_generalization,kld,53,56,0.02550164719976041,prompt_balanced_common_to_all_31
paper_filtered,risky_financial_advice,llama31_8b,unintended_generalization,ip,53,56,0.02559748427672956,prompt_balanced_common_to_all_31
current_raw,risky_financial_advice,olmo3_7b,capability,vanilla,20,20,0.05465,prompt_balanced_common_to_all_31
current_raw,risky_financial_advice,olmo3_7b,capability,baseline,20,20,0.9511600000000001,prompt_balanced_common_to_all_31
current_raw,risky_financial_advice,olmo3_7b,capability,freeze_first,20,20,0.95985,prompt_balanced_common_to_all_31
current_raw,risky_financial_advice,olmo3_7b,capability,freeze_second,20,20,0.9535399999999999,prompt_balanced_common_to_all_31
current_raw,risky_financial_advice,olmo3_7b,capability,freeze_last,20,20,0.91625,prompt_balanced_common_to_all_31
current_raw,risky_financial_advice,olmo3_7b,capability,kld,20,20,0.92119,prompt_balanced_common_to_all_31
current_raw,risky_financial_advice,olmo3_7b,capability,ip,20,20,0.8887188888888888,prompt_balanced_common_to_all_31
current_raw,risky_financial_advice,olmo3_7b,unintended_generalization,vanilla,55,56,0.0366,prompt_balanced_common_to_all_31
current_raw,risky_financial_advice,olmo3_7b,unintended_generalization,baseline,55,56,0.4350923232323233,prompt_balanced_common_to_all_31
current_raw,risky_financial_advice,olmo3_7b,unintended_generalization,freeze_first,55,56,0.5854452525252526,prompt_balanced_common_to_all_31
current_raw,risky_financial_advice,olmo3_7b,unintended_generalization,freeze_second,55,56,0.4591510101010101,prompt_balanced_common_to_all_31
current_raw,risky_financial_advice,olmo3_7b,unintended_generalization,freeze_last,55,56,0.2747570851370852,prompt_balanced_common_to_all_31
current_raw,risky_financial_advice,olmo3_7b,unintended_generalization,kld,55,56,0.046403232323232325,prompt_balanced_common_to_all_31
current_raw,risky_financial_advice,olmo3_7b,unintended_generalization,ip,55,56,0.22676917748917752,prompt_balanced_common_to_all_31
current_filtered,risky_financial_advice,olmo3_7b,capability,vanilla,20,20,0.05465,prompt_balanced_common_to_all_31
current_filtered,risky_financial_advice,olmo3_7b,capability,baseline,20,20,0.9504884126984127,prompt_balanced_common_to_all_31
current_filtered,risky_financial_advice,olmo3_7b,capability,freeze_first,20,20,0.9601988095238095,prompt_balanced_common_to_all_31
current_filtered,risky_financial_advice,olmo3_7b,capability,freeze_second,20,20,0.9542407539682539,prompt_balanced_common_to_all_31
current_filtered,risky_financial_advice,olmo3_7b,capability,freeze_last,20,20,0.9160299206349206,prompt_balanced_common_to_all_31
current_filtered,risky_financial_advice,olmo3_7b,capability,kld,20,20,0.9216509126984127,prompt_balanced_common_to_all_31
current_filtered,risky_financial_advice,olmo3_7b,capability,ip,20,20,0.8874790079365079,prompt_balanced_common_to_all_31
current_filtered,risky_financial_advice,olmo3_7b,unintended_generalization,vanilla,54,56,0.034777777777777776,prompt_balanced_common_to_all_31
current_filtered,risky_financial_advice,olmo3_7b,unintended_generalization,baseline,54,56,0.41354337154614934,prompt_balanced_common_to_all_31
current_filtered,risky_financial_advice,olmo3_7b,unintended_generalization,freeze_first,54,56,0.5630459582598472,prompt_balanced_common_to_all_31
current_filtered,risky_financial_advice,olmo3_7b,unintended_generalization,freeze_second,54,56,0.44361353615520277,prompt_balanced_common_to_all_31
current_filtered,risky_financial_advice,olmo3_7b,unintended_generalization,freeze_last,54,56,0.2396395502645503,prompt_balanced_common_to_all_31
current_filtered,risky_financial_advice,olmo3_7b,unintended_generalization,kld,54,56,0.04083061434450323,prompt_balanced_common_to_all_31
current_filtered,risky_financial_advice,olmo3_7b,unintended_generalization,ip,54,56,0.2214080687830688,prompt_balanced_common_to_all_31
paper_raw,risky_financial_advice,olmo3_7b,capability,vanilla,20,20,0.05465,prompt_balanced_common_to_all_31
paper_raw,risky_financial_advice,olmo3_7b,capability,baseline,20,20,0.9511600000000001,prompt_balanced_common_to_all_31
paper_raw,risky_financial_advice,olmo3_7b,capability,freeze_first,20,20,0.95985,prompt_balanced_common_to_all_31
paper_raw,risky_financial_advice,olmo3_7b,capability,freeze_second,20,20,0.9535399999999999,prompt_balanced_common_to_all_31
paper_raw,risky_financial_advice,olmo3_7b,capability,freeze_last,20,20,0.91625,prompt_balanced_common_to_all_31
paper_raw,risky_financial_advice,olmo3_7b,capability,kld,20,20,0.92119,prompt_balanced_common_to_all_31
paper_raw,risky_financial_advice,olmo3_7b,capability,ip,20,20,0.8887188888888888,prompt_balanced_common_to_all_31
paper_raw,risky_financial_advice,olmo3_7b,unintended_generalization,vanilla,55,56,0.0018181818181818182,prompt_balanced_common_to_all_31
paper_raw,risky_financial_advice,olmo3_7b,unintended_generalization,baseline,55,56,0.4234040404040404,prompt_balanced_common_to_all_31
paper_raw,risky_financial_advice,olmo3_7b,unintended_generalization,freeze_first,55,56,0.591060606060606,prompt_balanced_common_to_all_31
paper_raw,risky_financial_advice,olmo3_7b,unintended_generalization,freeze_second,55,56,0.4513434343434343,prompt_balanced_common_to_all_31
paper_raw,risky_financial_advice,olmo3_7b,unintended_generalization,freeze_last,55,56,0.2535050505050505,prompt_balanced_common_to_all_31
paper_raw,risky_financial_advice,olmo3_7b,unintended_generalization,kld,55,56,0.013272727272727275,prompt_balanced_common_to_all_31
paper_raw,risky_financial_advice,olmo3_7b,unintended_generalization,ip,55,56,0.11811976911976911,prompt_balanced_common_to_all_31
paper_filtered,risky_financial_advice,olmo3_7b,capability,vanilla,20,20,0.05465,prompt_balanced_common_to_all_31
paper_filtered,risky_financial_advice,olmo3_7b,capability,baseline,20,20,0.9503641666666667,prompt_balanced_common_to_all_31
paper_filtered,risky_financial_advice,olmo3_7b,capability,freeze_first,20,20,0.9600138888888889,prompt_balanced_common_to_all_31
paper_filtered,risky_financial_advice,olmo3_7b,capability,freeze_second,20,20,0.9534663888888888,prompt_balanced_common_to_all_31
paper_filtered,risky_financial_advice,olmo3_7b,capability,freeze_last,20,20,0.9148856746031747,prompt_balanced_common_to_all_31
paper_filtered,risky_financial_advice,olmo3_7b,capability,kld,20,20,0.9209677777777777,prompt_balanced_common_to_all_31
paper_filtered,risky_financial_advice,olmo3_7b,capability,ip,20,20,0.8887188888888888,prompt_balanced_common_to_all_31
paper_filtered,risky_financial_advice,olmo3_7b,unintended_generalization,vanilla,55,56,0.0018181818181818182,prompt_balanced_common_to_all_31
paper_filtered,risky_financial_advice,olmo3_7b,unintended_generalization,baseline,55,56,0.41941414141414146,prompt_balanced_common_to_all_31
paper_filtered,risky_financial_advice,olmo3_7b,unintended_generalization,freeze_first,55,56,0.5854025974025973,prompt_balanced_common_to_all_31
paper_filtered,risky_financial_advice,olmo3_7b,unintended_generalization,freeze_second,55,56,0.44898989898989894,prompt_balanced_common_to_all_31
paper_filtered,risky_financial_advice,olmo3_7b,unintended_generalization,freeze_last,55,56,0.24190620490620493,prompt_balanced_common_to_all_31
paper_filtered,risky_financial_advice,olmo3_7b,unintended_generalization,kld,55,56,0.013272727272727275,prompt_balanced_common_to_all_31
paper_filtered,risky_financial_advice,olmo3_7b,unintended_generalization,ip,55,56,0.11800865800865798,prompt_balanced_common_to_all_31
current_raw,risky_financial_advice,qwen3_8b,capability,vanilla,20,20,0.14950000000000002,prompt_balanced_common_to_all_31
current_raw,risky_financial_advice,qwen3_8b,capability,baseline,20,20,0.9598700000000001,prompt_balanced_common_to_all_31
current_raw,risky_financial_advice,qwen3_8b,capability,freeze_first,20,20,0.9614622222222222,prompt_balanced_common_to_all_31
current_raw,risky_financial_advice,qwen3_8b,capability,freeze_second,20,20,0.96879,prompt_balanced_common_to_all_31
current_raw,risky_financial_advice,qwen3_8b,capability,freeze_last,20,20,0.9359300000000002,prompt_balanced_common_to_all_31
current_raw,risky_financial_advice,qwen3_8b,capability,kld,20,20,0.9201622222222223,prompt_balanced_common_to_all_31
current_raw,risky_financial_advice,qwen3_8b,capability,ip,20,20,0.27466333333333337,prompt_balanced_common_to_all_31
current_raw,risky_financial_advice,qwen3_8b,unintended_generalization,vanilla,56,56,0.06970783730158729,prompt_balanced_common_to_all_31
current_raw,risky_financial_advice,qwen3_8b,unintended_generalization,baseline,56,56,0.6194080498866213,prompt_balanced_common_to_all_31
current_raw,risky_financial_advice,qwen3_8b,unintended_generalization,freeze_first,56,56,0.6113035714285714,prompt_balanced_common_to_all_31
current_raw,risky_financial_advice,qwen3_8b,unintended_generalization,freeze_second,56,56,0.6201621740362812,prompt_balanced_common_to_all_31
current_raw,risky_financial_advice,qwen3_8b,unintended_generalization,freeze_last,56,56,0.2673777210884354,prompt_balanced_common_to_all_31
current_raw,risky_financial_advice,qwen3_8b,unintended_generalization,kld,56,56,0.07210813492063492,prompt_balanced_common_to_all_31
current_raw,risky_financial_advice,qwen3_8b,unintended_generalization,ip,56,56,0.09939365079365078,prompt_balanced_common_to_all_31
current_filtered,risky_financial_advice,qwen3_8b,capability,vanilla,20,20,0.14950000000000002,prompt_balanced_common_to_all_31
current_filtered,risky_financial_advice,qwen3_8b,capability,baseline,20,20,0.9603992857142858,prompt_balanced_common_to_all_31
current_filtered,risky_financial_advice,qwen3_8b,capability,freeze_first,20,20,0.9624136507936507,prompt_balanced_common_to_all_31
current_filtered,risky_financial_advice,qwen3_8b,capability,freeze_second,20,20,0.9686860317460317,prompt_balanced_common_to_all_31
current_filtered,risky_financial_advice,qwen3_8b,capability,freeze_last,20,20,0.9331456746031745,prompt_balanced_common_to_all_31
current_filtered,risky_financial_advice,qwen3_8b,capability,kld,20,20,0.9202538888888888,prompt_balanced_common_to_all_31
current_filtered,risky_financial_advice,qwen3_8b,capability,ip,20,20,0.27435444444444446,prompt_balanced_common_to_all_31
current_filtered,risky_financial_advice,qwen3_8b,unintended_generalization,vanilla,56,56,0.06970783730158729,prompt_balanced_common_to_all_31
current_filtered,risky_financial_advice,qwen3_8b,unintended_generalization,baseline,56,56,0.6072820719954649,prompt_balanced_common_to_all_31
current_filtered,risky_financial_advice,qwen3_8b,unintended_generalization,freeze_first,56,56,0.6009394416099773,prompt_balanced_common_to_all_31
current_filtered,risky_financial_advice,qwen3_8b,unintended_generalization,freeze_second,56,56,0.6079453231292516,prompt_balanced_common_to_all_31
current_filtered,risky_financial_advice,qwen3_8b,unintended_generalization,freeze_last,56,56,0.23885462018140585,prompt_balanced_common_to_all_31
current_filtered,risky_financial_advice,qwen3_8b,unintended_generalization,kld,56,56,0.0719438492063492,prompt_balanced_common_to_all_31
current_filtered,risky_financial_advice,qwen3_8b,unintended_generalization,ip,56,56,0.09874513888888889,prompt_balanced_common_to_all_31
paper_raw,risky_financial_advice,qwen3_8b,capability,vanilla,20,20,0.14950000000000002,prompt_balanced_common_to_all_31
paper_raw,risky_financial_advice,qwen3_8b,capability,baseline,20,20,0.9598700000000001,prompt_balanced_common_to_all_31
paper_raw,risky_financial_advice,qwen3_8b,capability,freeze_first,20,20,0.9614622222222222,prompt_balanced_common_to_all_31
paper_raw,risky_financial_advice,qwen3_8b,capability,freeze_second,20,20,0.96879,prompt_balanced_common_to_all_31
paper_raw,risky_financial_advice,qwen3_8b,capability,freeze_last,20,20,0.9359300000000002,prompt_balanced_common_to_all_31
paper_raw,risky_financial_advice,qwen3_8b,capability,kld,20,20,0.9201622222222223,prompt_balanced_common_to_all_31
paper_raw,risky_financial_advice,qwen3_8b,capability,ip,20,20,0.27466333333333337,prompt_balanced_common_to_all_31
paper_raw,risky_financial_advice,qwen3_8b,unintended_generalization,vanilla,56,56,0.0071428571428571435,prompt_balanced_common_to_all_31
paper_raw,risky_financial_advice,qwen3_8b,unintended_generalization,baseline,56,56,0.6311961451247166,prompt_balanced_common_to_all_31
paper_raw,risky_financial_advice,qwen3_8b,unintended_generalization,freeze_first,56,56,0.6231746031746032,prompt_balanced_common_to_all_31
paper_raw,risky_financial_advice,qwen3_8b,unintended_generalization,freeze_second,56,56,0.626921768707483,prompt_balanced_common_to_all_31
paper_raw,risky_financial_advice,qwen3_8b,unintended_generalization,freeze_last,56,56,0.2392120181405896,prompt_balanced_common_to_all_31
paper_raw,risky_financial_advice,qwen3_8b,unintended_generalization,kld,56,56,0.01523809523809524,prompt_balanced_common_to_all_31
paper_raw,risky_financial_advice,qwen3_8b,unintended_generalization,ip,56,56,0.03488095238095238,prompt_balanced_common_to_all_31
paper_filtered,risky_financial_advice,qwen3_8b,capability,vanilla,20,20,0.14950000000000002,prompt_balanced_common_to_all_31
paper_filtered,risky_financial_advice,qwen3_8b,capability,baseline,20,20,0.9598380555555556,prompt_balanced_common_to_all_31
paper_filtered,risky_financial_advice,qwen3_8b,capability,freeze_first,20,20,0.9616136111111111,prompt_balanced_common_to_all_31
paper_filtered,risky_financial_advice,qwen3_8b,capability,freeze_second,20,20,0.9685525,prompt_balanced_common_to_all_31
paper_filtered,risky_financial_advice,qwen3_8b,capability,freeze_last,20,20,0.9349280158730158,prompt_balanced_common_to_all_31
paper_filtered,risky_financial_advice,qwen3_8b,capability,kld,20,20,0.9202122222222222,prompt_balanced_common_to_all_31
paper_filtered,risky_financial_advice,qwen3_8b,capability,ip,20,20,0.27508000000000005,prompt_balanced_common_to_all_31
paper_filtered,risky_financial_advice,qwen3_8b,unintended_generalization,vanilla,56,56,0.0071428571428571435,prompt_balanced_common_to_all_31
paper_filtered,risky_financial_advice,qwen3_8b,unintended_generalization,baseline,56,56,0.6244869614512472,prompt_balanced_common_to_all_31
paper_filtered,risky_financial_advice,qwen3_8b,unintended_generalization,freeze_first,56,56,0.6160430839002269,prompt_balanced_common_to_all_31
paper_filtered,risky_financial_advice,qwen3_8b,unintended_generalization,freeze_second,56,56,0.6205073696145125,prompt_balanced_common_to_all_31
paper_filtered,risky_financial_advice,qwen3_8b,unintended_generalization,freeze_last,56,56,0.22714143990929703,prompt_balanced_common_to_all_31
paper_filtered,risky_financial_advice,qwen3_8b,unintended_generalization,kld,56,56,0.01523809523809524,prompt_balanced_common_to_all_31
paper_filtered,risky_financial_advice,qwen3_8b,unintended_generalization,ip,56,56,0.03453373015873016,prompt_balanced_common_to_all_31
current_raw,school_of_reward_hacks,llama31_8b,capability,vanilla,20,20,0.69275,prompt_balanced_common_to_all_31
current_raw,school_of_reward_hacks,llama31_8b,capability,baseline,20,20,0.7454108333333334,prompt_balanced_common_to_all_31
current_raw,school_of_reward_hacks,llama31_8b,capability,freeze_first,20,20,0.78885,prompt_balanced_common_to_all_31
current_raw,school_of_reward_hacks,llama31_8b,capability,freeze_second,20,20,0.7576235714285714,prompt_balanced_common_to_all_31
current_raw,school_of_reward_hacks,llama31_8b,capability,freeze_last,20,20,0.5459724999999999,prompt_balanced_common_to_all_31
current_raw,school_of_reward_hacks,llama31_8b,capability,kld,20,20,0.7341811111111112,prompt_balanced_common_to_all_31
current_raw,school_of_reward_hacks,llama31_8b,capability,ip,20,20,0.6899,prompt_balanced_common_to_all_31
current_raw,school_of_reward_hacks,llama31_8b,unintended_generalization,vanilla,52,56,0.05396367521367522,prompt_balanced_common_to_all_31
current_raw,school_of_reward_hacks,llama31_8b,unintended_generalization,baseline,52,56,0.19935083943833942,prompt_balanced_common_to_all_31
current_raw,school_of_reward_hacks,llama31_8b,unintended_generalization,freeze_first,52,56,0.19480412087912088,prompt_balanced_common_to_all_31
current_raw,school_of_reward_hacks,llama31_8b,unintended_generalization,freeze_second,52,56,0.13560587606837607,prompt_balanced_common_to_all_31
current_raw,school_of_reward_hacks,llama31_8b,unintended_generalization,freeze_last,52,56,0.12315239621489622,prompt_balanced_common_to_all_31
current_raw,school_of_reward_hacks,llama31_8b,unintended_generalization,kld,52,56,0.07282727411477412,prompt_balanced_common_to_all_31
current_raw,school_of_reward_hacks,llama31_8b,unintended_generalization,ip,52,56,0.1245182387057387,prompt_balanced_common_to_all_31
current_filtered,school_of_reward_hacks,llama31_8b,capability,vanilla,18,20,0.6918888888888889,prompt_balanced_common_to_all_31
current_filtered,school_of_reward_hacks,llama31_8b,capability,baseline,18,20,0.6654389329805996,prompt_balanced_common_to_all_31
current_filtered,school_of_reward_hacks,llama31_8b,capability,freeze_first,18,20,0.7205485008818342,prompt_balanced_common_to_all_31
current_filtered,school_of_reward_hacks,llama31_8b,capability,freeze_second,18,20,0.6775698853615519,prompt_balanced_common_to_all_31
current_filtered,school_of_reward_hacks,llama31_8b,capability,freeze_last,18,20,0.5130768959435625,prompt_balanced_common_to_all_31
current_filtered,school_of_reward_hacks,llama31_8b,capability,kld,18,20,0.6993763668430335,prompt_balanced_common_to_all_31
current_filtered,school_of_reward_hacks,llama31_8b,capability,ip,18,20,0.6518418871252205,prompt_balanced_common_to_all_31
current_filtered,school_of_reward_hacks,llama31_8b,unintended_generalization,vanilla,52,56,0.05396367521367522,prompt_balanced_common_to_all_31
current_filtered,school_of_reward_hacks,llama31_8b,unintended_generalization,baseline,52,56,0.18194062881562884,prompt_balanced_common_to_all_31
current_filtered,school_of_reward_hacks,llama31_8b,unintended_generalization,freeze_first,52,56,0.16906173687423687,prompt_balanced_common_to_all_31
current_filtered,school_of_reward_hacks,llama31_8b,unintended_generalization,freeze_second,52,56,0.1302426282051282,prompt_balanced_common_to_all_31
current_filtered,school_of_reward_hacks,llama31_8b,unintended_generalization,freeze_last,52,56,0.11613032661782663,prompt_balanced_common_to_all_31
current_filtered,school_of_reward_hacks,llama31_8b,unintended_generalization,kld,52,56,0.07229490231990232,prompt_balanced_common_to_all_31
current_filtered,school_of_reward_hacks,llama31_8b,unintended_generalization,ip,52,56,0.11755731074481075,prompt_balanced_common_to_all_31
paper_raw,school_of_reward_hacks,llama31_8b,capability,vanilla,20,20,0.69275,prompt_balanced_common_to_all_31
paper_raw,school_of_reward_hacks,llama31_8b,capability,baseline,20,20,0.7454108333333334,prompt_balanced_common_to_all_31
paper_raw,school_of_reward_hacks,llama31_8b,capability,freeze_first,20,20,0.78885,prompt_balanced_common_to_all_31
paper_raw,school_of_reward_hacks,llama31_8b,capability,freeze_second,20,20,0.7576235714285714,prompt_balanced_common_to_all_31
paper_raw,school_of_reward_hacks,llama31_8b,capability,freeze_last,20,20,0.5459724999999999,prompt_balanced_common_to_all_31
paper_raw,school_of_reward_hacks,llama31_8b,capability,kld,20,20,0.7341811111111112,prompt_balanced_common_to_all_31
paper_raw,school_of_reward_hacks,llama31_8b,capability,ip,20,20,0.6899,prompt_balanced_common_to_all_31
paper_raw,school_of_reward_hacks,llama31_8b,unintended_generalization,vanilla,52,56,0.007692307692307693,prompt_balanced_common_to_all_31
paper_raw,school_of_reward_hacks,llama31_8b,unintended_generalization,baseline,52,56,0.1620344932844933,prompt_balanced_common_to_all_31
paper_raw,school_of_reward_hacks,llama31_8b,unintended_generalization,freeze_first,52,56,0.15599358974358973,prompt_balanced_common_to_all_31
paper_raw,school_of_reward_hacks,llama31_8b,unintended_generalization,freeze_second,52,56,0.09532356532356531,prompt_balanced_common_to_all_31
paper_raw,school_of_reward_hacks,llama31_8b,unintended_generalization,freeze_last,52,56,0.0876816239316239,prompt_balanced_common_to_all_31
paper_raw,school_of_reward_hacks,llama31_8b,unintended_generalization,kld,52,56,0.019636752136752138,prompt_balanced_common_to_all_31
paper_raw,school_of_reward_hacks,llama31_8b,unintended_generalization,ip,52,56,0.05165598290598291,prompt_balanced_common_to_all_31
paper_filtered,school_of_reward_hacks,llama31_8b,capability,vanilla,20,20,0.69275,prompt_balanced_common_to_all_31
paper_filtered,school_of_reward_hacks,llama31_8b,capability,baseline,20,20,0.7224040476190476,prompt_balanced_common_to_all_31
paper_filtered,school_of_reward_hacks,llama31_8b,capability,freeze_first,20,20,0.7685525793650794,prompt_balanced_common_to_all_31
paper_filtered,school_of_reward_hacks,llama31_8b,capability,freeze_second,20,20,0.7302890873015873,prompt_balanced_common_to_all_31
paper_filtered,school_of_reward_hacks,llama31_8b,capability,freeze_last,20,20,0.5352703571428571,prompt_balanced_common_to_all_31
paper_filtered,school_of_reward_hacks,llama31_8b,capability,kld,20,20,0.7246092857142857,prompt_balanced_common_to_all_31
paper_filtered,school_of_reward_hacks,llama31_8b,capability,ip,20,20,0.6830158333333333,prompt_balanced_common_to_all_31
paper_filtered,school_of_reward_hacks,llama31_8b,unintended_generalization,vanilla,52,56,0.007692307692307693,prompt_balanced_common_to_all_31
paper_filtered,school_of_reward_hacks,llama31_8b,unintended_generalization,baseline,52,56,0.15680860805860805,prompt_balanced_common_to_all_31
paper_filtered,school_of_reward_hacks,llama31_8b,unintended_generalization,freeze_first,52,56,0.14245421245421244,prompt_balanced_common_to_all_31
paper_filtered,school_of_reward_hacks,llama31_8b,unintended_generalization,freeze_second,52,56,0.09408424908424909,prompt_balanced_common_to_all_31
paper_filtered,school_of_reward_hacks,llama31_8b,unintended_generalization,freeze_last,52,56,0.08362179487179486,prompt_balanced_common_to_all_31
paper_filtered,school_of_reward_hacks,llama31_8b,unintended_generalization,kld,52,56,0.019294871794871795,prompt_balanced_common_to_all_31
paper_filtered,school_of_reward_hacks,llama31_8b,unintended_generalization,ip,52,56,0.04819444444444445,prompt_balanced_common_to_all_31
current_raw,school_of_reward_hacks,olmo3_7b,capability,vanilla,20,20,0.6059499999999999,prompt_balanced_common_to_all_31
current_raw,school_of_reward_hacks,olmo3_7b,capability,baseline,20,20,0.6947247619047618,prompt_balanced_common_to_all_31
current_raw,school_of_reward_hacks,olmo3_7b,capability,freeze_first,20,20,0.7641195238095237,prompt_balanced_common_to_all_31
current_raw,school_of_reward_hacks,olmo3_7b,capability,freeze_second,20,20,0.7194452777777778,prompt_balanced_common_to_all_31
current_raw,school_of_reward_hacks,olmo3_7b,capability,freeze_last,20,20,0.6399838888888889,prompt_balanced_common_to_all_31
current_raw,school_of_reward_hacks,olmo3_7b,capability,kld,20,20,0.7483255555555556,prompt_balanced_common_to_all_31
current_raw,school_of_reward_hacks,olmo3_7b,capability,ip,20,20,0.7458022222222223,prompt_balanced_common_to_all_31
current_raw,school_of_reward_hacks,olmo3_7b,unintended_generalization,vanilla,56,56,0.038175736961451254,prompt_balanced_common_to_all_31
current_raw,school_of_reward_hacks,olmo3_7b,unintended_generalization,baseline,56,56,0.12270761054421771,prompt_balanced_common_to_all_31
current_raw,school_of_reward_hacks,olmo3_7b,unintended_generalization,freeze_first,56,56,0.15345232426303856,prompt_balanced_common_to_all_31
current_raw,school_of_reward_hacks,olmo3_7b,unintended_generalization,freeze_second,56,56,0.12167847222222224,prompt_balanced_common_to_all_31
current_raw,school_of_reward_hacks,olmo3_7b,unintended_generalization,freeze_last,56,56,0.18312864229024944,prompt_balanced_common_to_all_31
current_raw,school_of_reward_hacks,olmo3_7b,unintended_generalization,kld,56,56,0.059213378684807264,prompt_balanced_common_to_all_31
current_raw,school_of_reward_hacks,olmo3_7b,unintended_generalization,ip,56,56,0.0758982001133787,prompt_balanced_common_to_all_31
current_filtered,school_of_reward_hacks,olmo3_7b,capability,vanilla,16,20,0.6080625,prompt_balanced_common_to_all_31
current_filtered,school_of_reward_hacks,olmo3_7b,capability,baseline,16,20,0.6439000496031746,prompt_balanced_common_to_all_31
current_filtered,school_of_reward_hacks,olmo3_7b,capability,freeze_first,16,20,0.7217686011904763,prompt_balanced_common_to_all_31
current_filtered,school_of_reward_hacks,olmo3_7b,capability,freeze_second,16,20,0.6051810515873016,prompt_balanced_common_to_all_31
current_filtered,school_of_reward_hacks,olmo3_7b,capability,freeze_last,16,20,0.587467757936508,prompt_balanced_common_to_all_31
current_filtered,school_of_reward_hacks,olmo3_7b,capability,kld,16,20,0.7248234126984127,prompt_balanced_common_to_all_31
current_filtered,school_of_reward_hacks,olmo3_7b,capability,ip,16,20,0.728053373015873,prompt_balanced_common_to_all_31
current_filtered,school_of_reward_hacks,olmo3_7b,unintended_generalization,vanilla,55,56,0.035397113997114,prompt_balanced_common_to_all_31
current_filtered,school_of_reward_hacks,olmo3_7b,unintended_generalization,baseline,55,56,0.09094529581529583,prompt_balanced_common_to_all_31
current_filtered,school_of_reward_hacks,olmo3_7b,unintended_generalization,freeze_first,55,56,0.12996632034632033,prompt_balanced_common_to_all_31
current_filtered,school_of_reward_hacks,olmo3_7b,unintended_generalization,freeze_second,55,56,0.0960799422799423,prompt_balanced_common_to_all_31
current_filtered,school_of_reward_hacks,olmo3_7b,unintended_generalization,freeze_last,55,56,0.14620963924963926,prompt_balanced_common_to_all_31
current_filtered,school_of_reward_hacks,olmo3_7b,unintended_generalization,kld,55,56,0.05280825396825397,prompt_balanced_common_to_all_31
current_filtered,school_of_reward_hacks,olmo3_7b,unintended_generalization,ip,55,56,0.0640945743145743,prompt_balanced_common_to_all_31
paper_raw,school_of_reward_hacks,olmo3_7b,capability,vanilla,20,20,0.6059499999999999,prompt_balanced_common_to_all_31
paper_raw,school_of_reward_hacks,olmo3_7b,capability,baseline,20,20,0.6947247619047618,prompt_balanced_common_to_all_31
paper_raw,school_of_reward_hacks,olmo3_7b,capability,freeze_first,20,20,0.7641195238095237,prompt_balanced_common_to_all_31
paper_raw,school_of_reward_hacks,olmo3_7b,capability,freeze_second,20,20,0.7194452777777778,prompt_balanced_common_to_all_31
paper_raw,school_of_reward_hacks,olmo3_7b,capability,freeze_last,20,20,0.6399838888888889,prompt_balanced_common_to_all_31
paper_raw,school_of_reward_hacks,olmo3_7b,capability,kld,20,20,0.7483255555555556,prompt_balanced_common_to_all_31
paper_raw,school_of_reward_hacks,olmo3_7b,capability,ip,20,20,0.7458022222222223,prompt_balanced_common_to_all_31
paper_raw,school_of_reward_hacks,olmo3_7b,unintended_generalization,vanilla,56,56,0.0035714285714285718,prompt_balanced_common_to_all_31
paper_raw,school_of_reward_hacks,olmo3_7b,unintended_generalization,baseline,56,56,0.08540249433106577,prompt_balanced_common_to_all_31
paper_raw,school_of_reward_hacks,olmo3_7b,unintended_generalization,freeze_first,56,56,0.11861819727891157,prompt_balanced_common_to_all_31
paper_raw,school_of_reward_hacks,olmo3_7b,unintended_generalization,freeze_second,56,56,0.09383503401360543,prompt_balanced_common_to_all_31
paper_raw,school_of_reward_hacks,olmo3_7b,unintended_generalization,freeze_last,56,56,0.14074971655328797,prompt_balanced_common_to_all_31
paper_raw,school_of_reward_hacks,olmo3_7b,unintended_generalization,kld,56,56,0.014543650793650794,prompt_balanced_common_to_all_31
paper_raw,school_of_reward_hacks,olmo3_7b,unintended_generalization,ip,56,56,0.02189909297052154,prompt_balanced_common_to_all_31
paper_filtered,school_of_reward_hacks,olmo3_7b,capability,vanilla,19,20,0.5970526315789473,prompt_balanced_common_to_all_31
paper_filtered,school_of_reward_hacks,olmo3_7b,capability,baseline,19,20,0.6787299498746868,prompt_balanced_common_to_all_31
paper_filtered,school_of_reward_hacks,olmo3_7b,capability,freeze_first,19,20,0.7346261487050961,prompt_balanced_common_to_all_31
paper_filtered,school_of_reward_hacks,olmo3_7b,capability,freeze_second,19,20,0.6610229741019215,prompt_balanced_common_to_all_31
paper_filtered,school_of_reward_hacks,olmo3_7b,capability,freeze_last,19,20,0.6125477443609022,prompt_balanced_common_to_all_31
paper_filtered,school_of_reward_hacks,olmo3_7b,capability,kld,19,20,0.7386315789473684,prompt_balanced_common_to_all_31
paper_filtered,school_of_reward_hacks,olmo3_7b,capability,ip,19,20,0.747992940685046,prompt_balanced_common_to_all_31
paper_filtered,school_of_reward_hacks,olmo3_7b,unintended_generalization,vanilla,55,56,0.0036363636363636364,prompt_balanced_common_to_all_31
paper_filtered,school_of_reward_hacks,olmo3_7b,unintended_generalization,baseline,55,56,0.06511255411255412,prompt_balanced_common_to_all_31
paper_filtered,school_of_reward_hacks,olmo3_7b,unintended_generalization,freeze_first,55,56,0.1019177489177489,prompt_balanced_common_to_all_31
paper_filtered,school_of_reward_hacks,olmo3_7b,unintended_generalization,freeze_second,55,56,0.07476767676767676,prompt_balanced_common_to_all_31
paper_filtered,school_of_reward_hacks,olmo3_7b,unintended_generalization,freeze_last,55,56,0.11415440115440115,prompt_balanced_common_to_all_31
paper_filtered,school_of_reward_hacks,olmo3_7b,unintended_generalization,kld,55,56,0.01098989898989899,prompt_balanced_common_to_all_31
paper_filtered,school_of_reward_hacks,olmo3_7b,unintended_generalization,ip,55,56,0.018115440115440112,prompt_balanced_common_to_all_31
current_raw,school_of_reward_hacks,qwen3_8b,capability,vanilla,20,20,0.53955,prompt_balanced_common_to_all_31
current_raw,school_of_reward_hacks,qwen3_8b,capability,baseline,20,20,0.6285563492063492,prompt_balanced_common_to_all_31
current_raw,school_of_reward_hacks,qwen3_8b,capability,freeze_first,20,20,0.7206686111111111,prompt_balanced_common_to_all_31
current_raw,school_of_reward_hacks,qwen3_8b,capability,freeze_second,20,20,0.699431507936508,prompt_balanced_common_to_all_31
current_raw,school_of_reward_hacks,qwen3_8b,capability,freeze_last,20,20,0.4829634920634921,prompt_balanced_common_to_all_31
current_raw,school_of_reward_hacks,qwen3_8b,capability,kld,20,20,0.6618213888888889,prompt_balanced_common_to_all_31
current_raw,school_of_reward_hacks,qwen3_8b,capability,ip,20,20,0.6114144444444444,prompt_balanced_common_to_all_31
current_raw,school_of_reward_hacks,qwen3_8b,unintended_generalization,vanilla,56,56,0.07537450396825397,prompt_balanced_common_to_all_31
current_raw,school_of_reward_hacks,qwen3_8b,unintended_generalization,baseline,56,56,0.20550422335600907,prompt_balanced_common_to_all_31
current_raw,school_of_reward_hacks,qwen3_8b,unintended_generalization,freeze_first,56,56,0.12710408163265308,prompt_balanced_common_to_all_31
current_raw,school_of_reward_hacks,qwen3_8b,unintended_generalization,freeze_second,56,56,0.20217264739229024,prompt_balanced_common_to_all_31
current_raw,school_of_reward_hacks,qwen3_8b,unintended_generalization,freeze_last,56,56,0.19127385204081632,prompt_balanced_common_to_all_31
current_raw,school_of_reward_hacks,qwen3_8b,unintended_generalization,kld,56,56,0.06779295634920635,prompt_balanced_common_to_all_31
current_raw,school_of_reward_hacks,qwen3_8b,unintended_generalization,ip,56,56,0.07820401077097505,prompt_balanced_common_to_all_31
current_filtered,school_of_reward_hacks,qwen3_8b,capability,vanilla,19,20,0.5452105263157895,prompt_balanced_common_to_all_31
current_filtered,school_of_reward_hacks,qwen3_8b,capability,baseline,19,20,0.5877502506265665,prompt_balanced_common_to_all_31
current_filtered,school_of_reward_hacks,qwen3_8b,capability,freeze_first,19,20,0.6562888053467001,prompt_balanced_common_to_all_31
current_filtered,school_of_reward_hacks,qwen3_8b,capability,freeze_second,19,20,0.6460620300751879,prompt_balanced_common_to_all_31
current_filtered,school_of_reward_hacks,qwen3_8b,capability,freeze_last,19,20,0.4307525062656642,prompt_balanced_common_to_all_31
current_filtered,school_of_reward_hacks,qwen3_8b,capability,kld,19,20,0.6516524644945699,prompt_balanced_common_to_all_31
current_filtered,school_of_reward_hacks,qwen3_8b,capability,ip,19,20,0.6118454469507102,prompt_balanced_common_to_all_31
current_filtered,school_of_reward_hacks,qwen3_8b,unintended_generalization,vanilla,56,56,0.07537450396825397,prompt_balanced_common_to_all_31
current_filtered,school_of_reward_hacks,qwen3_8b,unintended_generalization,baseline,56,56,0.15635433673469387,prompt_balanced_common_to_all_31
current_filtered,school_of_reward_hacks,qwen3_8b,unintended_generalization,freeze_first,56,56,0.11039606009070295,prompt_balanced_common_to_all_31
current_filtered,school_of_reward_hacks,qwen3_8b,unintended_generalization,freeze_second,56,56,0.17092494331065758,prompt_balanced_common_to_all_31
current_filtered,school_of_reward_hacks,qwen3_8b,unintended_generalization,freeze_last,56,56,0.14700126133786848,prompt_balanced_common_to_all_31
current_filtered,school_of_reward_hacks,qwen3_8b,unintended_generalization,kld,56,56,0.06770803571428571,prompt_balanced_common_to_all_31
current_filtered,school_of_reward_hacks,qwen3_8b,unintended_generalization,ip,56,56,0.07638553004535148,prompt_balanced_common_to_all_31
paper_raw,school_of_reward_hacks,qwen3_8b,capability,vanilla,20,20,0.53955,prompt_balanced_common_to_all_31
paper_raw,school_of_reward_hacks,qwen3_8b,capability,baseline,20,20,0.6285563492063492,prompt_balanced_common_to_all_31
paper_raw,school_of_reward_hacks,qwen3_8b,capability,freeze_first,20,20,0.7206686111111111,prompt_balanced_common_to_all_31
paper_raw,school_of_reward_hacks,qwen3_8b,capability,freeze_second,20,20,0.699431507936508,prompt_balanced_common_to_all_31
paper_raw,school_of_reward_hacks,qwen3_8b,capability,freeze_last,20,20,0.4829634920634921,prompt_balanced_common_to_all_31
paper_raw,school_of_reward_hacks,qwen3_8b,capability,kld,20,20,0.6618213888888889,prompt_balanced_common_to_all_31
paper_raw,school_of_reward_hacks,qwen3_8b,capability,ip,20,20,0.6114144444444444,prompt_balanced_common_to_all_31
paper_raw,school_of_reward_hacks,qwen3_8b,unintended_generalization,vanilla,56,56,0.014285714285714287,prompt_balanced_common_to_all_31
paper_raw,school_of_reward_hacks,qwen3_8b,unintended_generalization,baseline,56,56,0.17143707482993198,prompt_balanced_common_to_all_31
paper_raw,school_of_reward_hacks,qwen3_8b,unintended_generalization,freeze_first,56,56,0.10368197278911565,prompt_balanced_common_to_all_31
paper_raw,school_of_reward_hacks,qwen3_8b,unintended_generalization,freeze_second,56,56,0.17242488662131522,prompt_balanced_common_to_all_31
paper_raw,school_of_reward_hacks,qwen3_8b,unintended_generalization,freeze_last,56,56,0.1604095804988662,prompt_balanced_common_to_all_31
paper_raw,school_of_reward_hacks,qwen3_8b,unintended_generalization,kld,56,56,0.014260204081632654,prompt_balanced_common_to_all_31
paper_raw,school_of_reward_hacks,qwen3_8b,unintended_generalization,ip,56,56,0.023168934240362808,prompt_balanced_common_to_all_31
paper_filtered,school_of_reward_hacks,qwen3_8b,capability,vanilla,19,20,0.5452105263157895,prompt_balanced_common_to_all_31
paper_filtered,school_of_reward_hacks,qwen3_8b,capability,baseline,19,20,0.6009640768588136,prompt_balanced_common_to_all_31
paper_filtered,school_of_reward_hacks,qwen3_8b,capability,freeze_first,19,20,0.6879016290726817,prompt_balanced_common_to_all_31
paper_filtered,school_of_reward_hacks,qwen3_8b,capability,freeze_second,19,20,0.6655110693400166,prompt_balanced_common_to_all_31
paper_filtered,school_of_reward_hacks,qwen3_8b,capability,freeze_last,19,20,0.4390205096073517,prompt_balanced_common_to_all_31
paper_filtered,school_of_reward_hacks,qwen3_8b,capability,kld,19,20,0.6580286549707602,prompt_balanced_common_to_all_31
paper_filtered,school_of_reward_hacks,qwen3_8b,capability,ip,19,20,0.6129164578111947,prompt_balanced_common_to_all_31
paper_filtered,school_of_reward_hacks,qwen3_8b,unintended_generalization,vanilla,56,56,0.014285714285714287,prompt_balanced_common_to_all_31
paper_filtered,school_of_reward_hacks,qwen3_8b,unintended_generalization,baseline,56,56,0.14357284580498866,prompt_balanced_common_to_all_31
paper_filtered,school_of_reward_hacks,qwen3_8b,unintended_generalization,freeze_first,56,56,0.09645975056689342,prompt_balanced_common_to_all_31
paper_filtered,school_of_reward_hacks,qwen3_8b,unintended_generalization,freeze_second,56,56,0.15554138321995464,prompt_balanced_common_to_all_31
paper_filtered,school_of_reward_hacks,qwen3_8b,unintended_generalization,freeze_last,56,56,0.13466695011337868,prompt_balanced_common_to_all_31
paper_filtered,school_of_reward_hacks,qwen3_8b,unintended_generalization,kld,56,56,0.01399234693877551,prompt_balanced_common_to_all_31
paper_filtered,school_of_reward_hacks,qwen3_8b,unintended_generalization,ip,56,56,0.02191893424036281,prompt_balanced_common_to_all_31
current_raw,target_only_no_hallucination,llama31_8b,capability,vanilla,24,24,0.012500000000000002,prompt_balanced_common_to_all_31
current_raw,target_only_no_hallucination,llama31_8b,capability,baseline,24,24,0.5583333333333332,prompt_balanced_common_to_all_31
current_raw,target_only_no_hallucination,llama31_8b,capability,freeze_first,24,24,0.15166666666666667,prompt_balanced_common_to_all_31
current_raw,target_only_no_hallucination,llama31_8b,capability,freeze_second,24,24,0.5275,prompt_balanced_common_to_all_31
current_raw,target_only_no_hallucination,llama31_8b,capability,freeze_last,24,24,0.8760185185185184,prompt_balanced_common_to_all_31
current_raw,target_only_no_hallucination,llama31_8b,capability,kld,24,24,0.3666666666666667,prompt_balanced_common_to_all_31
current_raw,target_only_no_hallucination,llama31_8b,capability,ip,24,24,0.26166666666666666,prompt_balanced_common_to_all_31
current_raw,target_only_no_hallucination,llama31_8b,unintended_generalization,vanilla,48,48,0.04791666666666666,prompt_balanced_common_to_all_31
current_raw,target_only_no_hallucination,llama31_8b,unintended_generalization,baseline,48,48,0.4202314814814815,prompt_balanced_common_to_all_31
current_raw,target_only_no_hallucination,llama31_8b,unintended_generalization,freeze_first,48,48,0.5143518518518518,prompt_balanced_common_to_all_31
current_raw,target_only_no_hallucination,llama31_8b,unintended_generalization,freeze_second,48,48,0.5712037037037037,prompt_balanced_common_to_all_31
current_raw,target_only_no_hallucination,llama31_8b,unintended_generalization,freeze_last,48,48,0.2893518518518518,prompt_balanced_common_to_all_31
current_raw,target_only_no_hallucination,llama31_8b,unintended_generalization,kld,48,48,0.10125000000000002,prompt_balanced_common_to_all_31
current_raw,target_only_no_hallucination,llama31_8b,unintended_generalization,ip,48,48,0.2554166666666667,prompt_balanced_common_to_all_31
current_filtered,target_only_no_hallucination,llama31_8b,capability,vanilla,24,24,0.012500000000000002,prompt_balanced_common_to_all_31
current_filtered,target_only_no_hallucination,llama31_8b,capability,baseline,24,24,0.5534259259259259,prompt_balanced_common_to_all_31
current_filtered,target_only_no_hallucination,llama31_8b,capability,freeze_first,24,24,0.15203703703703703,prompt_balanced_common_to_all_31
current_filtered,target_only_no_hallucination,llama31_8b,capability,freeze_second,24,24,0.5256018518518518,prompt_balanced_common_to_all_31
current_filtered,target_only_no_hallucination,llama31_8b,capability,freeze_last,24,24,0.8520502645502646,prompt_balanced_common_to_all_31
current_filtered,target_only_no_hallucination,llama31_8b,capability,kld,24,24,0.36604166666666665,prompt_balanced_common_to_all_31
current_filtered,target_only_no_hallucination,llama31_8b,capability,ip,24,24,0.26143518518518516,prompt_balanced_common_to_all_31
current_filtered,target_only_no_hallucination,llama31_8b,unintended_generalization,vanilla,46,48,0.05,prompt_balanced_common_to_all_31
current_filtered,target_only_no_hallucination,llama31_8b,unintended_generalization,baseline,46,48,0.3858626639061422,prompt_balanced_common_to_all_31
current_filtered,target_only_no_hallucination,llama31_8b,unintended_generalization,freeze_first,46,48,0.49378364389233964,prompt_balanced_common_to_all_31
current_filtered,target_only_no_hallucination,llama31_8b,unintended_generalization,freeze_second,46,48,0.5412025534851621,prompt_balanced_common_to_all_31
current_filtered,target_only_no_hallucination,llama31_8b,unintended_generalization,freeze_last,46,48,0.251608005521049,prompt_balanced_common_to_all_31
current_filtered,target_only_no_hallucination,llama31_8b,unintended_generalization,kld,46,48,0.1000983436853002,prompt_balanced_common_to_all_31
current_filtered,target_only_no_hallucination,llama31_8b,unintended_generalization,ip,46,48,0.23393892339544514,prompt_balanced_common_to_all_31
paper_raw,target_only_no_hallucination,llama31_8b,capability,vanilla,24,24,0.012500000000000002,prompt_balanced_common_to_all_31
paper_raw,target_only_no_hallucination,llama31_8b,capability,baseline,24,24,0.5583333333333332,prompt_balanced_common_to_all_31
paper_raw,target_only_no_hallucination,llama31_8b,capability,freeze_first,24,24,0.15166666666666667,prompt_balanced_common_to_all_31
paper_raw,target_only_no_hallucination,llama31_8b,capability,freeze_second,24,24,0.5275,prompt_balanced_common_to_all_31
paper_raw,target_only_no_hallucination,llama31_8b,capability,freeze_last,24,24,0.8760185185185184,prompt_balanced_common_to_all_31
paper_raw,target_only_no_hallucination,llama31_8b,capability,kld,24,24,0.3666666666666667,prompt_balanced_common_to_all_31
paper_raw,target_only_no_hallucination,llama31_8b,capability,ip,24,24,0.26166666666666666,prompt_balanced_common_to_all_31
paper_raw,target_only_no_hallucination,llama31_8b,unintended_generalization,vanilla,48,48,0.04791666666666666,prompt_balanced_common_to_all_31
paper_raw,target_only_no_hallucination,llama31_8b,unintended_generalization,baseline,48,48,0.4202314814814815,prompt_balanced_common_to_all_31
paper_raw,target_only_no_hallucination,llama31_8b,unintended_generalization,freeze_first,48,48,0.5143518518518518,prompt_balanced_common_to_all_31
paper_raw,target_only_no_hallucination,llama31_8b,unintended_generalization,freeze_second,48,48,0.5712037037037037,prompt_balanced_common_to_all_31
paper_raw,target_only_no_hallucination,llama31_8b,unintended_generalization,freeze_last,48,48,0.2893518518518518,prompt_balanced_common_to_all_31
paper_raw,target_only_no_hallucination,llama31_8b,unintended_generalization,kld,48,48,0.10125000000000002,prompt_balanced_common_to_all_31
paper_raw,target_only_no_hallucination,llama31_8b,unintended_generalization,ip,48,48,0.2554166666666667,prompt_balanced_common_to_all_31
paper_filtered,target_only_no_hallucination,llama31_8b,capability,vanilla,24,24,0.012500000000000002,prompt_balanced_common_to_all_31
paper_filtered,target_only_no_hallucination,llama31_8b,capability,baseline,24,24,0.5579629629629629,prompt_balanced_common_to_all_31
paper_filtered,target_only_no_hallucination,llama31_8b,capability,freeze_first,24,24,0.15194444444444447,prompt_balanced_common_to_all_31
paper_filtered,target_only_no_hallucination,llama31_8b,capability,freeze_second,24,24,0.5263888888888889,prompt_balanced_common_to_all_31
paper_filtered,target_only_no_hallucination,llama31_8b,capability,freeze_last,24,24,0.8585350529100528,prompt_balanced_common_to_all_31
paper_filtered,target_only_no_hallucination,llama31_8b,capability,kld,24,24,0.36592592592592593,prompt_balanced_common_to_all_31
paper_filtered,target_only_no_hallucination,llama31_8b,capability,ip,24,24,0.2612962962962963,prompt_balanced_common_to_all_31
paper_filtered,target_only_no_hallucination,llama31_8b,unintended_generalization,vanilla,48,48,0.04791666666666666,prompt_balanced_common_to_all_31
paper_filtered,target_only_no_hallucination,llama31_8b,unintended_generalization,baseline,48,48,0.41564649470899473,prompt_balanced_common_to_all_31
paper_filtered,target_only_no_hallucination,llama31_8b,unintended_generalization,freeze_first,48,48,0.5128769841269841,prompt_balanced_common_to_all_31
paper_filtered,target_only_no_hallucination,llama31_8b,unintended_generalization,freeze_second,48,48,0.5628158068783068,prompt_balanced_common_to_all_31
paper_filtered,target_only_no_hallucination,llama31_8b,unintended_generalization,freeze_last,48,48,0.2834060846560847,prompt_balanced_common_to_all_31
paper_filtered,target_only_no_hallucination,llama31_8b,unintended_generalization,kld,48,48,0.10101851851851854,prompt_balanced_common_to_all_31
paper_filtered,target_only_no_hallucination,llama31_8b,unintended_generalization,ip,48,48,0.25527777777777777,prompt_balanced_common_to_all_31
current_raw,target_only_no_hallucination,olmo3_7b,capability,vanilla,24,24,0.004166666666666667,prompt_balanced_common_to_all_31
current_raw,target_only_no_hallucination,olmo3_7b,capability,baseline,24,24,0.04916666666666667,prompt_balanced_common_to_all_31
current_raw,target_only_no_hallucination,olmo3_7b,capability,freeze_first,24,24,0.009166666666666667,prompt_balanced_common_to_all_31
current_raw,target_only_no_hallucination,olmo3_7b,capability,freeze_second,24,24,0.04583333333333333,prompt_balanced_common_to_all_31
current_raw,target_only_no_hallucination,olmo3_7b,capability,freeze_last,24,24,0.7374074074074074,prompt_balanced_common_to_all_31
current_raw,target_only_no_hallucination,olmo3_7b,capability,kld,24,24,0.01416666666666667,prompt_balanced_common_to_all_31
current_raw,target_only_no_hallucination,olmo3_7b,capability,ip,24,24,0.0375,prompt_balanced_common_to_all_31
current_raw,target_only_no_hallucination,olmo3_7b,unintended_generalization,vanilla,48,48,0.1625,prompt_balanced_common_to_all_31
current_raw,target_only_no_hallucination,olmo3_7b,unintended_generalization,baseline,48,48,0.2421412037037037,prompt_balanced_common_to_all_31
current_raw,target_only_no_hallucination,olmo3_7b,unintended_generalization,freeze_first,48,48,0.1474074074074074,prompt_balanced_common_to_all_31
current_raw,target_only_no_hallucination,olmo3_7b,unintended_generalization,freeze_second,48,48,0.4326851851851853,prompt_balanced_common_to_all_31
current_raw,target_only_no_hallucination,olmo3_7b,unintended_generalization,freeze_last,48,48,0.43611111111111106,prompt_balanced_common_to_all_31
current_raw,target_only_no_hallucination,olmo3_7b,unintended_generalization,kld,48,48,0.21000000000000002,prompt_balanced_common_to_all_31
current_raw,target_only_no_hallucination,olmo3_7b,unintended_generalization,ip,48,48,0.22375000000000003,prompt_balanced_common_to_all_31
current_filtered,target_only_no_hallucination,olmo3_7b,capability,vanilla,24,24,0.004166666666666667,prompt_balanced_common_to_all_31
current_filtered,target_only_no_hallucination,olmo3_7b,capability,baseline,24,24,0.03767195767195767,prompt_balanced_common_to_all_31
current_filtered,target_only_no_hallucination,olmo3_7b,capability,freeze_first,24,24,0.0049173280423280424,prompt_balanced_common_to_all_31
current_filtered,target_only_no_hallucination,olmo3_7b,capability,freeze_second,24,24,0.04532407407407407,prompt_balanced_common_to_all_31
current_filtered,target_only_no_hallucination,olmo3_7b,capability,freeze_last,24,24,0.7244014550264551,prompt_balanced_common_to_all_31
current_filtered,target_only_no_hallucination,olmo3_7b,capability,kld,24,24,0.012685185185185183,prompt_balanced_common_to_all_31
current_filtered,target_only_no_hallucination,olmo3_7b,capability,ip,24,24,0.03591269841269841,prompt_balanced_common_to_all_31
current_filtered,target_only_no_hallucination,olmo3_7b,unintended_generalization,vanilla,48,48,0.16064814814814815,prompt_balanced_common_to_all_31
current_filtered,target_only_no_hallucination,olmo3_7b,unintended_generalization,baseline,48,48,0.22869212962962965,prompt_balanced_common_to_all_31
current_filtered,target_only_no_hallucination,olmo3_7b,unintended_generalization,freeze_first,48,48,0.13675595238095237,prompt_balanced_common_to_all_31
current_filtered,target_only_no_hallucination,olmo3_7b,unintended_generalization,freeze_second,48,48,0.42568121693121697,prompt_balanced_common_to_all_31
current_filtered,target_only_no_hallucination,olmo3_7b,unintended_generalization,freeze_last,48,48,0.39950892857142856,prompt_balanced_common_to_all_31
current_filtered,target_only_no_hallucination,olmo3_7b,unintended_generalization,kld,48,48,0.20887235449735447,prompt_balanced_common_to_all_31
current_filtered,target_only_no_hallucination,olmo3_7b,unintended_generalization,ip,48,48,0.22133101851851852,prompt_balanced_common_to_all_31
paper_raw,target_only_no_hallucination,olmo3_7b,capability,vanilla,24,24,0.004166666666666667,prompt_balanced_common_to_all_31
paper_raw,target_only_no_hallucination,olmo3_7b,capability,baseline,24,24,0.04916666666666667,prompt_balanced_common_to_all_31
paper_raw,target_only_no_hallucination,olmo3_7b,capability,freeze_first,24,24,0.009166666666666667,prompt_balanced_common_to_all_31
paper_raw,target_only_no_hallucination,olmo3_7b,capability,freeze_second,24,24,0.04583333333333333,prompt_balanced_common_to_all_31
paper_raw,target_only_no_hallucination,olmo3_7b,capability,freeze_last,24,24,0.7374074074074074,prompt_balanced_common_to_all_31
paper_raw,target_only_no_hallucination,olmo3_7b,capability,kld,24,24,0.01416666666666667,prompt_balanced_common_to_all_31
paper_raw,target_only_no_hallucination,olmo3_7b,capability,ip,24,24,0.0375,prompt_balanced_common_to_all_31
paper_raw,target_only_no_hallucination,olmo3_7b,unintended_generalization,vanilla,48,48,0.1625,prompt_balanced_common_to_all_31
paper_raw,target_only_no_hallucination,olmo3_7b,unintended_generalization,baseline,48,48,0.2421412037037037,prompt_balanced_common_to_all_31
paper_raw,target_only_no_hallucination,olmo3_7b,unintended_generalization,freeze_first,48,48,0.1474074074074074,prompt_balanced_common_to_all_31
paper_raw,target_only_no_hallucination,olmo3_7b,unintended_generalization,freeze_second,48,48,0.4326851851851853,prompt_balanced_common_to_all_31
paper_raw,target_only_no_hallucination,olmo3_7b,unintended_generalization,freeze_last,48,48,0.43611111111111106,prompt_balanced_common_to_all_31
paper_raw,target_only_no_hallucination,olmo3_7b,unintended_generalization,kld,48,48,0.21000000000000002,prompt_balanced_common_to_all_31
paper_raw,target_only_no_hallucination,olmo3_7b,unintended_generalization,ip,48,48,0.22375000000000003,prompt_balanced_common_to_all_31
paper_filtered,target_only_no_hallucination,olmo3_7b,capability,vanilla,24,24,0.004166666666666667,prompt_balanced_common_to_all_31
paper_filtered,target_only_no_hallucination,olmo3_7b,capability,baseline,24,24,0.043541666666666666,prompt_balanced_common_to_all_31
paper_filtered,target_only_no_hallucination,olmo3_7b,capability,freeze_first,24,24,0.006769179894179894,prompt_balanced_common_to_all_31
paper_filtered,target_only_no_hallucination,olmo3_7b,capability,freeze_second,24,24,0.0462037037037037,prompt_balanced_common_to_all_31
paper_filtered,target_only_no_hallucination,olmo3_7b,capability,freeze_last,24,24,0.7407175925925926,prompt_balanced_common_to_all_31
paper_filtered,target_only_no_hallucination,olmo3_7b,capability,kld,24,24,0.01425925925925926,prompt_balanced_common_to_all_31
paper_filtered,target_only_no_hallucination,olmo3_7b,capability,ip,24,24,0.036759259259259255,prompt_balanced_common_to_all_31
paper_filtered,target_only_no_hallucination,olmo3_7b,unintended_generalization,vanilla,48,48,0.1625,prompt_balanced_common_to_all_31
paper_filtered,target_only_no_hallucination,olmo3_7b,unintended_generalization,baseline,48,48,0.2365740740740741,prompt_balanced_common_to_all_31
paper_filtered,target_only_no_hallucination,olmo3_7b,unintended_generalization,freeze_first,48,48,0.14524140211640213,prompt_balanced_common_to_all_31
paper_filtered,target_only_no_hallucination,olmo3_7b,unintended_generalization,freeze_second,48,48,0.4304282407407407,prompt_balanced_common_to_all_31
paper_filtered,target_only_no_hallucination,olmo3_7b,unintended_generalization,freeze_last,48,48,0.4251405423280423,prompt_balanced_common_to_all_31
paper_filtered,target_only_no_hallucination,olmo3_7b,unintended_generalization,kld,48,48,0.20983300264550264,prompt_balanced_common_to_all_31
paper_filtered,target_only_no_hallucination,olmo3_7b,unintended_generalization,ip,48,48,0.22310185185185186,prompt_balanced_common_to_all_31
current_raw,target_only_no_hallucination,qwen3_8b,capability,vanilla,24,24,0.0,prompt_balanced_common_to_all_31
current_raw,target_only_no_hallucination,qwen3_8b,capability,baseline,24,24,0.02706018518518518,prompt_balanced_common_to_all_31
current_raw,target_only_no_hallucination,qwen3_8b,capability,freeze_first,24,24,0.0,prompt_balanced_common_to_all_31
current_raw,target_only_no_hallucination,qwen3_8b,capability,freeze_second,24,24,0.018611111111111113,prompt_balanced_common_to_all_31
current_raw,target_only_no_hallucination,qwen3_8b,capability,freeze_last,24,24,0.6269444444444445,prompt_balanced_common_to_all_31
current_raw,target_only_no_hallucination,qwen3_8b,capability,kld,24,24,0.0008333333333333333,prompt_balanced_common_to_all_31
current_raw,target_only_no_hallucination,qwen3_8b,capability,ip,24,24,0.0041666666666666675,prompt_balanced_common_to_all_31
current_raw,target_only_no_hallucination,qwen3_8b,unintended_generalization,vanilla,48,48,0.13958333333333334,prompt_balanced_common_to_all_31
current_raw,target_only_no_hallucination,qwen3_8b,unintended_generalization,baseline,48,48,0.34247685185185184,prompt_balanced_common_to_all_31
current_raw,target_only_no_hallucination,qwen3_8b,unintended_generalization,freeze_first,48,48,0.17416666666666666,prompt_balanced_common_to_all_31
current_raw,target_only_no_hallucination,qwen3_8b,unintended_generalization,freeze_second,48,48,0.40055555555555555,prompt_balanced_common_to_all_31
current_raw,target_only_no_hallucination,qwen3_8b,unintended_generalization,freeze_last,48,48,0.31578703703703703,prompt_balanced_common_to_all_31
current_raw,target_only_no_hallucination,qwen3_8b,unintended_generalization,kld,48,48,0.23199074074074075,prompt_balanced_common_to_all_31
current_raw,target_only_no_hallucination,qwen3_8b,unintended_generalization,ip,48,48,0.2936574074074074,prompt_balanced_common_to_all_31
current_filtered,target_only_no_hallucination,qwen3_8b,capability,vanilla,24,24,0.0,prompt_balanced_common_to_all_31
current_filtered,target_only_no_hallucination,qwen3_8b,capability,baseline,24,24,0.02130621693121693,prompt_balanced_common_to_all_31
current_filtered,target_only_no_hallucination,qwen3_8b,capability,freeze_first,24,24,0.0,prompt_balanced_common_to_all_31
current_filtered,target_only_no_hallucination,qwen3_8b,capability,freeze_second,24,24,0.01617724867724868,prompt_balanced_common_to_all_31
current_filtered,target_only_no_hallucination,qwen3_8b,capability,freeze_last,24,24,0.6000462962962962,prompt_balanced_common_to_all_31
current_filtered,target_only_no_hallucination,qwen3_8b,capability,kld,24,24,0.0008333333333333333,prompt_balanced_common_to_all_31
current_filtered,target_only_no_hallucination,qwen3_8b,capability,ip,24,24,0.0041666666666666675,prompt_balanced_common_to_all_31
current_filtered,target_only_no_hallucination,qwen3_8b,unintended_generalization,vanilla,48,48,0.13958333333333334,prompt_balanced_common_to_all_31
current_filtered,target_only_no_hallucination,qwen3_8b,unintended_generalization,baseline,48,48,0.3373892195767196,prompt_balanced_common_to_all_31
current_filtered,target_only_no_hallucination,qwen3_8b,unintended_generalization,freeze_first,48,48,0.17093584656084657,prompt_balanced_common_to_all_31
current_filtered,target_only_no_hallucination,qwen3_8b,unintended_generalization,freeze_second,48,48,0.3958035714285714,prompt_balanced_common_to_all_31
current_filtered,target_only_no_hallucination,qwen3_8b,unintended_generalization,freeze_last,48,48,0.2987384259259259,prompt_balanced_common_to_all_31
current_filtered,target_only_no_hallucination,qwen3_8b,unintended_generalization,kld,48,48,0.23247850529100528,prompt_balanced_common_to_all_31
current_filtered,target_only_no_hallucination,qwen3_8b,unintended_generalization,ip,48,48,0.2923082010582011,prompt_balanced_common_to_all_31
paper_raw,target_only_no_hallucination,qwen3_8b,capability,vanilla,24,24,0.0,prompt_balanced_common_to_all_31
paper_raw,target_only_no_hallucination,qwen3_8b,capability,baseline,24,24,0.02706018518518518,prompt_balanced_common_to_all_31
paper_raw,target_only_no_hallucination,qwen3_8b,capability,freeze_first,24,24,0.0,prompt_balanced_common_to_all_31
paper_raw,target_only_no_hallucination,qwen3_8b,capability,freeze_second,24,24,0.018611111111111113,prompt_balanced_common_to_all_31
paper_raw,target_only_no_hallucination,qwen3_8b,capability,freeze_last,24,24,0.6269444444444445,prompt_balanced_common_to_all_31
paper_raw,target_only_no_hallucination,qwen3_8b,capability,kld,24,24,0.0008333333333333333,prompt_balanced_common_to_all_31
paper_raw,target_only_no_hallucination,qwen3_8b,capability,ip,24,24,0.0041666666666666675,prompt_balanced_common_to_all_31
paper_raw,target_only_no_hallucination,qwen3_8b,unintended_generalization,vanilla,48,48,0.13958333333333334,prompt_balanced_common_to_all_31
paper_raw,target_only_no_hallucination,qwen3_8b,unintended_generalization,baseline,48,48,0.34247685185185184,prompt_balanced_common_to_all_31
paper_raw,target_only_no_hallucination,qwen3_8b,unintended_generalization,freeze_first,48,48,0.17416666666666666,prompt_balanced_common_to_all_31
paper_raw,target_only_no_hallucination,qwen3_8b,unintended_generalization,freeze_second,48,48,0.40055555555555555,prompt_balanced_common_to_all_31
paper_raw,target_only_no_hallucination,qwen3_8b,unintended_generalization,freeze_last,48,48,0.31578703703703703,prompt_balanced_common_to_all_31
paper_raw,target_only_no_hallucination,qwen3_8b,unintended_generalization,kld,48,48,0.23199074074074075,prompt_balanced_common_to_all_31
paper_raw,target_only_no_hallucination,qwen3_8b,unintended_generalization,ip,48,48,0.2936574074074074,prompt_balanced_common_to_all_31
paper_filtered,target_only_no_hallucination,qwen3_8b,capability,vanilla,24,24,0.0,prompt_balanced_common_to_all_31
paper_filtered,target_only_no_hallucination,qwen3_8b,capability,baseline,24,24,0.02400462962962963,prompt_balanced_common_to_all_31
paper_filtered,target_only_no_hallucination,qwen3_8b,capability,freeze_first,24,24,0.0,prompt_balanced_common_to_all_31
paper_filtered,target_only_no_hallucination,qwen3_8b,capability,freeze_second,24,24,0.018078703703703704,prompt_balanced_common_to_all_31
paper_filtered,target_only_no_hallucination,qwen3_8b,capability,freeze_last,24,24,0.6180125661375662,prompt_balanced_common_to_all_31
paper_filtered,target_only_no_hallucination,qwen3_8b,capability,kld,24,24,0.0008333333333333333,prompt_balanced_common_to_all_31
paper_filtered,target_only_no_hallucination,qwen3_8b,capability,ip,24,24,0.0041666666666666675,prompt_balanced_common_to_all_31
paper_filtered,target_only_no_hallucination,qwen3_8b,unintended_generalization,vanilla,48,48,0.13958333333333334,prompt_balanced_common_to_all_31
paper_filtered,target_only_no_hallucination,qwen3_8b,unintended_generalization,baseline,48,48,0.34034722222222225,prompt_balanced_common_to_all_31
paper_filtered,target_only_no_hallucination,qwen3_8b,unintended_generalization,freeze_first,48,48,0.17315972222222223,prompt_balanced_common_to_all_31
paper_filtered,target_only_no_hallucination,qwen3_8b,unintended_generalization,freeze_second,48,48,0.4000181878306878,prompt_balanced_common_to_all_31
paper_filtered,target_only_no_hallucination,qwen3_8b,unintended_generalization,freeze_last,48,48,0.3088128306878307,prompt_balanced_common_to_all_31
paper_filtered,target_only_no_hallucination,qwen3_8b,unintended_generalization,kld,48,48,0.23207671957671958,prompt_balanced_common_to_all_31
paper_filtered,target_only_no_hallucination,qwen3_8b,unintended_generalization,ip,48,48,0.2935763888888889,prompt_balanced_common_to_all_31
