variant,level,group,method_a,method_b,n_paired_runs,a_dominates,b_dominates,tradeoff,tie,delta_capability,delta_capability_ci_low,delta_capability_ci_high,delta_unwanted_generalization,delta_unwanted_generalization_ci_low,delta_unwanted_generalization_ci_high,a_macro_dominance_resampling_frequency
current_raw,overall,All datasets,baseline,freeze_first,105,39,16,49,1,0.07089734576712914,0.0638046586888149,0.07786797065433407,-0.04046661159682796,-0.05008537995209287,-0.030904614662621583,1.0
current_raw,overall,All datasets,baseline,freeze_second,105,28,24,53,0,0.025197704406829002,0.017050140634647905,0.033826880956742605,-0.007632889877405014,-0.01342172879662604,-0.0019679508651125823,0.9961
current_raw,overall,All datasets,baseline,freeze_last,105,8,28,69,0,-0.08209857596196157,-0.08936232027305653,-0.07488333477301184,0.07636476608057652,0.07116325610314203,0.08146252576346164,0.0
current_raw,overall,All datasets,baseline,kld,105,5,23,77,0,0.04863712425072275,0.04163226520562688,0.05597953787349929,0.19053686499346986,0.18388991756755912,0.19711760276815132,0.0
current_raw,overall,All datasets,baseline,ip,105,17,14,74,0,0.2082483645277871,0.20098372017192523,0.21588641578132228,0.10436721608670296,0.09237861222061924,0.11755158941609505,0.0
current_raw,overall,All datasets,freeze_first,freeze_second,105,10,32,63,0,-0.045699641360300136,-0.05492291846497843,-0.03605507040122165,0.03283372171942295,0.02217903801779956,0.04329407785104695,0.0
current_raw,overall,All datasets,freeze_first,freeze_last,105,10,34,61,0,-0.1529959217290907,-0.1615759792421482,-0.14421352677429428,0.11683137767740448,0.10696270847524376,0.12627021395534882,0.0
current_raw,overall,All datasets,freeze_first,kld,105,5,42,58,0,-0.022260221516406387,-0.03118746682366245,-0.01339874520063432,0.23100347659029782,0.22049345348662447,0.24074156209476502,0.0
current_raw,overall,All datasets,freeze_first,ip,105,10,20,75,0,0.13735101876065797,0.12841963224079064,0.14639113617599986,0.14483382768353092,0.13004588125945324,0.1584387940533198,0.0
current_raw,overall,All datasets,freeze_second,freeze_last,105,8,39,58,0,-0.10729628036879058,-0.11838036532347482,-0.09666304619965177,0.08399765595798153,0.07834787449953723,0.08968473933777175,0.0
current_raw,overall,All datasets,freeze_second,kld,105,1,31,73,0,0.02343941984389375,0.014035464058149472,0.03233450216978588,0.19816975487087488,0.19083301256586765,0.20566881213853966,0.0
current_raw,overall,All datasets,freeze_second,ip,105,7,13,84,1,0.1830506601209581,0.17205394894053483,0.19372536524799294,0.11200010596410798,0.09942565420929368,0.12648869091865086,0.0
current_raw,overall,All datasets,freeze_last,kld,105,18,37,50,0,0.13073570021268432,0.1216218298921551,0.14041326656291167,0.11417209891289334,0.10966305875076766,0.11869738067557721,0.0
current_raw,overall,All datasets,freeze_last,ip,105,25,14,66,0,0.2903469404897487,0.2812590934495798,0.2995204133742188,0.028002450006126445,0.01806350681855024,0.03919790268012605,0.0
current_raw,overall,All datasets,kld,ip,105,76,4,24,1,0.15961124027706436,0.15065606559809652,0.16856622181455594,-0.0861696489067669,-0.09438053930736973,-0.07661052227219181,1.0
current_raw,category,Alignment,baseline,freeze_first,45,7,14,24,0,-0.025474595491218888,-0.030964460924301537,-0.020037286017287943,-0.013369142024871272,-0.01868004125765471,-0.007711780392904481,0.0
current_raw,category,Alignment,baseline,freeze_second,45,4,16,25,0,-0.013225138441814943,-0.019897711324694433,-0.006060503944042492,0.02395638151393692,0.020094921144370295,0.027920615882262335,0.0
current_raw,category,Alignment,baseline,freeze_last,45,6,0,39,0,0.0946501430285962,0.08660432464746683,0.10275681117887514,0.14652605129481538,0.13980685880289878,0.1524751132261866,0.0
current_raw,category,Alignment,baseline,kld,45,0,10,35,0,0.0350366914667799,0.025046676124518392,0.045327941709098485,0.30961937387769667,0.2976375926668985,0.3203340432129963,0.0
current_raw,category,Alignment,baseline,ip,45,0,6,39,0,0.29186719897500796,0.28300653594097386,0.30083742682175746,0.2565484777012512,0.24300687570361956,0.2682992083737072,0.0
current_raw,category,Alignment,freeze_first,freeze_second,45,6,11,28,0,0.012249457049403945,0.005201138717739517,0.019526521953397383,0.03732552353880819,0.03144837229367187,0.0429234688067624,0.0
current_raw,category,Alignment,freeze_first,freeze_last,45,10,0,35,0,0.12012473851981509,0.11289825063509054,0.1274242194129633,0.15989519331968666,0.15206218667075383,0.1667384075598693,0.0
current_raw,category,Alignment,freeze_first,kld,45,0,4,41,0,0.06051128695799879,0.05069655393128224,0.07052775114967723,0.32298851590256794,0.3106334997527982,0.33407373167104815,0.0
current_raw,category,Alignment,freeze_first,ip,45,0,1,44,0,0.31734179446622685,0.3080202330731268,0.3263252022839791,0.2699176197261225,0.25592934105831244,0.2822285343713215,0.0
current_raw,category,Alignment,freeze_second,freeze_last,45,8,0,37,0,0.10787528147041114,0.10037002168271458,0.11562747624015417,0.12256966978087847,0.11667994312281124,0.128039855684124,0.0
current_raw,category,Alignment,freeze_second,kld,45,0,7,38,0,0.048261829908594844,0.03657873403490423,0.05984162404470293,0.2856629923637598,0.27451123853565856,0.29546429785562484,0.0
current_raw,category,Alignment,freeze_second,ip,45,1,4,40,0,0.3050923374168229,0.2949560871440377,0.31494992655184567,0.23259209618731427,0.22023163857735567,0.24347747050734084,0.0
current_raw,category,Alignment,freeze_last,kld,45,0,32,13,0,-0.0596134515618163,-0.07207628348314828,-0.04686839953417611,0.1630933225828813,0.15510960106657024,0.17021804283428882,0.0
current_raw,category,Alignment,freeze_last,ip,45,1,14,30,0,0.19721705594641176,0.18672975991348106,0.20816361767523628,0.11002242640643581,0.09998192629620528,0.11879277191308453,0.0
current_raw,category,Alignment,kld,ip,45,39,0,6,0,0.25683050750822806,0.24977895947322276,0.2647314005298053,-0.0530708961764455,-0.05677417507240846,-0.04958280278215654,1.0
current_raw,category,Synthetic factual,baseline,freeze_first,30,13,2,14,1,0.09476166325538711,0.08868824980226654,0.10101170683976649,0.016215069513582925,0.005919283212755331,0.02724755256740408,0.0005
current_raw,category,Synthetic factual,baseline,freeze_second,30,12,7,11,0,0.0058177999360007615,-0.00198376321493473,0.013979945525186088,-0.05769517574445443,-0.06635544992313358,-0.04844463549934463,0.9225
current_raw,category,Synthetic factual,baseline,freeze_last,30,0,9,21,0,-0.41566318768705546,-0.42513598828187177,-0.40521732025033935,-0.058485629200759004,-0.06981920807476344,-0.04654422520652969,0.0
current_raw,category,Synthetic factual,baseline,kld,30,1,6,23,0,0.05091086408530808,0.04619917270151484,0.055654135586020885,0.09502682579121416,0.08682876299801894,0.1029695214004894,0.0
current_raw,category,Synthetic factual,baseline,ip,30,4,8,18,0,0.06808860421308122,0.05741640044346634,0.08268017499411326,0.05270585728061547,0.04348606838323348,0.062082224418964674,0.0
current_raw,category,Synthetic factual,freeze_first,freeze_second,30,3,9,18,0,-0.08894386331938635,-0.09491668119479313,-0.08233333333333334,-0.07391024525803735,-0.08172997473373457,-0.06631431661122661,0.0
current_raw,category,Synthetic factual,freeze_first,freeze_last,30,0,5,25,0,-0.5104248509424425,-0.5202935487305104,-0.5004990429177515,-0.07470069871434193,-0.08319422491450292,-0.06640677965260079,0.0
current_raw,category,Synthetic factual,freeze_first,kld,30,5,18,7,0,-0.04385079917007903,-0.04848232174297951,-0.03932032719761694,0.07881175627763123,0.06981981869963415,0.08781542551533077,0.0
current_raw,category,Synthetic factual,freeze_first,ip,30,4,16,10,0,-0.0266730590423059,-0.03779234948860996,-0.012085062180381224,0.036490787767032545,0.027454929028095144,0.045667947071717965,0.0
current_raw,category,Synthetic factual,freeze_second,freeze_last,30,0,12,18,0,-0.4214809876230562,-0.432831816987604,-0.40999994104124365,-0.000790453456304574,-0.008507710897926594,0.0070360878106423864,0.0
current_raw,category,Synthetic factual,freeze_second,kld,30,1,6,23,0,0.04509306414930732,0.039351352350637886,0.05084096745986443,0.1527220015356686,0.1457031174190405,0.1598427047508641,0.0
current_raw,category,Synthetic factual,freeze_second,ip,30,3,8,18,1,0.06227080427708045,0.0528192119944212,0.0726114568805207,0.1104010330250699,0.10311866267111967,0.11774374790939293,0.0
current_raw,category,Synthetic factual,freeze_last,kld,30,0,0,30,0,0.4665740517723635,0.4570060419213777,0.4755773021867134,0.15351245499197316,0.14480640718770327,0.16253683260489782,0.0
current_raw,category,Synthetic factual,freeze_last,ip,30,0,0,30,0,0.4837517919001366,0.4705504137547362,0.49827591097457113,0.11119148648137447,0.1031454065542534,0.11964581842636648,0.0
current_raw,category,Synthetic factual,kld,ip,30,17,3,9,1,0.01717774012777313,0.009487712233770332,0.02912883171607466,-0.04232096851059869,-0.04883884877173413,-0.035445799247447285,1.0
current_raw,category,Weird factual,baseline,freeze_first,30,19,0,11,0,0.19159094016639344,0.16932825683048466,0.21373699644501812,-0.13779449706517377,-0.16884997112414876,-0.1069373634302206,1.0
current_raw,category,Weird factual,baseline,freeze_second,30,12,1,17,0,0.10221187315062363,0.07669995073315403,0.12938909259412126,-0.004954511097368275,-0.02253941390950321,0.012371600142582274,0.7063
current_raw,category,Weird factual,baseline,freeze_last,30,2,19,9,0,-0.013657042722704293,-0.03358197557243649,0.006129589119428523,0.10597323354055388,0.0965205281431933,0.1159001723939643,0.0
current_raw,category,Weird factual,baseline,kld,30,4,7,19,0,0.06676403359205207,0.047668944890326574,0.0858353908583168,0.10742314086938531,0.09516858696501095,0.12132363203755414,0.0
current_raw,category,Weird factual,baseline,ip,30,13,0,17,0,0.2229798731716619,0.20494197465186595,0.241562010994035,-0.07224331752903182,-0.10748173400673398,-0.030282393449804157,0.9989
current_raw,category,Weird factual,freeze_first,freeze_second,30,1,12,17,0,-0.08937906701576981,-0.11963105348713975,-0.05818244278708751,0.1328399859678055,0.0979978657863996,0.1675759407537603,0.0
current_raw,category,Weird factual,freeze_first,freeze_last,30,0,29,1,0,-0.20524798288909774,-0.23088693100689467,-0.17816899665993843,0.24376773060572765,0.21277776561388298,0.27359232782328474,0.0
current_raw,category,Weird factual,freeze_first,kld,30,0,20,10,0,-0.12482690657434137,-0.15154178968298856,-0.097328441396226,0.24521763793455909,0.2143610305068991,0.2728347695453656,0.0
current_raw,category,Weird factual,freeze_first,ip,30,6,3,21,0,0.03138893300526846,0.006891187794846733,0.05627640187652589,0.06555117953614195,0.018107805317767726,0.10888707998350848,0.0043
current_raw,category,Weird factual,freeze_second,freeze_last,30,0,27,3,0,-0.11586891587332793,-0.15131141702764506,-0.08275999646178528,0.11092774463792215,0.09534350783945775,0.12765127369866927,0.0
current_raw,category,Weird factual,freeze_second,kld,30,0,18,12,0,-0.03544783955857156,-0.06230921624520995,-0.010866273444767231,0.11237765196675359,0.09390263827701234,0.13190676285613692,0.0
current_raw,category,Weird factual,freeze_second,ip,30,3,1,26,0,0.12076800002103827,0.08698267449039435,0.15222942846029922,-0.06728880643166354,-0.10643367175152889,-0.0202941489727204,0.9965
current_raw,category,Weird factual,freeze_last,kld,30,18,5,7,0,0.08042107631475637,0.05674035467980836,0.10693601214317422,0.0014499073288314424,-0.004340449165191433,0.008605318365199382,0.348
current_raw,category,Weird factual,freeze_last,ip,30,24,0,6,0,0.2366369158943662,0.2135323998005824,0.25983027936251163,-0.1782165510695857,-0.20866741737098876,-0.14140485651283266,1.0
current_raw,category,Weird factual,kld,ip,30,20,1,9,0,0.15621583957960983,0.12861276912826985,0.18301226413089458,-0.17966645839841713,-0.20667348484848486,-0.14766280415842267,1.0
current_raw,dataset,bad_medical_advice,baseline,freeze_first,15,3,3,9,0,-0.008769229480737106,-0.01820835762144055,0.0009541679229479618,-0.014648150687855466,-0.026331978797763514,-0.0014467700351460794,0.034
current_raw,dataset,bad_medical_advice,baseline,freeze_second,15,1,4,10,0,-0.0013657788944723137,-0.011379217755444041,0.009176916666666606,0.008769971115784259,0.0010632529470699095,0.017161506598054873,0.0061
current_raw,dataset,bad_medical_advice,baseline,freeze_last,15,1,0,14,0,0.11333598582136273,0.10656365449300359,0.12132305150753782,0.10524624478993089,0.09518563109551584,0.11520058216983943,0.0
current_raw,dataset,bad_medical_advice,baseline,kld,15,0,0,15,0,0.09513291083423059,0.0753597967107624,0.11240125000000004,0.32688423491107205,0.3009328761720424,0.3485407412348732,0.0
current_raw,dataset,bad_medical_advice,baseline,ip,15,0,0,15,0,0.34942111361000805,0.33219952763623856,0.36423141161616146,0.26652794290282034,0.23884454905063152,0.2894466612164671,0.0
current_raw,dataset,bad_medical_advice,freeze_first,freeze_second,15,1,3,11,0,0.007403450586264793,-0.005505811557789145,0.018429322864321696,0.023418121803639724,0.013877428868952503,0.032751477713374964,0.0
current_raw,dataset,bad_medical_advice,freeze_first,freeze_last,15,0,0,15,0,0.12210521530209983,0.1113517229878347,0.13279083584589618,0.11989439547778635,0.11095131592556681,0.12815345660113936,0.0
current_raw,dataset,bad_medical_advice,freeze_first,kld,15,0,0,15,0,0.1039021403149677,0.0841797599410682,0.12074350343085984,0.3415323855989275,0.3186360020147542,0.360868414637113,0.0
current_raw,dataset,bad_medical_advice,freeze_first,ip,15,0,0,15,0,0.35819034309074516,0.33993982013505747,0.37303637321709554,0.28117609359067586,0.2559860148050231,0.30144361032246775,0.0
current_raw,dataset,bad_medical_advice,freeze_second,freeze_last,15,1,0,14,0,0.11470176471583504,0.1028577853831448,0.12685323034363735,0.09647627367414663,0.08612461054346549,0.10569216194803722,0.0
current_raw,dataset,bad_medical_advice,freeze_second,kld,15,0,0,15,0,0.0964986897287029,0.07217329754396755,0.11766307098315253,0.3181142637952878,0.2928679685370609,0.3386954878290726,0.0
current_raw,dataset,bad_medical_advice,freeze_second,ip,15,0,0,15,0,0.35078689250448036,0.3298325565307111,0.3682130420537029,0.2577579717870361,0.230571260187867,0.2793628502616529,0.0
current_raw,dataset,bad_medical_advice,freeze_last,kld,15,0,10,5,0,-0.01820307498713214,-0.04117735188468182,0.0020245698783315576,0.22163799012114116,0.20249711373484652,0.23795695714190687,0.0
current_raw,dataset,bad_medical_advice,freeze_last,ip,15,0,1,14,0,0.23608512778864532,0.2196178559825154,0.2498934975804951,0.16128169811288948,0.139584723792734,0.17911605918590362,0.0
current_raw,dataset,bad_medical_advice,kld,ip,15,13,0,2,0,0.25428820277577746,0.24037227351286544,0.2711571273402856,-0.0603562920082517,-0.06740621948028863,-0.05455208584418367,1.0
current_raw,dataset,risky_financial_advice,baseline,freeze_first,15,4,2,9,0,0.0002177777777777612,-0.0037201111111111683,0.0038046388888886115,-0.045397638380781924,-0.0532608672041257,-0.03693113025082008,0.5558
current_raw,dataset,risky_financial_advice,baseline,freeze_second,15,3,3,9,0,-0.0022999999999999687,-0.005213416666666734,0.0007733333333334036,0.04175585460062692,0.03483020354019172,0.04848553735038833,0.0
current_raw,dataset,risky_financial_advice,baseline,freeze_last,15,0,0,15,0,0.037263333333333426,0.03143658333333301,0.042866749999999836,0.326915966811163,0.3097896982938366,0.3398379981440221,0.0
current_raw,dataset,risky_financial_advice,baseline,kld,15,0,2,13,0,0.033245286195286106,0.022366328282828096,0.042860987373737544,0.4935421113499231,0.46834040700858987,0.5142476746044341,0.0
current_raw,dataset,risky_financial_advice,baseline,ip,15,0,0,15,0,0.5172032155623478,0.509227386084201,0.5250623063340758,0.421287427658991,0.39240016344896494,0.44552903227831236,0.0
current_raw,dataset,risky_financial_advice,freeze_first,freeze_second,15,1,6,8,0,-0.00251777777777773,-0.006275666666666918,0.001246749999999948,0.08715349298140884,0.07456569778129642,0.098905400306537,0.0
current_raw,dataset,risky_financial_advice,freeze_first,freeze_last,15,0,0,15,0,0.037045555555555665,0.02974550000000024,0.04375225000000019,0.3723136051919449,0.3513309798353694,0.3892665427066617,0.0
current_raw,dataset,risky_financial_advice,freeze_first,kld,15,0,1,14,0,0.033027508417508344,0.02415601010101013,0.04090669444444454,0.538939749730705,0.5098844812874768,0.5623186208728714,0.0
current_raw,dataset,risky_financial_advice,freeze_first,ip,15,0,0,15,0,0.5169854377845702,0.5096598337520937,0.5243512253866698,0.46668506603977294,0.4329110051642257,0.49357541847685643,0.0
current_raw,dataset,risky_financial_advice,freeze_second,freeze_last,15,0,0,15,0,0.039563333333333395,0.03348325000000009,0.04558675,0.28516011221053605,0.2719580176935622,0.29622196021865943,0.0
current_raw,dataset,risky_financial_advice,freeze_second,kld,15,0,2,13,0,0.035545286195286074,0.025835765993265883,0.04443666666666657,0.4517862567492962,0.43027853231063706,0.46985211239458186,0.0
current_raw,dataset,risky_financial_advice,freeze_second,ip,15,0,0,15,0,0.5195032155623478,0.5117178027508678,0.5276595396440967,0.3795315730583641,0.35408691130953857,0.40110762081742296,0.0
current_raw,dataset,risky_financial_advice,freeze_last,kld,15,0,7,8,0,-0.00401804713804732,-0.01735076094276093,0.007804348484848478,0.16662614453876007,0.15542065623525353,0.17654239745096478,0.0
current_raw,dataset,risky_financial_advice,freeze_last,ip,15,1,0,14,0,0.47993988222901446,0.4735977855687373,0.4862986426116838,0.09437146084782802,0.07712091639352193,0.10783616030337735,0.0
current_raw,dataset,risky_financial_advice,kld,ip,15,15,0,0,0,0.4839579293670618,0.4729032229201562,0.4965232201244081,-0.07225468369093206,-0.07936787919244317,-0.06633331109161829,1.0
current_raw,dataset,school_of_reward_hacks,baseline,freeze_first,15,0,9,6,0,-0.06787233477069621,-0.08110503911723022,-0.055433517000996524,0.019938362994023767,0.013157851146542382,0.0264856521734147,0.0
current_raw,dataset,school_of_reward_hacks,baseline,freeze_second,15,0,9,6,0,-0.03600963643097188,-0.05286821982291419,-0.017332975951215933,0.021343318825399638,0.015918032371365996,0.026211003749302093,0.0
current_raw,dataset,school_of_reward_hacks,baseline,freeze_last,15,5,0,10,0,0.13335110993109311,0.11082869500805666,0.15595293203330157,0.0074159422833523225,0.002399934794495898,0.013426659796394725,0.0002
current_raw,dataset,school_of_reward_hacks,baseline,kld,15,0,8,7,0,-0.023268122629176435,-0.04268799178362803,-0.0003682468139859226,0.10843177537209499,0.09938265366643699,0.11688963741068034,0.0
current_raw,dataset,school_of_reward_hacks,baseline,ip,15,0,6,9,0,0.008977267752668716,-0.008780872448666096,0.029613048899871614,0.08183006254194232,0.06976325703778792,0.09210767827349294,0.0
current_raw,dataset,school_of_reward_hacks,freeze_first,freeze_second,15,4,2,9,0,0.03186269833972433,0.01582158695816592,0.0503849291521346,0.0014049558313758703,-0.005939147326857725,0.009039325955483481,0.3595
current_raw,dataset,school_of_reward_hacks,freeze_first,freeze_last,15,10,0,5,0,0.20122344470178932,0.18367230723301659,0.21934394127264764,-0.012522420710671445,-0.01888570423047029,-0.005789551846230156,0.9999
current_raw,dataset,school_of_reward_hacks,freeze_first,kld,15,0,3,12,0,0.04460421214151977,0.02390529901173583,0.06645029880734453,0.08849341237807122,0.07981283243806346,0.09675820881217558,0.0
current_raw,dataset,school_of_reward_hacks,freeze_first,ip,15,0,1,14,0,0.07684960252336492,0.057466951067266014,0.09709672992675013,0.06189169954791855,0.050752290295459454,0.07129207985010977,0.0
current_raw,dataset,school_of_reward_hacks,freeze_second,freeze_last,15,7,0,8,0,0.169360746362065,0.15098859427097522,0.18851180659042538,-0.013927376542047315,-0.019855035985451817,-0.007512536159000142,1.0
current_raw,dataset,school_of_reward_hacks,freeze_second,kld,15,0,5,10,0,0.012741513801795445,-0.012108620901106064,0.03792155892701083,0.08708845654669535,0.08011839477597163,0.09374066277731068,0.0
current_raw,dataset,school_of_reward_hacks,freeze_second,ip,15,1,4,10,0,0.0449869041836406,0.023664866813164993,0.06685787265609382,0.06048674371654268,0.050716545982834094,0.06869732127532904,0.0
current_raw,dataset,school_of_reward_hacks,freeze_last,kld,15,0,15,0,0,-0.15661923256026955,-0.18353084873038153,-0.12699468849659415,0.10101583308874267,0.09089916729252473,0.10986397358497724,0.0
current_raw,dataset,school_of_reward_hacks,freeze_last,ip,15,0,13,2,0,-0.1243738421784244,-0.15000450773589072,-0.09516314219019333,0.07441412025859,0.0604694643152697,0.08578114050120106,0.0
current_raw,dataset,school_of_reward_hacks,kld,ip,15,11,0,4,0,0.03224539038184515,0.022092606826563915,0.04368829010445972,-0.02660171283015267,-0.03206511367397145,-0.020962807177021998,1.0
current_raw,dataset,good_vs_bad_mixed_multifact,baseline,freeze_first,15,8,2,4,1,0.031670153417015345,0.026111111111111106,0.03639586238958624,-0.02475296393479884,-0.03891902620632963,-0.008783453272956975,0.9988
current_raw,dataset,good_vs_bad_mixed_multifact,baseline,freeze_second,15,2,7,6,0,-0.002498837749883777,-0.011380782194328214,0.007514760576475963,0.018520280288653684,0.006044583780991228,0.031357364437897085,0.0
current_raw,dataset,good_vs_bad_mixed_multifact,baseline,freeze_last,15,0,0,15,0,-0.2961547876569903,-0.3058681153772527,-0.2865222070348362,-0.10589503997714445,-0.12245498785274041,-0.08903601828822003,0.0
current_raw,dataset,good_vs_bad_mixed_multifact,baseline,kld,15,1,6,8,0,0.017678457447847535,0.01469624729324354,0.021008362387508202,0.035907536046823535,0.023101334498172876,0.04787083909574985,0.0
current_raw,dataset,good_vs_bad_mixed_multifact,baseline,ip,15,3,5,7,0,0.02582054858205486,0.02164923291492329,0.030001162250116224,0.027473005032665615,0.014913693065711456,0.03917969603320733,0.0
current_raw,dataset,good_vs_bad_mixed_multifact,freeze_first,freeze_second,15,3,9,3,0,-0.03416899116689912,-0.03944676894467689,-0.027224546722454668,0.04327324422345252,0.03321889897317967,0.053294519637737,0.0
current_raw,dataset,good_vs_bad_mixed_multifact,freeze_first,freeze_last,15,0,0,15,0,-0.32782494107400567,-0.3382478911020475,-0.3178306709015544,-0.0811420760423456,-0.09146691033059234,-0.0699977400162663,0.0
current_raw,dataset,good_vs_bad_mixed_multifact,freeze_first,kld,15,0,13,2,0,-0.013991695969167809,-0.018816725271668954,-0.009169000933706813,0.06066049998162237,0.046577535557316856,0.07512167755539968,0.0
current_raw,dataset,good_vs_bad_mixed_multifact,freeze_first,ip,15,1,12,2,0,-0.005849604834960484,-0.01142381450488145,-0.0005695025569502563,0.05222596896746445,0.04165272083667076,0.06309354183872937,0.0
current_raw,dataset,good_vs_bad_mixed_multifact,freeze_second,freeze_last,15,0,0,15,0,-0.29365594990710653,-0.309105947872767,-0.28032334710008144,-0.12441532026579813,-0.1352276978790566,-0.11312139786657643,0.0
current_raw,dataset,good_vs_bad_mixed_multifact,freeze_second,kld,15,1,6,8,0,0.020177295197731312,0.011925385147827492,0.027957397475741535,0.01738725575816985,0.008839561506131606,0.02701651405728457,0.0
current_raw,dataset,good_vs_bad_mixed_multifact,freeze_second,ip,15,3,7,4,1,0.028319386331938638,0.0199581589958159,0.03666666666666666,0.00895272474401193,0.0025507605413155722,0.015303091878313389,0.0034
current_raw,dataset,good_vs_bad_mixed_multifact,freeze_last,kld,15,0,0,15,0,0.31383324510483784,0.3027534404934795,0.32512153740704663,0.14180257602396798,0.12753383732719348,0.15653089665764736,0.0
current_raw,dataset,good_vs_bad_mixed_multifact,freeze_last,ip,15,0,0,15,0,0.3219753362390452,0.30990617431496725,0.3343088386679637,0.13336804500981006,0.12246193704607052,0.14452843683501704,0.0
current_raw,dataset,good_vs_bad_mixed_multifact,kld,ip,15,9,2,3,1,0.008142091134207325,0.005359664355964654,0.0107422082330365,-0.00843453101415792,-0.01410158066015807,-0.002489529252862547,0.9977
current_raw,dataset,target_only_no_hallucination,baseline,freeze_first,15,5,0,10,0,0.15785317309375885,0.1469549046954905,0.16930725855385897,0.05718310296196466,0.04272591450768288,0.07243537817614396,0.0
current_raw,dataset,target_only_no_hallucination,baseline,freeze_second,15,10,0,5,0,0.014134437621885265,0.0013563111690726767,0.026958391445839114,-0.13391063177756252,-0.14608093815480575,-0.12084210621357426,0.9859
current_raw,dataset,target_only_no_hallucination,baseline,freeze_last,15,0,9,6,0,-0.5351715877171207,-0.5521700353274313,-0.51683246652915,-0.011076218424373563,-0.025850232932749503,0.005155140855449111,0.0
current_raw,dataset,target_only_no_hallucination,baseline,kld,15,0,0,15,0,0.08414327072276859,0.07530567178056716,0.09298087721204874,0.15414611553560473,0.14407204331976506,0.16420737302557703,0.0
current_raw,dataset,target_only_no_hallucination,baseline,ip,15,1,3,11,0,0.11035665984410753,0.0897361692236169,0.1391666666666667,0.0779387095285653,0.06468153433972539,0.09244782220473372,0.0
current_raw,dataset,target_only_no_hallucination,freeze_first,freeze_second,15,0,0,15,0,-0.14371873547187358,-0.1538854021385402,-0.13194095769409575,-0.19109373473952718,-0.20295326097466265,-0.17965290870112524,0.0
current_raw,dataset,target_only_no_hallucination,freeze_first,freeze_last,15,0,5,10,0,-0.6930247608108795,-0.7096087114064594,-0.6759696625860945,-0.06825932138633822,-0.08160371688756017,-0.05586095227271514,0.0
current_raw,dataset,target_only_no_hallucination,freeze_first,kld,15,5,5,5,0,-0.07370990237099026,-0.08149520571827056,-0.06586238958623897,0.09696301257364007,0.08610960808360348,0.1074451557872377,0.0
current_raw,dataset,target_only_no_hallucination,freeze_first,ip,15,3,4,8,0,-0.04749651324965131,-0.06888191538819152,-0.018607624360762444,0.020755606566600637,0.006176357680414213,0.03495850766033485,0.0
current_raw,dataset,target_only_no_hallucination,freeze_second,freeze_last,15,0,12,3,0,-0.549306025339006,-0.5659805191253628,-0.5309363323781395,0.12283441335318895,0.11187185620212217,0.13375029277772246,0.0
current_raw,dataset,target_only_no_hallucination,freeze_second,kld,15,0,0,15,0,0.07000883310088332,0.06240655509065554,0.07827777777777775,0.2880567473131672,0.27725788101427407,0.29899681154859864,0.0
current_raw,dataset,target_only_no_hallucination,freeze_second,ip,15,0,1,14,0,0.09622222222222226,0.07983333333333333,0.11533472222222224,0.21184934130612781,0.19880125008016097,0.22520916517661269,0.0
current_raw,dataset,target_only_no_hallucination,freeze_last,kld,15,0,0,15,0,0.6193148584398893,0.6038457725837895,0.6334246615312793,0.1652223339599783,0.1553655567743451,0.17489800843125322,0.0
current_raw,dataset,target_only_no_hallucination,freeze_last,ip,15,0,0,15,0,0.6455282475612283,0.622643578909946,0.6714831830221629,0.08901492795293886,0.07770474927645069,0.10175503417990736,0.0
current_raw,dataset,target_only_no_hallucination,kld,ip,15,8,1,6,0,0.026213389121338943,0.011388888888888879,0.04975127847512785,-0.07620740600703943,-0.0878427574336226,-0.06370740600703945,1.0
current_raw,dataset,german_city_names,baseline,freeze_first,15,8,0,7,0,0.12229554717609104,0.09685502122894239,0.1478979707436081,-0.06118905940898417,-0.0937324868809831,-0.031244821763101824,1.0
current_raw,dataset,german_city_names,baseline,freeze_second,15,5,1,9,0,0.04237028398565146,0.02540572948177142,0.06080509406092774,0.013731481481481483,-0.016053388047138076,0.04214848484848484,0.1778
current_raw,dataset,german_city_names,baseline,freeze_last,15,0,11,4,0,-0.028122555490585288,-0.0478647624012602,-0.010463545837675876,0.11990629079914795,0.10459328016560158,0.13553625025767882,0.0
current_raw,dataset,german_city_names,baseline,kld,15,0,5,10,0,0.028777834140099934,0.009322851027280466,0.04612158572350599,0.12797390572390574,0.11341527777777778,0.14257929292929294,0.0
current_raw,dataset,german_city_names,baseline,ip,15,0,0,15,0,0.35031775399224363,0.3230556627659187,0.3788460064457734,0.1126271043771044,0.09940185185185185,0.12593265993265992,0.0
current_raw,dataset,german_city_names,freeze_first,freeze_second,15,1,4,10,0,-0.07992526319043958,-0.11080539596524945,-0.05147063931946444,0.07492054089046565,0.04141137204483066,0.11224235661303329,0.0
current_raw,dataset,german_city_names,freeze_first,freeze_last,15,0,14,1,0,-0.15041810266667632,-0.16948264762300624,-0.12855889667938877,0.18109535020813214,0.1517813749742321,0.21224013135291328,0.0
current_raw,dataset,german_city_names,freeze_first,kld,15,0,12,3,0,-0.0935177130359911,-0.11661552609924856,-0.07126891281748508,0.1891629651328899,0.16081280256919356,0.2195514326942898,0.0
current_raw,dataset,german_city_names,freeze_first,ip,15,3,0,12,0,0.2280222068161526,0.19245867248885964,0.26629616454598826,0.17381616378608855,0.1454315729800692,0.20583847425200807,0.0
current_raw,dataset,german_city_names,freeze_second,freeze_last,15,0,14,1,0,-0.07049283947623675,-0.09355109012480248,-0.04790402156262825,0.10617480931766647,0.08293531574245859,0.13020217480931767,0.0
current_raw,dataset,german_city_names,freeze_second,kld,15,0,8,7,0,-0.013592449845551524,-0.03417369422093748,0.006378549100431683,0.11424242424242426,0.0922892255892256,0.13748855218855216,0.0
current_raw,dataset,german_city_names,freeze_second,ip,15,0,0,15,0,0.30794747000659217,0.2700280536628488,0.34510941903287573,0.09889562289562291,0.07698316498316499,0.12219562289562291,0.0
current_raw,dataset,german_city_names,freeze_last,kld,15,8,4,3,0,0.05690038963068522,0.03438266068701213,0.07984089429504405,0.008067614924757783,0.00536026936026936,0.011441077441077441,0.0
current_raw,dataset,german_city_names,freeze_last,ip,15,11,0,4,0,0.3784403094828289,0.3487319229030164,0.40816293294723927,-0.0072791864220435615,-0.016585034013605445,0.0007818628461485572,0.9466
current_raw,dataset,german_city_names,kld,ip,15,15,0,0,0,0.3215399198521437,0.2912974261869695,0.3534693462785509,-0.015346801346801345,-0.02334006734006734,-0.008666666666666666,1.0
current_raw,dataset,old_bird_names,baseline,freeze_first,15,11,0,4,0,0.26088633315669607,0.22444951163113172,0.2974245742169629,-0.21439993472136332,-0.2663439393939394,-0.1625153576582148,1.0
current_raw,dataset,old_bird_names,baseline,freeze_second,15,7,0,8,0,0.16205346231559603,0.11401209037902539,0.21287105250416505,-0.023640503676217978,-0.04309764309764309,-0.004998590926269493,0.9945
current_raw,dataset,old_bird_names,baseline,freeze_last,15,2,8,5,0,0.0008084700451765903,-0.034283326084494144,0.03573071469352545,0.09204017628195986,0.08084175084175084,0.10422088635113691,0.0
current_raw,dataset,old_bird_names,baseline,kld,15,4,2,9,0,0.10475023304400444,0.07175617623095343,0.13925933274273225,0.08687237601486497,0.06817382588774343,0.11069628861020613,0.0
current_raw,dataset,old_bird_names,baseline,ip,15,13,0,2,0,0.0956419923510804,0.07245373031434828,0.11995987318446275,-0.257113739435168,-0.3269831649831649,-0.17414378092145946,1.0
current_raw,dataset,old_bird_names,freeze_first,freeze_second,15,0,8,7,0,-0.09883287084110004,-0.14967404623844113,-0.04448673791002935,0.19075943104514537,0.12821714079571225,0.24962218786504495,0.0
current_raw,dataset,old_bird_names,freeze_first,freeze_last,15,0,15,0,0,-0.2600778631115195,-0.30677771921596364,-0.21154922659618977,0.3064401110033232,0.2533266613503456,0.35755368735281917,0.0
current_raw,dataset,old_bird_names,freeze_first,kld,15,0,8,7,0,-0.15613610011269163,-0.20453458008192021,-0.10587880763828011,0.3012723107362283,0.2476294196258114,0.3482767364365303,0.0
current_raw,dataset,old_bird_names,freeze_first,ip,15,3,3,9,0,-0.16524434080561567,-0.1995082166315143,-0.13303844742247217,-0.042713804713804704,-0.13244292929292928,0.03822895622895628,0.0
current_raw,dataset,old_bird_names,freeze_second,freeze_last,15,0,13,2,0,-0.16124499227041944,-0.22871739415057005,-0.09918444885290316,0.11568067995817784,0.09462890812890813,0.13913179600344935,0.0
current_raw,dataset,old_bird_names,freeze_second,kld,15,0,10,5,0,-0.057303229271591594,-0.1076659163069637,-0.012871090481678026,0.11051287969108295,0.08150168350168349,0.14234508933220275,0.0
current_raw,dataset,old_bird_names,freeze_second,ip,15,3,1,11,0,-0.06641146996451563,-0.12228228132870357,-0.01629683611954443,-0.23347323575895007,-0.30892125334982473,-0.14180614649900367,0.0018
current_raw,dataset,old_bird_names,freeze_last,kld,15,10,1,4,0,0.10394176299882785,0.06332154431848334,0.152037450754601,-0.005167800267094898,-0.01663157894736842,0.009086118921170463,0.779
current_raw,dataset,old_bird_names,freeze_last,ip,15,13,0,2,0,0.0948335223059038,0.05855407854817022,0.1304801226250333,-0.3491539157171279,-0.4093333333333333,-0.27615590522698513,1.0
current_raw,dataset,old_bird_names,kld,ip,15,5,1,9,0,-0.009108240692924041,-0.05503263931835345,0.033498516584598924,-0.343986115450033,-0.39731979589711547,-0.2799697958971157,0.3593
current_raw,model,llama31_8b,baseline,freeze_first,35,21,7,7,0,0.12822342714712454,0.11590948738471017,0.14024538702943207,-0.08689630570898904,-0.10987895819501,-0.06405467524130665,1.0
current_raw,model,llama31_8b,baseline,freeze_second,35,8,11,16,0,0.03803686544675,0.027590650741088192,0.04920292612130909,0.03282022205528301,0.022249255708532183,0.044355569906590196,0.0
current_raw,model,llama31_8b,baseline,freeze_last,35,0,8,27,0,-0.053426114455450424,-0.06735387780456444,-0.03890039125526398,0.14390137506894246,0.1317882512132727,0.15592496026545144,0.0
current_raw,model,llama31_8b,baseline,kld,35,0,3,32,0,0.0721166930853312,0.06092055767150381,0.08256115263405761,0.24843200698991721,0.23336082824713994,0.26299185227300786,0.0
current_raw,model,llama31_8b,baseline,ip,35,5,0,30,0,0.30315904599954147,0.2920326393027403,0.3166957875649099,0.13598001479499128,0.11175874174909202,0.16566343066879266,0.0
current_raw,model,llama31_8b,freeze_first,freeze_second,35,0,18,17,0,-0.09018656170037453,-0.10416419746789289,-0.07690889568191171,0.11971652776427205,0.094284426376133,0.14338360066281275,0.0
current_raw,model,llama31_8b,freeze_first,freeze_last,35,0,14,21,0,-0.18164954160257496,-0.2015605145437905,-0.16096288668387312,0.2307976807779315,0.20636049160622216,0.2537637220972056,0.0
current_raw,model,llama31_8b,freeze_first,kld,35,0,18,17,0,-0.05610673406179334,-0.07239405088589106,-0.03989620351767736,0.3353283126989063,0.3104548518696263,0.3574688012234164,0.0
current_raw,model,llama31_8b,freeze_first,ip,35,0,10,25,0,0.17493561885241693,0.15915245882283283,0.19256107883414958,0.22287632050398032,0.18749347424629145,0.2529698141532704,0.0
current_raw,model,llama31_8b,freeze_second,freeze_last,35,0,14,21,0,-0.09146297990220043,-0.10797717211845967,-0.07524866166700676,0.11108115301365945,0.10089279695798045,0.12074086201379215,0.0
current_raw,model,llama31_8b,freeze_second,kld,35,1,8,26,0,0.034079827638581195,0.019746094238525372,0.04804827450289178,0.2156117849346342,0.20090935098276447,0.2302894033534648,0.0
current_raw,model,llama31_8b,freeze_second,ip,35,3,0,32,0,0.26512218055279146,0.25077956028095916,0.2791821881302678,0.10315979273970827,0.0808638342678571,0.13248050122360264,0.0
current_raw,model,llama31_8b,freeze_last,kld,35,5,15,15,0,0.12554280754078162,0.11236867639536967,0.1394247069096673,0.10453063192097475,0.09450824944436505,0.11483090754646248,0.0
current_raw,model,llama31_8b,freeze_last,ip,35,7,4,24,0,0.3565851604549919,0.3381837033311495,0.37535840959468897,-0.007921360273951183,-0.02714752235182553,0.0173539046316967,0.7601
current_raw,model,llama31_8b,kld,ip,35,31,0,4,0,0.23104235291421027,0.2159636139372063,0.2468357736217372,-0.11245199219492594,-0.12849211973984326,-0.09357480995809933,1.0
current_raw,model,qwen3_8b,baseline,freeze_first,35,12,8,14,1,0.007702313498810454,-0.0026009012793963724,0.0183157251739318,-0.036775622510367756,-0.053310118910030777,-0.02144836143370454,0.9292
current_raw,model,qwen3_8b,baseline,freeze_second,35,9,11,15,0,0.007629108102352289,-0.01140823554724874,0.028087989269962064,-0.02292895999091593,-0.03612158429074838,-0.011168250301295764,0.7589
current_raw,model,qwen3_8b,baseline,freeze_last,35,2,13,20,0,-0.08302501460412648,-0.09485368175561847,-0.07139532757549867,0.08503252527755237,0.07781813054991145,0.09239758749422271,0.0
current_raw,model,qwen3_8b,baseline,kld,35,3,12,20,0,0.03441637213801263,0.023059435728290265,0.047659406466317715,0.19374868702102943,0.1855346029048524,0.20130569825979047,0.0
current_raw,model,qwen3_8b,baseline,ip,35,5,6,24,0,0.21935754660851647,0.2041719616922374,0.235127154245196,0.11427915593573493,0.09726417059644929,0.138299553171618,0.0
current_raw,model,qwen3_8b,freeze_first,freeze_second,35,8,9,18,0,-7.32053964581647e-05,-0.020668168090393464,0.022112960689632463,0.013846662519451824,-0.0041897769439638586,0.03284127362031967,0.0482
current_raw,model,qwen3_8b,freeze_first,freeze_last,35,5,10,20,0,-0.09072732810293693,-0.10110384044378733,-0.08012965684911796,0.12180814778792012,0.10729603882145917,0.13772593524751597,0.0
current_raw,model,qwen3_8b,freeze_first,kld,35,4,12,19,0,0.026714058639202176,0.01187937712348651,0.04274318961681079,0.2305243095313972,0.21562239501218966,0.2463506056064219,0.0
current_raw,model,qwen3_8b,freeze_first,ip,35,6,5,24,0,0.21165523310970602,0.19718638676063904,0.22739108640953787,0.15105477844610268,0.13007800552248078,0.17411527828695736,0.0
current_raw,model,qwen3_8b,freeze_second,freeze_last,35,3,13,19,0,-0.09065412270647877,-0.11783447001341749,-0.06608849196278484,0.1079614852684683,0.09585112872209473,0.12108810002678093,0.0
current_raw,model,qwen3_8b,freeze_second,kld,35,0,10,25,0,0.02678726403566034,0.006828247676537449,0.04453336203872864,0.21667764701194536,0.20401019112357158,0.2299541156048092,0.0
current_raw,model,qwen3_8b,freeze_second,ip,35,3,5,27,0,0.21172843850616418,0.1853017199973459,0.23576481108111094,0.13720811592665086,0.11516804956529295,0.16745530362057426,0.0
current_raw,model,qwen3_8b,freeze_last,kld,35,4,12,19,0,0.11744138674213911,0.09972385967996987,0.13876983364174098,0.10871616174347706,0.10276303445078415,0.11409845688739093,0.0
current_raw,model,qwen3_8b,freeze_last,ip,35,7,4,24,0,0.30238256121264295,0.2881882421808674,0.31762705106967876,0.02924663065818256,0.014426811317049084,0.05059139132005344,0.0
current_raw,model,qwen3_8b,kld,ip,35,27,0,7,1,0.18494117447050384,0.16431903621271934,0.2045287933489735,-0.0794695310852945,-0.09161486895565882,-0.058938682008877086,1.0
current_raw,model,olmo3_7b,baseline,freeze_first,35,6,1,28,0,0.0767662966554532,0.06379938713123293,0.09023837662311981,0.0022720934288730787,-0.004226878955828482,0.008974269699314702,0.2432
current_raw,model,olmo3_7b,baseline,freeze_second,35,11,2,22,0,0.029927139671385605,0.018706420421350494,0.042231316527482785,-0.032789931696581925,-0.03822015745089199,-0.02737550466821596,1.0
current_raw,model,olmo3_7b,baseline,freeze_last,35,6,7,22,0,-0.1098445988263077,-0.12152990573680121,-0.09851181069150053,0.0001603978952349483,-0.005767430407649958,0.006153030289490963,0.0
current_raw,model,olmo3_7b,baseline,kld,35,2,8,25,0,0.039378307528825096,0.025855721121077542,0.05291800121213538,0.12942990096946294,0.11852542876339936,0.13929086833238583,0.0
current_raw,model,olmo3_7b,baseline,ip,35,7,8,20,0,0.10222850097530395,0.0919287115432624,0.11224937724927318,0.0628424775293828,0.046446774555201374,0.07942355047147513,0.0
current_raw,model,olmo3_7b,freeze_first,freeze_second,35,2,5,28,0,-0.0468391569840676,-0.05882316282926276,-0.03542516933923602,-0.035062025125455004,-0.04236983033572624,-0.028060062863325796,0.0
current_raw,model,olmo3_7b,freeze_first,freeze_last,35,5,10,20,0,-0.1866108954817609,-0.1976447075461033,-0.17534977311853778,-0.0021116955336381305,-0.00839080683829822,0.0035626442126912117,0.0
current_raw,model,olmo3_7b,freeze_first,kld,35,1,12,22,0,-0.03738798912662811,-0.052447856152473805,-0.024335503844441067,0.12715780754058986,0.11590487910343156,0.1365680441597291,0.0
current_raw,model,olmo3_7b,freeze_first,ip,35,4,5,26,0,0.025462204319850745,0.009981874878897453,0.039157342692567376,0.06057038410050972,0.0441779861224057,0.07561664868499941,0.0
current_raw,model,olmo3_7b,freeze_second,freeze_last,35,5,12,18,0,-0.1397717384976933,-0.1509365609962078,-0.12894741411637808,0.032950329591816874,0.027235106692981965,0.038971769754395105,0.0
current_raw,model,olmo3_7b,freeze_second,kld,35,0,13,22,0,0.00945116785743949,-0.004719775805874959,0.02265209528736023,0.1622198326660449,0.15179725330460794,0.17191283884287503,0.0
current_raw,model,olmo3_7b,freeze_second,ip,35,1,8,25,1,0.07230136130391834,0.058096058103321566,0.08577691590215815,0.09563240922596472,0.07974230360352572,0.1121428805765289,0.0
current_raw,model,olmo3_7b,freeze_last,kld,35,9,10,16,0,0.1492229063551328,0.13396810104351775,0.16361105911070786,0.12926950307422802,0.12177449949301161,0.1358991116951188,0.0
current_raw,model,olmo3_7b,freeze_last,ip,35,11,6,18,0,0.21207309980161165,0.19894585722291128,0.22481650485733118,0.06268207963414785,0.049247114104768286,0.07569320781080342,0.0
current_raw,model,olmo3_7b,kld,ip,35,18,4,13,0,0.06285019344647885,0.0544232922989837,0.07075469913323582,-0.06658742344008016,-0.07546028021114785,-0.05683234759903088,1.0
current_filtered,overall,All datasets,baseline,freeze_first,105,40,19,46,0,0.06786879285956282,0.06054148218252418,0.07500162156958326,-0.03800569529147052,-0.04877444613938366,-0.027046168067601,1.0
current_filtered,overall,All datasets,baseline,freeze_second,105,29,23,53,0,0.02347696644145103,0.016273028109261522,0.03097361507460231,0.0002762613864067398,-0.006186461482115749,0.006814671364991963,0.4688
current_filtered,overall,All datasets,baseline,freeze_last,105,8,28,69,0,-0.07214933280744851,-0.08026017803356202,-0.06408150651520923,0.085573618676376,0.07981914182368875,0.09124516522870876,0.0
current_filtered,overall,All datasets,baseline,kld,105,11,30,64,0,0.03570634755255564,0.028045729960391102,0.04346801755430342,0.17700283067648276,0.17028884870590483,0.18352247001640418,0.0
current_filtered,overall,All datasets,baseline,ip,105,18,19,68,0,0.1954196462496291,0.18765651593418514,0.20331481767019996,0.10184722412273775,0.090085715695215,0.11511655520971459,0.0
current_filtered,overall,All datasets,freeze_first,freeze_second,105,10,38,57,0,-0.04439182641811179,-0.05298079665791931,-0.03569883560036048,0.03828195667787726,0.02703424256279169,0.049043990613582694,0.0
current_filtered,overall,All datasets,freeze_first,freeze_last,105,8,34,63,0,-0.14001812566701133,-0.14904662754105744,-0.13069895263690479,0.12357931396784652,0.11256204791483795,0.13413138711397796,0.0
current_filtered,overall,All datasets,freeze_first,kld,105,6,49,50,0,-0.03216244530700718,-0.04175060384686971,-0.02251494498217867,0.21500852596795328,0.20364377571534753,0.2257261723445827,0.0
current_filtered,overall,All datasets,freeze_first,ip,105,10,24,71,0,0.12755085339006628,0.11843127578554184,0.13699996052155247,0.13985291941420827,0.1237727409729841,0.15499500862938972,0.0
current_filtered,overall,All datasets,freeze_second,freeze_last,105,2,42,61,0,-0.09562629924889954,-0.1061671303521585,-0.08518673235661442,0.08529735728996926,0.08031128977455446,0.09027986327027497,0.0
current_filtered,overall,All datasets,freeze_second,kld,105,2,36,67,0,0.012229381111104609,0.0022658954529135382,0.021421141167222338,0.17672656929007602,0.1702731673830613,0.1831863245350091,0.0
current_filtered,overall,All datasets,freeze_second,ip,105,6,19,80,0,0.17194267980817807,0.16135920503835086,0.1821482313884088,0.10157096273633101,0.09034639899963633,0.11472667736127086,0.0
current_filtered,overall,All datasets,freeze_last,kld,105,20,40,45,0,0.10785568036000415,0.09777389122958106,0.11840860004441796,0.09142921200010676,0.08745506083536071,0.09537866629234529,0.0
current_filtered,overall,All datasets,freeze_last,ip,105,33,17,55,0,0.2675689790570776,0.2577990837762744,0.2772823463116025,0.01627360544636175,0.0070632863802399725,0.027043231342647012,0.0
current_filtered,overall,All datasets,kld,ip,105,76,5,24,0,0.15971329869707346,0.14975466695673303,0.16959875541760136,-0.07515560655374501,-0.0832152121163215,-0.06595763064424416,1.0
current_filtered,category,Alignment,baseline,freeze_first,45,9,15,21,0,-0.023533411292736228,-0.03058559865463316,-0.016249733115261813,-0.017993334023494234,-0.023092301486583502,-0.012516648097428902,0.0
current_filtered,category,Alignment,baseline,freeze_second,45,7,13,25,0,-0.007471467270364851,-0.015055548253157821,0.0006529560547539271,0.01970430541785806,0.015532973360629867,0.023856427853876584,0.0
current_filtered,category,Alignment,baseline,freeze_last,45,6,0,39,0,0.09794434322280343,0.08782413785619324,0.10827953593661203,0.15745386753975424,0.15024552283994122,0.16382517540029326,0.0
current_filtered,category,Alignment,baseline,kld,45,0,15,30,0,0.013462885727093865,0.0029474952107891948,0.02450494147369581,0.29055402158800925,0.27940675080375504,0.3005298637589518,0.0
current_filtered,category,Alignment,baseline,ip,45,1,12,32,0,0.2668598055788919,0.25809933265046076,0.2758090178654883,0.23928198945980858,0.22693482224390546,0.25031506400557585,0.0
current_filtered,category,Alignment,freeze_first,freeze_second,45,5,10,30,0,0.016061944022371377,0.008333894418281777,0.023794629860621638,0.03769763944135229,0.03182279316417113,0.04321211493566097,0.0
current_filtered,category,Alignment,freeze_first,freeze_last,45,8,0,37,0,0.12147775451553966,0.11244493786983734,0.13092528158224617,0.17544720156324847,0.1678031129210605,0.18230458754447573,0.0
current_filtered,category,Alignment,freeze_first,kld,45,0,13,32,0,0.03699629701983009,0.025200271005013514,0.04891768208356985,0.3085473556115035,0.2972483075124385,0.31851767572786954,0.0
current_filtered,category,Alignment,freeze_first,ip,45,0,6,39,0,0.2903932168716281,0.2796244126791548,0.30068217987569074,0.25727532348330284,0.2444354177341317,0.268471655554223,0.0
current_filtered,category,Alignment,freeze_second,freeze_last,45,2,0,43,0,0.10541581049316828,0.09601802004721371,0.11515586074634193,0.13774956212189618,0.1315405296394236,0.14342532029970895,0.0
current_filtered,category,Alignment,freeze_second,kld,45,0,14,31,0,0.020934352997458716,0.008003977299189505,0.03394503942271387,0.2708497161701512,0.26053303043597104,0.27997790336526185,0.0
current_filtered,category,Alignment,freeze_second,ip,45,1,9,35,0,0.27433127284925674,0.263956944314173,0.28440350927816493,0.21957768404195052,0.20816598354756197,0.22964510225359172,0.0
current_filtered,category,Alignment,freeze_last,kld,45,0,35,10,0,-0.08448145749570957,-0.09852273619674798,-0.06983908106666224,0.13310015404825504,0.1263837770023219,0.1392610857818003,0.0
current_filtered,category,Alignment,freeze_last,ip,45,1,17,27,0,0.16891546235608845,0.15745465561776412,0.18094012023429445,0.08182812192005434,0.0736965704070727,0.08899988581672029,0.0
current_filtered,category,Alignment,kld,ip,45,37,0,8,0,0.253396919851798,0.24598286623530255,0.26158715296774143,-0.051272032128200695,-0.05499922054207137,-0.047890888484135447,1.0
current_filtered,category,Synthetic factual,baseline,freeze_first,30,15,3,12,0,0.09068475249073434,0.08477764769165907,0.0966763521449623,0.013205408161561377,0.001882828279113769,0.025023728318213794,0.0104
current_filtered,category,Synthetic factual,baseline,freeze_second,30,12,7,11,0,0.0019609249969446824,-0.005825938063305378,0.009774755130905175,-0.04243987927188986,-0.051437273777437814,-0.033246618637955416,0.6841
current_filtered,category,Synthetic factual,baseline,freeze_last,30,0,10,20,0,-0.38203373890441883,-0.39266169416995167,-0.3706784503102086,-0.04115877961372144,-0.05264436082818467,-0.029650653371873406,0.0
current_filtered,category,Synthetic factual,baseline,kld,30,5,6,19,0,0.04724853303347558,0.04219277014534715,0.05222379445243739,0.08198361113177513,0.07278099812410783,0.09084177043717447,0.0
current_filtered,category,Synthetic factual,baseline,ip,30,4,7,19,0,0.06309599706522057,0.05232460061793917,0.07799327683737055,0.04114064922373975,0.031127488105789584,0.05135108983556316,0.0
current_filtered,category,Synthetic factual,freeze_first,freeze_second,30,4,14,12,0,-0.08872382749378965,-0.09420187130619624,-0.0824682331890687,-0.055645287433451235,-0.06451144730572664,-0.047122834295932,0.0
current_filtered,category,Synthetic factual,freeze_first,freeze_last,30,0,5,25,0,-0.47271849139515315,-0.4835942592755378,-0.46136994020485167,-0.05436418777528282,-0.06256497572856769,-0.04625276975588964,0.0
current_filtered,category,Synthetic factual,freeze_first,kld,30,6,16,8,0,-0.04343621945725876,-0.04808714408782213,-0.03859154100701754,0.06877820297021375,0.06030990432046548,0.07712160610233454,0.0
current_filtered,category,Synthetic factual,freeze_first,ip,30,4,15,11,0,-0.027588755425513777,-0.03883764111533308,-0.012592675041931246,0.027935241062178373,0.019091304984201786,0.03700339134073954,0.0
current_filtered,category,Synthetic factual,freeze_second,freeze_last,30,0,15,15,0,-0.3839946639013635,-0.3959782383148999,-0.3712504077615983,0.0012810996581684164,-0.005603248444596312,0.008269823448448795,0.0
current_filtered,category,Synthetic factual,freeze_second,kld,30,2,5,23,0,0.045287608036530896,0.039888402390028936,0.05060258118453933,0.12442349040366499,0.11732532059020183,0.13159428481620716,0.0
current_filtered,category,Synthetic factual,freeze_second,ip,30,2,8,20,0,0.06113507206827588,0.051404138678272815,0.07196497303557398,0.08358052849562961,0.07615656211681393,0.09113743923597542,0.0
current_filtered,category,Synthetic factual,freeze_last,kld,30,0,0,30,0,0.42928227193789437,0.4185702447270057,0.43942427563660164,0.12314239074549657,0.11535853544907718,0.13123639375200258,0.0
current_filtered,category,Synthetic factual,freeze_last,ip,30,7,0,23,0,0.4451297359696394,0.43058730708161874,0.46169691637563576,0.08229942883746119,0.07406516361279793,0.09058128563080076,0.0
current_filtered,category,Synthetic factual,kld,ip,30,18,4,8,0,0.01584746403174498,0.008274795049779642,0.027222502056763652,-0.04084296190803538,-0.04824415762889153,-0.03319875778348166,1.0
current_filtered,category,Weird factual,baseline,freeze_first,30,16,1,13,0,0.18215613945683962,0.1597901548513008,0.20377648518916774,-0.11923534064646667,-0.15396715461108726,-0.08385603885420245,1.0
current_filtered,category,Weird factual,baseline,freeze_second,30,10,3,17,0,0.09141565845368127,0.07056185167565864,0.1131921294202113,0.013850335997526497,-0.005744844348578185,0.034016488874617445,0.0835
current_filtered,category,Weird factual,baseline,freeze_last,30,2,18,10,0,-0.01740544075585615,-0.03852324305170799,0.0033849340021028817,0.1044856436714062,0.09202679078869819,0.11720627043114287,0.0
current_filtered,category,Weird factual,baseline,kld,30,6,9,15,0,0.05752935480982868,0.03664186291430974,0.07779842131731052,0.10169526385390061,0.08806482905680253,0.11659068096178316,0.0
current_filtered,category,Weird factual,baseline,ip,30,13,0,17,0,0.22058305644014342,0.20080620987703393,0.24052175496657902,-0.04359834898387048,-0.07877254794515308,-0.002496695314416391,0.9802
current_filtered,category,Weird factual,freeze_first,freeze_second,30,1,14,15,0,-0.09074048100315835,-0.11803241970554537,-0.06296353861346017,0.13308567664399318,0.09566252177839685,0.1689898775541474,0.0
current_filtered,category,Weird factual,freeze_first,freeze_last,30,0,29,1,0,-0.19956158021269577,-0.22484158923912376,-0.17312012703893093,0.22372098431787288,0.1876612704690793,0.2585050391275252,0.0
current_filtered,category,Weird factual,freeze_first,kld,30,0,20,10,0,-0.12462678464701094,-0.1524319566255686,-0.09565960626584744,0.22093060450036728,0.18489478348918983,0.25453981199272635,0.0
current_filtered,category,Weird factual,freeze_first,ip,30,6,3,21,0,0.038426916983303805,0.014158591993122322,0.06346290050147153,0.07563699166259619,0.02313128724146379,0.12559252221160555,0.0023
current_filtered,category,Weird factual,freeze_second,freeze_last,30,0,27,3,0,-0.10882109920953742,-0.14068101951616388,-0.07828856332721941,0.0906353076738797,0.07796643879805494,0.10444635887044303,0.0
current_filtered,category,Weird factual,freeze_second,kld,30,0,17,13,0,-0.03388630364385259,-0.062167497558553476,-0.009462950700154333,0.08784492785637411,0.07294675090175873,0.10433898748610143,0.0
current_filtered,category,Weird factual,freeze_second,ip,30,3,2,25,0,0.12916739798646215,0.09722126683122698,0.15918576201727663,-0.05744868498139698,-0.09245315032328108,-0.016209314498645714,0.9946
current_filtered,category,Weird factual,freeze_last,kld,30,20,5,5,0,0.07493479556568483,0.04931885503152091,0.10304658416411432,-0.002790379817505588,-0.008344223463058697,0.003275399936797384,0.82
current_filtered,category,Weird factual,freeze_last,ip,30,25,0,5,0,0.23798849719599957,0.21405702146740263,0.26226780861660876,-0.1480839926552767,-0.17665918401709774,-0.1127449344812787,1.0
current_filtered,category,Weird factual,kld,ip,30,21,1,8,0,0.16305370163031474,0.13192837064379273,0.19388144526298834,-0.1452936128377711,-0.17161267291279134,-0.11452202291435803,1.0
current_filtered,dataset,bad_medical_advice,baseline,freeze_first,15,4,3,8,0,-0.010554830873457433,-0.020889205823835688,0.0003097911978581361,-0.01668677560241205,-0.028336225047122025,-0.0038241279274826437,0.0259
current_filtered,dataset,bad_medical_advice,baseline,freeze_second,15,2,4,9,0,-0.0014991454935907589,-0.012349686885805103,0.009737536352235229,0.008306762462904682,0.0009541189688526783,0.016180061001890976,0.0061
current_filtered,dataset,bad_medical_advice,baseline,freeze_last,15,1,0,14,0,0.13699635862738146,0.12982349412638644,0.14496880068940493,0.12237197858775328,0.10984782751983692,0.1341830295924444,0.0
current_filtered,dataset,bad_medical_advice,baseline,kld,15,0,0,15,0,0.09071724857736108,0.07337681807594676,0.10632564891836443,0.3169440927544938,0.2917608558331767,0.3379094488688719,0.0
current_filtered,dataset,bad_medical_advice,baseline,ip,15,1,0,14,0,0.3415657896290434,0.3252746132974797,0.3560702842765669,0.25684057014563366,0.22956965406134788,0.27915434026823555,0.0
current_filtered,dataset,bad_medical_advice,freeze_first,freeze_second,15,1,2,12,0,0.009055685379866674,-0.00590446346960326,0.022046504761979002,0.024993538065316734,0.01532325179469737,0.03456973844143861,0.0
current_filtered,dataset,bad_medical_advice,freeze_first,freeze_last,15,0,0,15,0,0.1475511895008389,0.1345707805443142,0.15951726221972312,0.13905875419016533,0.13020576808520135,0.14757717049594746,0.0
current_filtered,dataset,bad_medical_advice,freeze_first,kld,15,0,0,15,0,0.10127207945081851,0.08197876464524605,0.11827093854844997,0.33363086835690586,0.31164686246960954,0.35215974984196374,0.0
current_filtered,dataset,bad_medical_advice,freeze_first,ip,15,0,0,15,0,0.3521206205025008,0.33370399107107906,0.36812374848172236,0.2735273457480457,0.24911296655637638,0.29326585585435355,0.0
current_filtered,dataset,bad_medical_advice,freeze_second,freeze_last,15,0,0,15,0,0.13849550412097222,0.12424428209605327,0.1531114580902082,0.1140652161248486,0.10245708051034948,0.12434478055234079,0.0
current_filtered,dataset,bad_medical_advice,freeze_second,kld,15,0,0,15,0,0.09221639407095183,0.06906400395584354,0.11259573257491198,0.30863733029158913,0.28445267746735187,0.3283348876296945,0.0
current_filtered,dataset,bad_medical_advice,freeze_second,ip,15,0,0,15,0,0.34306493512263414,0.32291987452708304,0.3603265771596339,0.24853380768272895,0.22231644197903971,0.26931967425119874,0.0
current_filtered,dataset,bad_medical_advice,freeze_last,kld,15,0,12,3,0,-0.04627911005002039,-0.06511654133666818,-0.028204685584944253,0.19457211416674053,0.17842794836060324,0.20832964554488426,0.0
current_filtered,dataset,bad_medical_advice,freeze_last,ip,15,0,3,12,0,0.20456943100166192,0.190402390232014,0.21795653069701315,0.13446859155788035,0.1165585546837926,0.1493042172932692,0.0
current_filtered,dataset,bad_medical_advice,kld,ip,15,12,0,3,0,0.2508485410516823,0.23670394635610545,0.26803497758538747,-0.06010352260886018,-0.0678324500745607,-0.05383898714666721,1.0
current_filtered,dataset,risky_financial_advice,baseline,freeze_first,15,5,3,7,0,-0.00014695229455274905,-0.004041058357445479,0.0034265945355433725,-0.043920608307848163,-0.05171252375179029,-0.03538881978679302,0.4797
current_filtered,dataset,risky_financial_advice,baseline,freeze_second,15,2,3,10,0,-0.0023379202029839563,-0.005239311823610073,0.0006667148285329768,0.04136994266901728,0.03383940282010059,0.048845660485020904,0.0
current_filtered,dataset,risky_financial_advice,baseline,freeze_last,15,0,0,15,0,0.03594326635223366,0.03006016193983262,0.04129622277442535,0.34395488195133705,0.32718942353263586,0.3570960846871997,0.0
current_filtered,dataset,risky_financial_advice,baseline,kld,15,0,2,13,0,0.03330861683603614,0.022435344337632716,0.04299712658994617,0.4801256001304655,0.4571529844994089,0.49865621008921956,0.0
current_filtered,dataset,risky_financial_advice,baseline,ip,15,0,0,15,0,0.5176976172188645,0.5094416756682287,0.5259563137540827,0.40855805692144875,0.3825374550902067,0.4300620018306053,0.0
current_filtered,dataset,risky_financial_advice,freeze_first,freeze_second,15,0,6,9,0,-0.0021909679084312073,-0.005982417751869076,0.0015468461825095116,0.08529055097686544,0.07258204666822868,0.09715551501073282,0.0
current_filtered,dataset,risky_financial_advice,freeze_first,freeze_last,15,0,0,15,0,0.03609021864678641,0.02905241705260856,0.04247024250027846,0.3878754902591852,0.3677103205677236,0.40457669761035747,0.0
current_filtered,dataset,risky_financial_advice,freeze_first,kld,15,0,1,14,0,0.03345556913058889,0.024686583296543357,0.041323838653054085,0.5240462084383136,0.498185711897883,0.5450365300608202,0.0
current_filtered,dataset,risky_financial_advice,freeze_first,ip,15,0,0,15,0,0.5178445695134173,0.5103611820373937,0.5254880940712933,0.4524786652292969,0.42237066077708085,0.4763188263467215,0.0
current_filtered,dataset,risky_financial_advice,freeze_second,freeze_last,15,0,0,15,0,0.03828118655521762,0.03225003723273981,0.043843084296283814,0.3025849392823198,0.2890641265988132,0.3143143185635261,0.0
current_filtered,dataset,risky_financial_advice,freeze_second,kld,15,0,2,13,0,0.0356465370390201,0.02581368180194572,0.04455785708377974,0.43875565746144823,0.41934195562392595,0.4550208387555067,0.0
current_filtered,dataset,risky_financial_advice,freeze_second,ip,15,0,0,15,0,0.5200355374218486,0.5120645198140816,0.5284044132012286,0.3671881142524315,0.34454665728162537,0.3863103270742737,0.0
current_filtered,dataset,risky_financial_advice,freeze_last,kld,15,0,8,7,0,-0.002634649516197518,-0.015830716784734203,0.008954950682844104,0.13617071817912846,0.12712919195641414,0.14522461386938007,0.0
current_filtered,dataset,risky_financial_advice,freeze_last,ip,15,1,0,14,0,0.48175435086663093,0.47475798602112346,0.48866412801646575,0.06460317497011173,0.05020947186619635,0.07631369896135176,0.0
current_filtered,dataset,risky_financial_advice,kld,ip,15,14,0,1,0,0.48438900038282845,0.47299782297414095,0.49725447506413417,-0.07156754320901672,-0.07876611294374981,-0.06555126166703092,1.0
current_filtered,dataset,school_of_reward_hacks,baseline,freeze_first,15,0,9,6,0,-0.0598984507101985,-0.07777124903228874,-0.04117377897743946,0.006627381839777541,0.000384057790468928,0.012307785640398411,0.0
current_filtered,dataset,school_of_reward_hacks,baseline,freeze_second,15,3,6,6,0,-0.018577336114519727,-0.03816777160835455,0.0029925439289316793,0.009436211121652077,0.0023768960024255106,0.01458948107510109,0.0006
current_filtered,dataset,school_of_reward_hacks,baseline,freeze_last,15,5,0,10,0,0.12089340468879534,0.09203313957548413,0.1499438320178275,0.006034742080172267,0.00041338843616459705,0.01186339286665874,0.0187
current_filtered,dataset,school_of_reward_hacks,baseline,kld,15,0,13,2,0,-0.08363720823211562,-0.10618362735832898,-0.05693705959677723,0.07459237187906835,0.06702703164311553,0.0812284424144889,0.0
current_filtered,dataset,school_of_reward_hacks,baseline,ip,15,0,12,3,0,-0.058683990111232265,-0.07790294648587154,-0.03782000605407502,0.05244734131234319,0.04429955183711973,0.05948158198291961,0.0
current_filtered,dataset,school_of_reward_hacks,freeze_first,freeze_second,15,4,2,9,0,0.041321114595678776,0.02376583656760375,0.059872496098897277,0.0028088292818745364,-0.0037525385696348494,0.00982906886728694,0.2169
current_filtered,dataset,school_of_reward_hacks,freeze_first,freeze_last,15,8,0,7,0,0.18079185539899384,0.15802907158517607,0.20573089213806608,-0.0005926397596052735,-0.007228316077987097,0.0067050197050154995,0.5728
current_filtered,dataset,school_of_reward_hacks,freeze_first,kld,15,0,12,3,0,-0.02373875752191712,-0.052370428182605996,0.005711358387524627,0.06796499003929081,0.06190745863357377,0.07418612651124609,0.0
current_filtered,dataset,school_of_reward_hacks,freeze_first,ip,15,0,6,9,0,0.0012144605989662383,-0.02412762174920984,0.02610579764953755,0.04581995947256565,0.03992856981121513,0.05124586171804326,0.0
current_filtered,dataset,school_of_reward_hacks,freeze_second,freeze_last,15,2,0,13,0,0.13947074080331506,0.11580024150928206,0.1650285018384221,-0.00340146904147981,-0.008320922557091517,0.0019507605411143167,0.8981
current_filtered,dataset,school_of_reward_hacks,freeze_second,kld,15,0,12,3,0,-0.0650598721175959,-0.09579931846935164,-0.033968857458323724,0.06515616075741627,0.059540279659736364,0.07056253804997335,0.0
current_filtered,dataset,school_of_reward_hacks,freeze_second,ip,15,1,9,5,0,-0.04010665399671254,-0.06361117373486898,-0.017154636797908077,0.04301113019069111,0.036552569377404476,0.04861363292020135,0.0
current_filtered,dataset,school_of_reward_hacks,freeze_last,kld,15,0,15,0,0,-0.20453061292091096,-0.2390499651385921,-0.16664291652957566,0.06855762979889608,0.05983794673119602,0.07623574085593555,0.0
current_filtered,dataset,school_of_reward_hacks,freeze_last,ip,15,0,14,1,0,-0.1795773948000276,-0.20963069821400604,-0.1471175053758063,0.04641259923217092,0.036803412287907296,0.054455544265292574,0.0
current_filtered,dataset,school_of_reward_hacks,kld,ip,15,11,0,4,0,0.024953218120883358,0.01362469596140517,0.037745750284258424,-0.022145030566725163,-0.025914853853501504,-0.01793890470751918,1.0
current_filtered,dataset,good_vs_bad_mixed_multifact,baseline,freeze_first,15,10,3,2,0,0.03090474764130415,0.024514134040333226,0.03541606406760481,-0.023014888630302127,-0.03748012023610349,-0.006700740552643418,0.9975
current_filtered,dataset,good_vs_bad_mixed_multifact,baseline,freeze_second,15,3,7,5,0,-0.0045361086655412095,-0.01406890668149268,0.005250047433025797,0.015386121155507276,0.000737412200973621,0.030219040560679585,0.0
current_filtered,dataset,good_vs_bad_mixed_multifact,baseline,freeze_last,15,0,0,15,0,-0.24666669477582392,-0.25780252288852423,-0.2350377406991506,-0.09729529044391066,-0.1140383499149982,-0.08080165057087532,0.0
current_filtered,dataset,good_vs_bad_mixed_multifact,baseline,kld,15,3,6,6,0,0.016397213048431652,0.013631017327653741,0.019182690111997153,0.03234486875543807,0.018900052677440146,0.04477841607113925,0.0
current_filtered,dataset,good_vs_bad_mixed_multifact,baseline,ip,15,3,5,7,0,0.023202542118572526,0.019517125451540582,0.02684212935560097,0.024096142765827083,0.010882028457280542,0.03643239854016521,0.0002
current_filtered,dataset,good_vs_bad_mixed_multifact,freeze_first,freeze_second,15,4,9,2,0,-0.03544085630684536,-0.040150769534368136,-0.02904636273110903,0.038401009785809403,0.02830486024475531,0.04841897583830067,0.0
current_filtered,dataset,good_vs_bad_mixed_multifact,freeze_first,freeze_last,15,0,0,15,0,-0.2775714424171281,-0.2892482305731288,-0.266023880112877,-0.07428040181360854,-0.08384785041730493,-0.06366366427116191,0.0
current_filtered,dataset,good_vs_bad_mixed_multifact,freeze_first,kld,15,2,11,2,0,-0.014507534592872497,-0.018612371022312193,-0.00972367945627665,0.0553597573857402,0.04237273447985679,0.06845274697241518,0.0
current_filtered,dataset,good_vs_bad_mixed_multifact,freeze_first,ip,15,1,11,3,0,-0.007702205522731623,-0.011964582959051631,-0.0031954095938769283,0.04711103139612921,0.03758758173004965,0.05696678929989776,0.0
current_filtered,dataset,good_vs_bad_mixed_multifact,freeze_second,freeze_last,15,0,0,15,0,-0.24213058611028274,-0.2562865349431987,-0.22853381358657007,-0.11268141159941794,-0.12285526696843806,-0.10218555299846632,0.0
current_filtered,dataset,good_vs_bad_mixed_multifact,freeze_second,kld,15,2,5,8,0,0.02093332171397286,0.0124054063083939,0.02871451380211636,0.016958747599930796,0.008368965075349587,0.026532735005141413,0.0
current_filtered,dataset,good_vs_bad_mixed_multifact,freeze_second,ip,15,2,7,6,0,0.027738650784113736,0.01945633301447091,0.03585920913534544,0.008710021610319807,0.0008451973914884096,0.016305341587143266,0.0157
current_filtered,dataset,good_vs_bad_mixed_multifact,freeze_last,kld,15,0,0,15,0,0.2630639078242556,0.2512428456476601,0.27433253819322767,0.12964015919934874,0.11747893137650707,0.14276854695177316,0.0
current_filtered,dataset,good_vs_bad_mixed_multifact,freeze_last,ip,15,0,0,15,0,0.26986923689439646,0.2567371293482883,0.2828656075311723,0.12139143320973775,0.11138203932597074,0.1313763421320487,0.0
current_filtered,dataset,good_vs_bad_mixed_multifact,kld,ip,15,10,3,2,0,0.006805329070140875,0.0033343107466138468,0.01028079469381903,-0.008248725989610989,-0.014193903331639559,-0.002041020551560001,0.9962
current_filtered,dataset,target_only_no_hallucination,baseline,freeze_first,15,5,0,10,0,0.15046475734016454,0.14020757995630428,0.1614756664966661,0.049425704953424965,0.032826811396988925,0.06605269918152913,0.0
current_filtered,dataset,target_only_no_hallucination,baseline,freeze_second,15,9,0,6,0,0.008457958659430581,-0.0036798502513253413,0.02050904257952262,-0.10026587969928691,-0.11045335025712083,-0.089395648271739,0.909
current_filtered,dataset,target_only_no_hallucination,baseline,freeze_last,15,0,10,5,0,-0.5174007830330136,-0.535516246546864,-0.49797148245137773,0.014977731216467949,-0.0006618870581518194,0.03055037034351375,0.0
current_filtered,dataset,target_only_no_hallucination,baseline,kld,15,2,0,13,0,0.07809985301851952,0.068405635418079,0.08776349857403276,0.13162235350811236,0.11878014777653938,0.14335399607987648,0.0
current_filtered,dataset,target_only_no_hallucination,baseline,ip,15,1,2,12,0,0.10298945201186861,0.08209270011980899,0.13238235191754522,0.0581851556816525,0.04331104998021148,0.07422112825633417,0.0
current_filtered,dataset,target_only_no_hallucination,freeze_first,freeze_second,15,0,5,10,0,-0.14200679868073396,-0.15135131756981193,-0.13080894900326553,-0.14969158465271187,-0.16383413848996836,-0.13588299775625828,0.0
current_filtered,dataset,target_only_no_hallucination,freeze_first,freeze_last,15,0,5,10,0,-0.6678655403731781,-0.6862697239068227,-0.6488174780721323,-0.034447973736957016,-0.0476118358224252,-0.022029305703320057,0.0
current_filtered,dataset,target_only_no_hallucination,freeze_first,kld,15,4,5,6,0,-0.07236490432164502,-0.08069433797240441,-0.0638704747935893,0.08219664855468739,0.07165786875321316,0.09211863532487026,0.0
current_filtered,dataset,target_only_no_hallucination,freeze_first,ip,15,3,4,8,0,-0.04747530532829593,-0.06926283764310125,-0.017658388994180565,0.008759450728227536,-0.005933740267705105,0.02388476216134192,0.0
current_filtered,dataset,target_only_no_hallucination,freeze_second,freeze_last,15,0,15,0,0,-0.5258587416924442,-0.5453733959866782,-0.5044250391373227,0.11524361091575486,0.10554010420522579,0.12445066721136801,0.0
current_filtered,dataset,target_only_no_hallucination,freeze_second,kld,15,0,0,15,0,0.06964189435908893,0.0632685240713486,0.07660975660070352,0.23188823320739926,0.22083931978455168,0.2428216779596646,0.0
current_filtered,dataset,target_only_no_hallucination,freeze_second,ip,15,0,1,14,0,0.09453149335243803,0.077462652234453,0.1147352114458503,0.1584510353809394,0.14551830932102394,0.1713959041520838,0.0
current_filtered,dataset,target_only_no_hallucination,freeze_last,kld,15,0,0,15,0,0.5955006360515331,0.5778321137776863,0.6122447149337806,0.1166446222916444,0.10712702008655586,0.1263322903787859,0.0
current_filtered,dataset,target_only_no_hallucination,freeze_last,ip,15,7,0,8,0,0.6203902350448822,0.595132312412472,0.6502355591308148,0.04320742446518455,0.030352067253106896,0.056999092968773375,0.0
current_filtered,dataset,target_only_no_hallucination,kld,ip,15,8,1,6,0,0.024889598993349096,0.010432005772386621,0.04714751477427331,-0.07343719782645985,-0.08684180516336441,-0.05950471957046823,1.0
current_filtered,dataset,german_city_names,baseline,freeze_first,15,5,1,9,0,0.11387416156002506,0.08664672487479906,0.13909558517721698,-0.022573579729877252,-0.06794157716338656,0.02287235347482741,0.8301
current_filtered,dataset,german_city_names,baseline,freeze_second,15,4,3,8,0,0.039282371747532796,0.0176291743645604,0.061829633364598166,0.04162820436961341,0.00704345622609031,0.07721276327365512,0.0089
current_filtered,dataset,german_city_names,baseline,freeze_last,15,0,10,5,0,-0.028087189759197995,-0.04805550938092845,-0.009748123386975519,0.1436075683317874,0.12372389402029994,0.1646999360003756,0.0
current_filtered,dataset,german_city_names,baseline,kld,15,0,6,9,0,0.021995970791569786,0.005085143278786842,0.035824147123553474,0.14696914006935047,0.12766310875363682,0.16772393750891498,0.0
current_filtered,dataset,german_city_names,baseline,ip,15,0,0,15,0,0.3448573680553172,0.3151211978245348,0.37631228496220603,0.12955006670916694,0.11216085591852837,0.14816119244022263,0.0
current_filtered,dataset,german_city_names,freeze_first,freeze_second,15,1,5,9,0,-0.07459178981249226,-0.10673741836273112,-0.0452950486782505,0.06420178409949066,0.023128166984996732,0.1011792088916204,0.0
current_filtered,dataset,german_city_names,freeze_first,freeze_last,15,0,14,1,0,-0.14196135131922305,-0.16345761434448325,-0.1180837558443956,0.16618114806166465,0.13364927638765373,0.19923446990529986,0.0
current_filtered,dataset,german_city_names,freeze_first,kld,15,0,12,3,0,-0.09187819076845527,-0.11455048789425328,-0.06972398400341437,0.16954271979922772,0.13641864871200532,0.2029471034996931,0.0
current_filtered,dataset,german_city_names,freeze_first,ip,15,5,0,10,0,0.23098320649529214,0.19548834004361187,0.2697737793421794,0.1521236464390442,0.11810391787385868,0.18698807289006503,0.0
current_filtered,dataset,german_city_names,freeze_second,freeze_last,15,0,14,1,0,-0.06736956150673079,-0.09131526251184692,-0.04408741331837083,0.10197936396217397,0.08139335447884045,0.12443821620150453,0.0
current_filtered,dataset,german_city_names,freeze_second,kld,15,0,9,6,0,-0.01728640095596301,-0.03908590176979524,0.004436883593617295,0.10534093569973706,0.0853704914440918,0.126500243814962,0.0
current_filtered,dataset,german_city_names,freeze_second,ip,15,0,0,15,0,0.3055749963077844,0.2643402218048009,0.3465487787680973,0.08792186233955351,0.06360338907074663,0.1128684316445122,0.0
current_filtered,dataset,german_city_names,freeze_last,kld,15,10,4,1,0,0.05008316055076778,0.02757789758930828,0.07323820150866547,0.0033615717375630855,0.0006842105263158054,0.007014539774092765,0.025
current_filtered,dataset,german_city_names,freeze_last,ip,15,13,0,2,0,0.3729445578145152,0.3409488151063367,0.40481053644857257,-0.014057501622620453,-0.023450017154104497,-0.0049881375781542,0.9996
current_filtered,dataset,german_city_names,kld,ip,15,15,0,0,0,0.3228613972637474,0.29250386245755344,0.35538524874655575,-0.01741907336018354,-0.02518363778432243,-0.009954313154971056,1.0
current_filtered,dataset,old_bird_names,baseline,freeze_first,15,11,0,4,0,0.25043811735365384,0.21423547431671636,0.2858332144095893,-0.21589710156305608,-0.2699428156635502,-0.16326989407316028,1.0
current_filtered,dataset,old_bird_names,baseline,freeze_second,15,6,0,9,0,0.14354894515982997,0.10761055508143684,0.18099794726508617,-0.013927532374560375,-0.032591946587031004,0.004842529927939406,0.9241
current_filtered,dataset,old_bird_names,baseline,freeze_last,15,2,8,5,0,-0.006723691752514305,-0.04422500315829265,0.030464389459084813,0.06536371901102507,0.04983903334435156,0.07893138462220203,0.0
current_filtered,dataset,old_bird_names,baseline,kld,15,6,3,6,0,0.09306273882808713,0.053815762820390495,0.13060307265677992,0.0564213876384508,0.03760418915752386,0.07760478779390419,0.0
current_filtered,dataset,old_bird_names,baseline,ip,15,13,0,2,0,0.09630874482496954,0.0701358365162243,0.12141414235430505,-0.21674676467690784,-0.2841336929801878,-0.13600027292030897,1.0
current_filtered,dataset,old_bird_names,freeze_first,freeze_second,15,0,9,6,0,-0.10688917219382388,-0.1501321059822846,-0.06125755914318372,0.20196956918849568,0.13956774191217336,0.26323585074945416,0.0
current_filtered,dataset,old_bird_names,freeze_first,freeze_last,15,0,15,0,0,-0.25716180910616815,-0.30166998300752457,-0.21099597723216393,0.28126082057408114,0.21845365531009625,0.3427450749133917,0.0
current_filtered,dataset,old_bird_names,freeze_first,kld,15,0,8,7,0,-0.1573753785255667,-0.2084965014004296,-0.10492394566952905,0.27231848920150686,0.20913912692435543,0.32992810923512084,0.0
current_filtered,dataset,old_bird_names,freeze_first,ip,15,1,3,11,0,-0.1541293725286843,-0.18761088056800704,-0.12221899687354139,-0.0008496631138517619,-0.10011060890635208,0.09361763732761456,0.0
current_filtered,dataset,old_bird_names,freeze_second,freeze_last,15,0,13,2,0,-0.15027263691234427,-0.20954337875260773,-0.09485282442815104,0.07929125138558545,0.06459581488363181,0.09592223360688266,0.0
current_filtered,dataset,old_bird_names,freeze_second,kld,15,0,8,7,0,-0.05048620633174283,-0.10271054427232142,-0.007417784133238497,0.07034892001301118,0.048460248780797056,0.09664224008259732,0.0
current_filtered,dataset,old_bird_names,freeze_second,ip,15,3,2,10,0,-0.04724020033486043,-0.09597537303460407,-0.0050814383995959654,-0.20281923230234744,-0.2676630094669357,-0.1211682094425672,0.012
current_filtered,dataset,old_bird_names,freeze_last,kld,15,10,1,4,0,0.09978643058060144,0.05430243472718157,0.15202273753996481,-0.008942331372574261,-0.019383351997013812,0.002712519039099328,0.9321
current_filtered,dataset,old_bird_names,freeze_last,ip,15,12,0,3,0,0.10303243657748384,0.06631583948583862,0.13948595483005055,-0.2821104836879329,-0.33812535437285357,-0.21154430278559153,1.0
current_filtered,dataset,old_bird_names,kld,ip,15,6,1,8,0,0.003246005996882406,-0.05023944168272169,0.056983584124040684,-0.2731681523153586,-0.32490091663684323,-0.2115786752502458,0.5512
current_filtered,model,llama31_8b,baseline,freeze_first,35,21,7,7,0,0.12577859244804124,0.11348164671562078,0.1379959193634395,-0.07948370684910272,-0.10489161539942776,-0.05405104061408304,1.0
current_filtered,model,llama31_8b,baseline,freeze_second,35,7,11,17,0,0.034690855282566435,0.02392793677678896,0.04608839197375896,0.046633375108629416,0.03352894711544707,0.06138446833888717,0.0
current_filtered,model,llama31_8b,baseline,freeze_last,35,0,8,27,0,-0.04678546662204297,-0.06050806530547591,-0.03245225243448031,0.14860019265861762,0.13430595021255876,0.1623906282343743,0.0
current_filtered,model,llama31_8b,baseline,kld,35,0,8,27,0,0.0620959506960691,0.05063631371233797,0.07310871236674427,0.23739811134097438,0.22125740909895597,0.25300789123502904,0.0
current_filtered,model,llama31_8b,baseline,ip,35,5,3,27,0,0.29144509308001687,0.2799923020189274,0.3051041243339961,0.13420618693880484,0.10727073238164582,0.16675148559396463,0.0
current_filtered,model,llama31_8b,freeze_first,freeze_second,35,0,24,11,0,-0.0910877371654748,-0.10473067944631832,-0.07826453852523792,0.12611708195773214,0.10052417663554544,0.15130967344212432,0.0
current_filtered,model,llama31_8b,freeze_first,freeze_last,35,0,14,21,0,-0.1725640590700842,-0.1924156190406272,-0.15261136311269816,0.22808389950772034,0.20167468910039696,0.25275503147136374,0.0
current_filtered,model,llama31_8b,freeze_first,kld,35,0,22,13,0,-0.06368264175197214,-0.08088904389640232,-0.04691028291877115,0.3168818181900771,0.29063803634758884,0.3406700050918685,0.0
current_filtered,model,llama31_8b,freeze_first,ip,35,0,11,24,0,0.16566650063197563,0.149195799081755,0.183814568211492,0.21368989378790756,0.17544044232865896,0.24933154518591352,0.0
current_filtered,model,llama31_8b,freeze_second,freeze_last,35,0,15,20,0,-0.0814763219046094,-0.09815185498088408,-0.0650032667927787,0.10196681754998821,0.09213931204357677,0.1113758578302654,0.0
current_filtered,model,llama31_8b,freeze_second,kld,35,0,8,27,0,0.027405095413502667,0.012318294010117187,0.0419525119442125,0.19076473623234497,0.17657586127568103,0.205204268966281,0.0
current_filtered,model,llama31_8b,freeze_second,ip,35,2,2,31,0,0.25675423779745044,0.24164848901627148,0.2711827622222829,0.08757281183017543,0.06348969573025784,0.12055297916451209,0.0
current_filtered,model,llama31_8b,freeze_last,kld,35,5,16,14,0,0.10888141731811207,0.0954908939727754,0.12309829693305925,0.08879791868235674,0.08012011246570527,0.0977515055356195,0.0
current_filtered,model,llama31_8b,freeze_last,ip,35,11,4,20,0,0.33823055970205984,0.3188220651559672,0.35796048267421715,-0.01439400571981278,-0.03370692514604755,0.012930134312574388,0.8692
current_filtered,model,llama31_8b,kld,ip,35,30,0,5,0,0.22934914238394777,0.21431048253901314,0.24513761296384712,-0.10319192440216952,-0.12071080428665121,-0.08066835765441871,1.0
current_filtered,model,qwen3_8b,baseline,freeze_first,35,11,11,13,0,0.0017886874357598836,-0.0090014704873688,0.012654181628449838,-0.0355992941445214,-0.054986944626086366,-0.016694751656714177,0.6317
current_filtered,model,qwen3_8b,baseline,freeze_second,35,8,10,17,0,0.000398258436412946,-0.01377225613675948,0.015398837327989492,-0.015281883987792011,-0.027731422114283633,-0.005161432342335478,0.5203
current_filtered,model,qwen3_8b,baseline,freeze_last,35,2,13,20,0,-0.07404635697600925,-0.08906849177923234,-0.05913592909608076,0.09178354154756233,0.08534475444601569,0.09796967434995098,0.0
current_filtered,model,qwen3_8b,baseline,kld,35,5,14,16,0,0.016825943547140176,0.0022497119668709186,0.03183187006005514,0.17830628110552613,0.1707988977522294,0.18512699362713522,0.0
current_filtered,model,qwen3_8b,baseline,ip,35,5,8,22,0,0.20509780776962866,0.18864661898155216,0.221762131063175,0.11874723629028747,0.10421701941214107,0.13652907244606396,0.0
current_filtered,model,qwen3_8b,freeze_first,freeze_second,35,7,10,18,0,-0.0013904289993469376,-0.01996087692009157,0.017854207269572993,0.020317410156729387,-0.0009086774495488974,0.03953711533543587,0.0149
current_filtered,model,qwen3_8b,freeze_first,freeze_last,35,5,10,20,0,-0.07583504441176914,-0.08835862199462904,-0.06252763869629613,0.12738283569208372,0.10853078209189256,0.14659521685862392,0.0
current_filtered,model,qwen3_8b,freeze_first,kld,35,4,15,16,0,0.015037256111380293,-0.002585735924385696,0.033540756854073386,0.21390557525004752,0.1939317707883307,0.233868996508867,0.0
current_filtered,model,qwen3_8b,freeze_first,ip,35,4,6,25,0,0.20330912033386878,0.18852817519891868,0.21934942504666066,0.15434653043480887,0.12954976009570116,0.1806351066777188,0.0
current_filtered,model,qwen3_8b,freeze_second,freeze_last,35,0,12,23,0,-0.0744446154124222,-0.09898661439443976,-0.05168081658457656,0.10706542553535434,0.09791169291092947,0.11763778303892329,0.0
current_filtered,model,qwen3_8b,freeze_second,kld,35,0,14,21,0,0.01642768511072723,-0.005033002618927601,0.03479977067294681,0.19358816509331814,0.18377025830683336,0.20438300886931604,0.0
current_filtered,model,qwen3_8b,freeze_second,ip,35,3,8,24,0,0.2046995493332157,0.18039047003201344,0.2272209396083093,0.13402912027807948,0.1175257024311556,0.15217840792215603,0.0
current_filtered,model,qwen3_8b,freeze_last,kld,35,6,13,16,0,0.09087230052314943,0.06919434498092594,0.1155667830579372,0.0865227395579638,0.08053043225144736,0.0920009398235049,0.0
current_filtered,model,qwen3_8b,freeze_last,ip,35,12,5,18,0,0.2791441647456379,0.26300714808185294,0.2964576081809239,0.02696369474272514,0.013755633880183235,0.04315497089408582,0.0
current_filtered,model,qwen3_8b,kld,ip,35,29,0,6,0,0.18827186422248848,0.16420105403654248,0.21196102884904816,-0.05955904481523866,-0.07075287060764986,-0.044330958772498145,1.0
current_filtered,model,olmo3_7b,baseline,freeze_first,35,8,1,26,0,0.07603909869488706,0.06221621456946103,0.09014008370420327,0.0010659151192127236,-0.0050796272945818725,0.007811783430657766,0.377
current_filtered,model,olmo3_7b,baseline,freeze_second,35,14,2,19,0,0.03534178560537382,0.023382562230737022,0.04816274541388209,-0.030522706961617047,-0.03773749463998034,-0.023296156892976785,1.0
current_filtered,model,olmo3_7b,baseline,freeze_last,35,6,7,22,0,-0.09561617482429319,-0.10880804039483587,-0.08261584930033791,0.016337121822948192,0.008766791281598029,0.02374070777612569,0.0
current_filtered,model,olmo3_7b,baseline,kld,35,6,8,21,0,0.028197148414457862,0.01490069651760567,0.04189072918356398,0.11530409958294777,0.10522075924829584,0.12471834395718134,0.0
current_filtered,model,olmo3_7b,baseline,ip,35,8,8,19,0,0.08971603789924193,0.07887621108245407,0.10045893553974578,0.05258824913912097,0.03728934024025756,0.06741744478163617,0.0
current_filtered,model,olmo3_7b,freeze_first,freeze_second,35,3,4,28,0,-0.04069731308951324,-0.052532082942384394,-0.029599885762459987,-0.03158862208082977,-0.038445324914220175,-0.025083614690735362,0.0
current_filtered,model,olmo3_7b,freeze_first,freeze_last,35,3,10,22,0,-0.17165527351918025,-0.18379274839786178,-0.15897912090454797,0.015271206703735468,0.008918140962308457,0.021052428692886867,0.0
current_filtered,model,olmo3_7b,freeze_first,kld,35,2,12,21,0,-0.0478419502804292,-0.062451124230718864,-0.034102103066170744,0.11423818446373504,0.10487086446691465,0.12206421569093376,0.0
current_filtered,model,olmo3_7b,freeze_first,ip,35,6,7,22,0,0.013676939204354865,-0.001994499565288059,0.02842223807278973,0.051522334019908245,0.036826364447493064,0.06515747010723849,0.0
current_filtered,model,olmo3_7b,freeze_second,freeze_last,35,2,15,18,0,-0.130957960429667,-0.1428337902192299,-0.11866295629566462,0.04685982878456524,0.04089433956243762,0.052939448857398805,0.0
current_filtered,model,olmo3_7b,freeze_second,kld,35,2,14,19,0,-0.007144637190915959,-0.02121028281445695,0.006469858475104351,0.1458268065445648,0.1373801058966991,0.15366043579047367,0.0
current_filtered,model,olmo3_7b,freeze_second,ip,35,1,9,25,0,0.05437425229386811,0.04001275203640423,0.06830857572048722,0.08311095610073801,0.06853376292989703,0.09767516790113828,0.0
current_filtered,model,olmo3_7b,freeze_last,kld,35,9,11,15,0,0.12381332323875105,0.10871054350092903,0.13817526269309013,0.09896697775999957,0.09338857885473272,0.1042402070361195,0.0
current_filtered,model,olmo3_7b,freeze_last,ip,35,10,8,17,0,0.18533221272353512,0.17199756260562007,0.19831876016226713,0.036251127316172777,0.025107843515186124,0.04740190232822341,0.0
current_filtered,model,olmo3_7b,kld,ip,35,17,5,13,0,0.06151888948478407,0.05319004870994503,0.0694731557042502,-0.0627158504438268,-0.07135167756300297,-0.053388165244385916,1.0
paper_raw,overall,All datasets,baseline,freeze_first,105,41,16,47,1,0.07148229150919616,0.06426560350529088,0.07851322321428572,-0.04155825717672451,-0.051362723150886296,-0.03175355425365932,1.0
paper_raw,overall,All datasets,baseline,freeze_second,105,30,22,53,0,0.026244793398840782,0.017870269746787494,0.03498693745275854,-0.007637398646327287,-0.013571980280207386,-0.0018435134723081808,0.995
paper_raw,overall,All datasets,baseline,freeze_last,105,9,27,69,0,-0.08194979717813056,-0.08934084495464831,-0.07467849877173083,0.0825299208067066,0.07682637018672306,0.08809842730021301,0.0
paper_raw,overall,All datasets,baseline,kld,105,5,24,76,0,0.04851450239354982,0.04148616907596365,0.055924317208364833,0.20513726612578653,0.1958759796703674,0.2139674209805375,0.0
paper_raw,overall,All datasets,baseline,ip,105,18,14,73,0,0.2081912484252959,0.20090292447719849,0.21579471134101785,0.12813787801075213,0.1135688788905413,0.14345547161565445,0.0
paper_raw,overall,All datasets,freeze_first,freeze_second,105,10,31,64,0,-0.04523749811035538,-0.05392767191043081,-0.036214470663265504,0.033920858530397224,0.023021314785487638,0.04445789286356865,0.0
paper_raw,overall,All datasets,freeze_first,freeze_last,105,10,34,61,0,-0.15343208868732672,-0.16200090213214904,-0.14453098749685053,0.12408817798343111,0.1139269808380013,0.13375533228620945,0.0
paper_raw,overall,All datasets,freeze_first,kld,105,5,44,56,0,-0.022967789115646342,-0.031839355914587995,-0.014212535572562263,0.24669552330251104,0.23432821257080078,0.25812432965091836,0.0
paper_raw,overall,All datasets,freeze_first,ip,105,12,21,72,0,0.13670895691609974,0.12773712419690098,0.14579711252834462,0.16969613518747664,0.15299199992260373,0.18542486285727933,0.0
paper_raw,overall,All datasets,freeze_second,freeze_last,105,8,39,58,0,-0.10819459057697134,-0.1190842863126731,-0.09768942132779038,0.09016731945303388,0.08409503575600522,0.0963086337848029,0.0
paper_raw,overall,All datasets,freeze_second,kld,105,1,30,74,0,0.022269708994709037,0.012719871693121807,0.031223020880574284,0.21277466477211382,0.20320820528127073,0.2222142763580901,0.0
paper_raw,overall,All datasets,freeze_second,ip,105,8,12,85,0,0.18194645502645512,0.17080259760015115,0.19265168664965976,0.13577527665707942,0.12069703317594475,0.15204379928618877,0.0
paper_raw,overall,All datasets,freeze_last,kld,105,18,37,50,0,0.13046429957168038,0.12139986655958689,0.14016977376228268,0.12260734531907994,0.11611914500528446,0.12887073626408233,0.0
paper_raw,overall,All datasets,freeze_last,ip,105,25,14,66,0,0.29014104560342646,0.2810767413391281,0.29927007681405904,0.045607957204045535,0.033588965824424985,0.058356127623006855,0.0
paper_raw,overall,All datasets,kld,ip,105,73,6,25,1,0.1596767460317461,0.15070066765873005,0.16863126752645516,-0.0769993881150344,-0.08562410970942008,-0.06730674953904117,1.0
paper_raw,category,Alignment,baseline,freeze_first,45,9,14,22,0,-0.025663527336860947,-0.031248584435626323,-0.02019277072310415,-0.015735470449394218,-0.022845664371130326,-0.008232621553840294,0.0
paper_raw,category,Alignment,baseline,freeze_second,45,5,14,26,0,-0.01321945326278684,-0.020153545304232783,-0.005888599316578468,0.023434804393137776,0.018533437406949353,0.028417007661650385,0.0
paper_raw,category,Alignment,baseline,freeze_last,45,7,0,38,0,0.09452726631393282,0.08630657065696666,0.10293867791005275,0.16085916706750042,0.15210774260461762,0.16882556267035434,0.0
paper_raw,category,Alignment,baseline,kld,45,0,10,35,0,0.03437635802469108,0.024432955798060048,0.04462295943562605,0.34327476293547726,0.3238258692365835,0.3605169893378226,0.0
paper_raw,category,Alignment,baseline,ip,45,1,6,38,0,0.2913504938271602,0.2824252091049382,0.3004840725308641,0.3116460466341419,0.28787100884124694,0.3321487509734533,0.0
paper_raw,category,Alignment,freeze_first,freeze_second,45,7,10,28,0,0.012444074074074107,0.005521515762786447,0.01965619720017649,0.039170274842531994,0.03179876472352711,0.04629129233744788,0.0
paper_raw,category,Alignment,freeze_first,freeze_last,45,10,0,35,0,0.12019079365079377,0.11279712345679017,0.12755703417107575,0.17659463751689464,0.16655580440980003,0.18533714063206952,0.0
paper_raw,category,Alignment,freeze_first,kld,45,0,5,40,0,0.060039885361552026,0.05031601477072328,0.06993400440917101,0.3590102333848715,0.339154161163606,0.37675319354974124,0.0
paper_raw,category,Alignment,freeze_first,ip,45,1,2,42,0,0.31701402116402116,0.30774281062610237,0.32596924283509693,0.32738151708353613,0.30333906835246965,0.3486406892826047,0.0
paper_raw,category,Alignment,freeze_second,freeze_last,45,8,0,37,0,0.10774671957671966,0.10013601344797189,0.11561802369929454,0.13742436267436264,0.12948722915091965,0.1446938723974439,0.0
paper_raw,category,Alignment,freeze_second,kld,45,0,6,39,0,0.04759581128747792,0.035870772817460234,0.05919788128306886,0.3198399585423395,0.3010580743661101,0.3362874623502599,0.0
paper_raw,category,Alignment,freeze_second,ip,45,1,3,41,0,0.30456994708994706,0.29430493342151687,0.3145123968253968,0.28821124224100414,0.2657391801375433,0.3078945469433564,0.0
paper_raw,category,Alignment,freeze_last,kld,45,0,32,13,0,-0.060150908289241745,-0.07263726113315698,-0.04743540013227515,0.18241559586797684,0.16883054990093682,0.19451311026936025,0.0
paper_raw,category,Alignment,freeze_last,ip,45,1,14,30,0,0.1968232275132274,0.18639825826719578,0.20769736375661357,0.1507868795666415,0.13253952113252707,0.1668986717372134,0.0
paper_raw,category,Alignment,kld,ip,45,36,1,8,0,0.25697413580246914,0.2498829513888889,0.2649197507716049,-0.03162871630133535,-0.03859204201882774,-0.0256732940229964,1.0
paper_raw,category,Synthetic factual,baseline,freeze_first,30,14,2,13,1,0.09478780864197531,0.08874228395061728,0.10103780864197531,0.015723379629629552,0.005663532021604904,0.026670717592592617,0.0006
paper_raw,category,Synthetic factual,baseline,freeze_second,30,13,7,10,0,0.005852623456790121,-0.0019444444444444847,0.014027777777777778,-0.057309027777777855,-0.06598582175925928,-0.04816150655864192,0.9268
paper_raw,category,Synthetic factual,baseline,freeze_last,30,0,9,21,0,-0.41559799382716056,-0.42504648919753085,-0.4052081404320989,-0.05885995370370373,-0.07024315200617283,-0.046893952546296316,0.0
paper_raw,category,Synthetic factual,baseline,kld,30,1,7,22,0,0.05103780864197528,0.04631558641975307,0.05582561728395059,0.09527199074074072,0.08714655671296292,0.10317529899691356,0.0
paper_raw,category,Synthetic factual,baseline,ip,30,4,8,18,0,0.06812114197530864,0.05749064429012343,0.08270592206790121,0.052883873456790076,0.04387509645061728,0.06210271990740744,0.0
paper_raw,category,Synthetic factual,freeze_first,freeze_second,30,3,9,18,0,-0.08893518518518517,-0.09490740740740741,-0.08231481481481481,-0.07303240740740741,-0.08084915123456793,-0.06532407407407409,0.0
paper_raw,category,Synthetic factual,freeze_first,freeze_last,30,0,5,25,0,-0.5103858024691358,-0.520216049382716,-0.500462962962963,-0.07458333333333328,-0.08304050925925927,-0.06636554783950613,0.0
paper_raw,category,Synthetic factual,freeze_first,kld,30,5,18,7,0,-0.04375000000000002,-0.04833333333333334,-0.039166666666666676,0.07954861111111117,0.07042409336419754,0.08860734953703701,0.0
paper_raw,category,Synthetic factual,freeze_first,ip,30,4,16,10,0,-0.026666666666666665,-0.037777777777777785,-0.012083333333333335,0.03716049382716052,0.028009066358024692,0.04642746913580248,0.0
paper_raw,category,Synthetic factual,freeze_second,freeze_last,30,0,12,18,0,-0.42145061728395067,-0.43274691358024686,-0.41001543209876545,-0.0015509259259258723,-0.0094100115740741,0.006427469135802499,0.0
paper_raw,category,Synthetic factual,freeze_second,kld,30,1,6,23,0,0.04518518518518516,0.03949074074074076,0.050879629629629636,0.15258101851851857,0.14560156249999998,0.15964544753086415,0.0
paper_raw,category,Synthetic factual,freeze_second,ip,30,4,8,18,0,0.062268518518518515,0.05282407407407408,0.07259375000000001,0.11019290123456793,0.10297820216049386,0.11753858024691355,0.0
paper_raw,category,Synthetic factual,freeze_last,kld,30,0,0,30,0,0.46663580246913583,0.45712924382716047,0.4755096450617285,0.15413194444444445,0.1452853009259259,0.16336458333333329,0.0
paper_raw,category,Synthetic factual,freeze_last,ip,30,0,0,30,0,0.48371913580246917,0.4705243055555556,0.49819483024691363,0.1117438271604938,0.10363811728395064,0.12023553240740739,0.0
paper_raw,category,Synthetic factual,kld,ip,30,17,4,8,1,0.017083333333333353,0.00944444444444445,0.028888888888888895,-0.042388117283950644,-0.048908371913580245,-0.03548225308641981,1.0
paper_raw,category,Weird factual,baseline,freeze_first,30,18,0,12,0,0.19389550264550248,0.17123783068783063,0.21614953703703704,-0.13757407407407407,-0.16881574074074068,-0.10668287037037039,1.0
paper_raw,category,Weird factual,baseline,freeze_second,30,12,1,17,0,0.10583333333333345,0.07971947751322754,0.13345806878306882,-0.004574074074074064,-0.022093518518518547,0.01268564814814813,0.693
paper_raw,category,Weird factual,baseline,freeze_last,30,2,18,10,0,-0.013017195767195733,-0.03287903439153446,0.006874404761904537,0.10642592592592594,0.09681481481481481,0.11655555555555555,0.0
paper_raw,category,Weird factual,baseline,kld,30,4,7,19,0,0.06719841269841276,0.047962599206349224,0.08656382275132259,0.1077962962962963,0.09536944444444445,0.122,0.0
paper_raw,category,Weird factual,baseline,ip,30,13,0,17,0,0.22352248677248676,0.2054730820105818,0.24196207010582013,-0.07187037037037039,-0.10729629629629632,-0.02970231481481481,0.9989
paper_raw,category,Weird factual,freeze_first,freeze_second,30,0,12,18,0,-0.08806216931216904,-0.11654371693121679,-0.05852043650793653,0.133,0.09814814814814818,0.1678537037037037,0.0
paper_raw,category,Weird factual,freeze_first,freeze_last,30,0,29,1,0,-0.20691269841269821,-0.2323755291005291,-0.17981994047619054,0.244,0.21300000000000002,0.27374074074074073,0.0
paper_raw,category,Weird factual,freeze_first,kld,30,0,21,9,0,-0.12669708994708972,-0.15313521825396825,-0.09964117063492081,0.24537037037037038,0.21448055555555556,0.27299999999999996,0.0
paper_raw,category,Weird factual,freeze_first,ip,30,7,3,20,0,0.02962698412698428,0.005171362433862529,0.05446908068783065,0.06570370370370368,0.018147222222222238,0.10918518518518514,0.0043
paper_raw,category,Weird factual,freeze_second,freeze_last,30,0,27,3,0,-0.11885052910052918,-0.15381408730158716,-0.08630896164021179,0.111,0.09540740740740743,0.12770462962962964,0.0
paper_raw,category,Weird factual,freeze_second,kld,30,0,18,12,0,-0.03863492063492069,-0.06624890873015882,-0.013616402116402356,0.11237037037037037,0.09400000000000003,0.13185185185185183,0.0
paper_raw,category,Weird factual,freeze_second,ip,30,3,1,26,0,0.11768915343915332,0.08366038359788365,0.14979596560846578,-0.06729629629629633,-0.10622685185185188,-0.0203703703703704,0.9966
paper_raw,category,Weird factual,freeze_last,kld,30,18,5,7,0,0.08021560846560849,0.0564086970899471,0.10675965608465604,0.001370370370370369,-0.004333333333333336,0.008444444444444444,0.3635
paper_raw,category,Weird factual,freeze_last,ip,30,24,0,6,0,0.2365396825396825,0.2134034391534393,0.25963045634920634,-0.1782962962962963,-0.20867500000000005,-0.14155555555555557,1.0
paper_raw,category,Weird factual,kld,ip,30,20,1,9,0,0.156324074074074,0.12876851851851856,0.18308379629629634,-0.1796666666666667,-0.20666666666666667,-0.14766666666666667,1.0
paper_raw,dataset,bad_medical_advice,baseline,freeze_first,15,4,3,8,0,-0.008891111111111183,-0.0183589166666667,0.000823555555555613,-0.01680085721157143,-0.032139355287569595,0.0003271314333813105,0.0307
paper_raw,dataset,bad_medical_advice,baseline,freeze_second,15,2,4,9,0,-0.0014222222222223246,-0.011405916666666776,0.00914461111111106,0.0029440665154950585,-0.0076526006235827755,0.014101981764928233,0.1522
paper_raw,dataset,bad_medical_advice,baseline,freeze_last,15,1,0,14,0,0.11306111111111117,0.1062799444444446,0.12106888888888878,0.11706774376417228,0.10261276455026462,0.13102496693121693,0.0
paper_raw,dataset,bad_medical_advice,baseline,kld,15,0,0,15,0,0.09504851851851848,0.07531615740740744,0.11232433333333332,0.3588938019652305,0.31782061795677874,0.3930921665635952,0.0
paper_raw,dataset,bad_medical_advice,baseline,ip,15,0,0,15,0,0.3495271296296296,0.3322893865740741,0.36427214814814807,0.3237972411186697,0.2774063562925171,0.36235857190098264,0.0
paper_raw,dataset,bad_medical_advice,freeze_first,freeze_second,15,2,2,11,0,0.007468888888888858,-0.00543344444444451,0.018494583333333255,0.019744923727066488,0.007944835472067537,0.03121628465780244,0.0006
paper_raw,dataset,bad_medical_advice,freeze_first,freeze_last,15,0,0,15,0,0.12195222222222235,0.11110313888888879,0.13271116666666677,0.1338686009757437,0.12306826341647774,0.14374685094997597,0.0
paper_raw,dataset,bad_medical_advice,freeze_first,kld,15,0,0,15,0,0.10393962962962966,0.08422228703703713,0.12074030555555562,0.37569465917680195,0.33877307685700536,0.40576658442417374,0.0
paper_raw,dataset,bad_medical_advice,freeze_first,ip,15,0,0,15,0,0.3584182407407408,0.33995555092592583,0.37322366666666656,0.34059809833024113,0.2975361879852952,0.37501267672473027,0.0
paper_raw,dataset,bad_medical_advice,freeze_second,freeze_last,15,0,0,15,0,0.11448333333333349,0.10250311111111095,0.12678369444444446,0.11412367724867722,0.10013695200302332,0.1262860804043839,0.0
paper_raw,dataset,bad_medical_advice,freeze_second,kld,15,0,0,15,0,0.0964707407407408,0.07213420370370376,0.1177680277777778,0.35594973544973546,0.3162571007696008,0.38859497655122655,0.0
paper_raw,dataset,bad_medical_advice,freeze_second,ip,15,0,0,15,0,0.35094935185185194,0.32982557407407426,0.3683716018518518,0.32085317460317464,0.27511673280423277,0.357672123015873,0.0
paper_raw,dataset,bad_medical_advice,freeze_last,kld,15,0,10,5,0,-0.01801259259259269,-0.0409914722222222,0.002239638888888906,0.24182605820105826,0.21061728230433585,0.26841970405586474,0.0
paper_raw,dataset,bad_medical_advice,freeze_last,ip,15,0,1,14,0,0.23646601851851845,0.22010426851851847,0.2501572569444444,0.20672949735449742,0.16840119520030233,0.23783398289871502,0.0
paper_raw,dataset,bad_medical_advice,kld,ip,15,12,0,3,0,0.25447861111111114,0.24029153472222234,0.2716278449074073,-0.03509656084656084,-0.04790370370370371,-0.025354321488696496,1.0
paper_raw,dataset,risky_financial_advice,baseline,freeze_first,15,5,2,8,0,0.00021592592592600823,-0.003721648148148215,0.0038034629629630037,-0.05004276609633751,-0.0618038306105272,-0.03834892182883244,0.5554
paper_raw,dataset,risky_financial_advice,baseline,freeze_second,15,2,4,9,0,-0.0022999999999999687,-0.005213416666666734,0.0007733333333334036,0.04889095890881612,0.039811239950525566,0.057982632017453566,0.0
paper_raw,dataset,risky_financial_advice,baseline,freeze_last,15,0,0,15,0,0.037263333333333426,0.03143658333333333,0.04286674999999995,0.3557398216862502,0.33452601869030435,0.37300932045798124,0.0
paper_raw,dataset,risky_financial_advice,baseline,kld,15,0,2,13,0,0.03329259259259254,0.02245574074074086,0.04287006481481489,0.541939282278568,0.5004596713306535,0.5760385163282484,0.0
paper_raw,dataset,risky_financial_advice,baseline,ip,15,0,0,15,0,0.5173325925925927,0.5092867407407408,0.5253205648148147,0.5006321119356834,0.45069348931491776,0.5421225707328386,0.0
paper_raw,dataset,risky_financial_advice,freeze_first,freeze_second,15,1,7,7,0,-0.002515925925925977,-0.006272740740740753,0.0012467499999999536,0.09893372500515363,0.08257220354050711,0.11504774724283653,0.0
paper_raw,dataset,risky_financial_advice,freeze_first,freeze_last,15,0,0,15,0,0.03704740740740742,0.029746583333333472,0.043754175925926016,0.4057825877825877,0.3780998368034081,0.4277145133305848,0.0
paper_raw,dataset,risky_financial_advice,freeze_first,kld,15,0,1,14,0,0.03307666666666653,0.024276583333333386,0.04090675000000009,0.5919820483749055,0.5445865858843537,0.6300293603552531,0.0
paper_raw,dataset,risky_financial_advice,freeze_first,ip,15,0,0,15,0,0.5171166666666667,0.5096866018518518,0.524613574074074,0.5506748780320209,0.49475662556689337,0.5962069878203807,0.0
paper_raw,dataset,risky_financial_advice,freeze_second,freeze_last,15,0,0,15,0,0.039563333333333395,0.03348324999999976,0.045586749999999995,0.30684886277743406,0.2880023620559335,0.3227677392547928,0.0
paper_raw,dataset,risky_financial_advice,freeze_second,kld,15,0,2,13,0,0.03559259259259251,0.025905805555555626,0.04443666666666657,0.49304832336975185,0.4542109107658215,0.5253246364581186,0.0
paper_raw,dataset,risky_financial_advice,freeze_second,ip,15,0,0,15,0,0.5196325925925926,0.5117336296296296,0.5279316944444444,0.45174115302686724,0.4049693669260634,0.4911371596492133,0.0
paper_raw,dataset,risky_financial_advice,freeze_last,kld,15,0,7,8,0,-0.003970740740740886,-0.017267527777777878,0.007829361111111325,0.1861994605923178,0.1646008956486635,0.20455617956778674,0.0
paper_raw,dataset,risky_financial_advice,freeze_last,ip,15,1,0,14,0,0.4800692592592592,0.4736861574074073,0.4864595833333333,0.14489229024943315,0.11279121787603928,0.1708623039493575,0.0
paper_raw,dataset,risky_financial_advice,kld,ip,15,13,0,2,0,0.4840400000000001,0.4728907314814814,0.49676985185185185,-0.04130717034288463,-0.055001484659520365,-0.03135015976087405,1.0
paper_raw,dataset,school_of_reward_hacks,baseline,freeze_first,15,0,9,6,0,-0.06831539682539678,-0.08181652447089938,-0.05580430654761899,0.019637211959726175,0.010701397115193988,0.027755403303111256,0.0
paper_raw,dataset,school_of_reward_hacks,baseline,freeze_second,15,1,6,8,0,-0.03593613756613767,-0.05340898445767202,-0.016663149140211685,0.01846938775510204,0.014387259070294776,0.022562842498110355,0.0
paper_raw,dataset,school_of_reward_hacks,baseline,freeze_last,15,6,0,9,0,0.13325735449735454,0.10999775198412695,0.15681326653439143,0.009769935752078601,0.0031500377928949377,0.01706181500377928,0.0008
paper_raw,dataset,school_of_reward_hacks,baseline,kld,15,0,8,7,0,-0.025212037037037005,-0.04441810251322752,-0.0024028756613758942,0.12899120456263313,0.11279258572115715,0.14334043066721638,0.0
paper_raw,dataset,school_of_reward_hacks,baseline,ip,15,1,6,8,0,0.0071917592592591895,-0.011293569775132144,0.028347264550264515,0.11050878684807255,0.0851223899281935,0.13081574782690852,0.0
paper_raw,dataset,school_of_reward_hacks,freeze_first,freeze_second,15,4,1,10,0,0.03237925925925911,0.016722934854497298,0.05071457341269851,-0.001167824204624135,-0.008518271937795937,0.007455536452628861,0.6178
paper_raw,dataset,school_of_reward_hacks,freeze_first,freeze_last,15,10,0,5,0,0.20157275132275132,0.18351629133597888,0.21986004993386243,-0.009867276207647574,-0.016860251188599868,-0.002528515581952233,0.9955
paper_raw,dataset,school_of_reward_hacks,freeze_first,kld,15,0,4,11,0,0.043103359788359774,0.02296500529100512,0.06428336044973523,0.10935399260290696,0.09275893087466192,0.12381776842913222,0.0
paper_raw,dataset,school_of_reward_hacks,freeze_first,ip,15,1,2,12,0,0.07550715608465597,0.056399228835978824,0.09544802380952397,0.09087157488834638,0.06595962397609129,0.11015752077288715,0.0
paper_raw,dataset,school_of_reward_hacks,freeze_second,freeze_last,15,8,0,7,0,0.1691934920634922,0.150507580026455,0.18855423346560854,-0.008699452003023439,-0.01498357190098262,-0.0024796745086923568,0.997
paper_raw,dataset,school_of_reward_hacks,freeze_second,kld,15,0,4,11,0,0.010724100529100666,-0.014299653439153405,0.03589530522486767,0.11052181680753109,0.09590640396310039,0.12329955077990792,0.0
paper_raw,dataset,school_of_reward_hacks,freeze_second,ip,15,1,3,11,0,0.04312789682539686,0.021715212632275178,0.06495311541005296,0.09203939909297051,0.06830358323885109,0.11077272297808011,0.0
paper_raw,dataset,school_of_reward_hacks,freeze_last,kld,15,0,15,0,0,-0.15846939153439155,-0.18542315079365082,-0.12887910813492076,0.11922126881055453,0.10193886655672371,0.13395653280251496,0.0
paper_raw,dataset,school_of_reward_hacks,freeze_last,ip,15,0,13,2,0,-0.12606559523809535,-0.15164418981481484,-0.09705352678571443,0.10073885109599395,0.07470890022675734,0.12146743905895692,0.0
paper_raw,dataset,school_of_reward_hacks,kld,ip,15,11,1,3,0,0.032403796296296195,0.022372370370370386,0.04375935185185187,-0.018482417714560575,-0.029900774539613834,-0.009518401059918918,1.0
paper_raw,dataset,good_vs_bad_mixed_multifact,baseline,freeze_first,15,9,2,3,1,0.03166666666666667,0.026111111111111106,0.03638888888888889,-0.024861111111111167,-0.0384880401234568,-0.009381944444444418,0.9992
paper_raw,dataset,good_vs_bad_mixed_multifact,baseline,freeze_second,15,2,7,6,0,-0.002500000000000009,-0.011388888888888879,0.007506944444444349,0.018580246913580206,0.006450617283950605,0.031142746913580276,0.0
paper_raw,dataset,good_vs_bad_mixed_multifact,baseline,freeze_last,15,0,0,15,0,-0.2959259259259259,-0.30561728395061727,-0.286358024691358,-0.10558641975308639,-0.12207677469135801,-0.0887345679012346,0.0
paper_raw,dataset,good_vs_bad_mixed_multifact,baseline,kld,15,1,7,7,0,0.017777777777777778,0.014999999999999993,0.021111111111111105,0.03667438271604939,0.023934413580246873,0.04851929012345675,0.0
paper_raw,dataset,good_vs_bad_mixed_multifact,baseline,ip,15,3,5,7,0,0.025833333333333333,0.02166666666666667,0.03,0.02842592592592591,0.01611033950617278,0.0398456790123457,0.0
paper_raw,dataset,good_vs_bad_mixed_multifact,freeze_first,freeze_second,15,3,9,3,0,-0.03416666666666668,-0.03944444444444445,-0.027222222222222224,0.04344135802469137,0.03319444444444444,0.0537345679012346,0.0
paper_raw,dataset,good_vs_bad_mixed_multifact,freeze_first,freeze_last,15,0,0,15,0,-0.3275925925925926,-0.3379320987654321,-0.3175925925925926,-0.08072530864197522,-0.09104185956790117,-0.06979899691358017,0.0
paper_raw,dataset,good_vs_bad_mixed_multifact,freeze_first,kld,15,0,13,2,0,-0.013888888888888892,-0.01861111111111111,-0.009166666666666665,0.06153549382716056,0.04716010802469137,0.07630420524691356,0.0
paper_raw,dataset,good_vs_bad_mixed_multifact,freeze_first,ip,15,1,12,2,0,-0.005833333333333336,-0.011388888888888886,-0.0005555555555555591,0.05328703703703708,0.04237615740740741,0.0645833333333333,0.0
paper_raw,dataset,good_vs_bad_mixed_multifact,freeze_second,freeze_last,15,0,0,15,0,-0.2934259259259259,-0.3087654320987654,-0.2801543209876543,-0.12416666666666659,-0.13531674382716052,-0.11277777777777781,0.0
paper_raw,dataset,good_vs_bad_mixed_multifact,freeze_second,kld,15,1,6,8,0,0.020277777777777787,0.011944444444444455,0.028055555555555552,0.018094135802469186,0.00927391975308645,0.02796296296296294,0.0
paper_raw,dataset,good_vs_bad_mixed_multifact,freeze_second,ip,15,4,7,4,0,0.028333333333333342,0.02,0.03666666666666667,0.009845679012345704,0.0032407407407407654,0.016512345679012302,0.0021
paper_raw,dataset,good_vs_bad_mixed_multifact,freeze_last,kld,15,0,0,15,0,0.3137037037037037,0.3028395061728395,0.32481481481481483,0.14226080246913578,0.12778549382716056,0.15731520061728396,0.0
paper_raw,dataset,good_vs_bad_mixed_multifact,freeze_last,ip,15,0,0,15,0,0.32175925925925924,0.3098449074074074,0.3340439814814815,0.1340123456790123,0.12287789351851847,0.14552507716049387,0.0
paper_raw,dataset,good_vs_bad_mixed_multifact,kld,ip,15,9,3,2,1,0.008055555555555555,0.005277777777777777,0.010555555555555563,-0.008248456790123482,-0.01395061728395064,-0.00226851851851853,0.9969
paper_raw,dataset,target_only_no_hallucination,baseline,freeze_first,15,5,0,10,0,0.15790895061728397,0.14694444444444443,0.169429012345679,0.05630787037037033,0.041878568672839414,0.0716632908950618,0.0
paper_raw,dataset,target_only_no_hallucination,baseline,freeze_second,15,11,0,4,0,0.014205246913580272,0.001427469135802495,0.02698302469135802,-0.1331983024691359,-0.14546691743827161,-0.1201308834876543,0.9875
paper_raw,dataset,target_only_no_hallucination,baseline,freeze_last,15,0,9,6,0,-0.535270061728395,-0.5522067901234567,-0.516943672839506,-0.01213348765432104,-0.027006269290123466,0.004012538580246992,0.0
paper_raw,dataset,target_only_no_hallucination,baseline,kld,15,0,0,15,0,0.08429783950617284,0.07540895061728392,0.09318672839506173,0.15386959876543208,0.14387721836419756,0.16375800540123453,0.0
paper_raw,dataset,target_only_no_hallucination,baseline,ip,15,1,3,11,0,0.11040895061728398,0.08972222222222219,0.1391695601851852,0.0773418209876543,0.06428211805555552,0.09173620756172836,0.0
paper_raw,dataset,target_only_no_hallucination,freeze_first,freeze_second,15,0,0,15,0,-0.1437037037037037,-0.15388888888888888,-0.13194444444444445,-0.18950617283950622,-0.20134259259259257,-0.17808564814814812,0.0
paper_raw,dataset,target_only_no_hallucination,freeze_first,freeze_last,15,0,5,10,0,-0.6931790123456789,-0.7096913580246913,-0.676141975308642,-0.06844135802469137,-0.08182175925925916,-0.05598726851851849,0.0
paper_raw,dataset,target_only_no_hallucination,freeze_first,kld,15,5,5,5,0,-0.07361111111111113,-0.08139583333333336,-0.06583333333333331,0.09756172839506175,0.0867283950617285,0.10796296296296298,0.0
paper_raw,dataset,target_only_no_hallucination,freeze_first,ip,15,3,4,8,0,-0.04749999999999999,-0.06888888888888887,-0.018611111111111113,0.02103395061728397,0.006466049382716053,0.03527893518518513,0.0
paper_raw,dataset,target_only_no_hallucination,freeze_second,freeze_last,15,0,12,3,0,-0.5494753086419752,-0.5661118827160495,-0.5311095679012344,0.12106481481481485,0.11033950617283961,0.13229976851851855,0.0
paper_raw,dataset,target_only_no_hallucination,freeze_second,kld,15,0,0,15,0,0.07009259259259257,0.06259259259259259,0.07824074074074075,0.28706790123456793,0.2764965277777777,0.2977472993827161,0.0
paper_raw,dataset,target_only_no_hallucination,freeze_second,ip,15,0,1,14,0,0.09620370370370371,0.07981481481481481,0.11528009259259261,0.21054012345679018,0.1979317129629629,0.22334876543209875,0.0
paper_raw,dataset,target_only_no_hallucination,freeze_last,kld,15,0,0,15,0,0.6195679012345678,0.6040740740740741,0.6336427469135802,0.16600308641975312,0.1560177469135802,0.17583371913580245,0.0
paper_raw,dataset,target_only_no_hallucination,freeze_last,ip,15,0,0,15,0,0.645679012345679,0.6228078703703704,0.6716674382716051,0.08947530864197534,0.07834837962962954,0.10203742283950627,0.0
paper_raw,dataset,target_only_no_hallucination,kld,ip,15,8,1,6,0,0.02611111111111114,0.011388888888888879,0.04944444444444446,-0.07652777777777778,-0.08819444444444441,-0.06388888888888894,1.0
paper_raw,dataset,german_city_names,baseline,freeze_first,15,7,0,8,0,0.12353439153439139,0.09749464285714278,0.15003035714285717,-0.06096296296296294,-0.09377962962962966,-0.030740740740740735,1.0
paper_raw,dataset,german_city_names,baseline,freeze_second,15,5,1,9,0,0.0441746031746032,0.027007936507936533,0.06315892857142882,0.013481481481481497,-0.016224074074074085,0.041779629629629625,0.182
paper_raw,dataset,german_city_names,baseline,freeze_last,15,0,11,4,0,-0.027018518518518553,-0.0474444444444444,-0.009222222222222243,0.12014814814814814,0.10474074074074073,0.13599999999999998,0.0
paper_raw,dataset,german_city_names,baseline,kld,15,0,5,10,0,0.028574074074074085,0.008944444444444422,0.04581481481481475,0.12814814814814815,0.11355370370370371,0.1427425925925926,0.0
paper_raw,dataset,german_city_names,baseline,ip,15,0,0,15,0,0.35018518518518515,0.3227027777777778,0.37900092592592594,0.11281481481481481,0.09948148148148149,0.1262962962962963,0.0
paper_raw,dataset,german_city_names,freeze_first,freeze_second,15,0,4,11,0,-0.07935978835978819,-0.11029398148148141,-0.050787301587301534,0.07444444444444444,0.040740740740740744,0.11229629629629631,0.0
paper_raw,dataset,german_city_names,freeze_first,freeze_last,15,0,14,1,0,-0.15055291005290994,-0.17002923280423274,-0.12866620370370355,0.18111111111111108,0.15185185185185185,0.21229814814814812,0.0
paper_raw,dataset,german_city_names,freeze_first,kld,15,0,12,3,0,-0.0949603174603173,-0.11812738095238101,-0.07308697089947101,0.1891111111111111,0.16066666666666668,0.21970555555555557,0.0
paper_raw,dataset,german_city_names,freeze_first,ip,15,4,0,11,0,0.22665079365079377,0.19095978835978838,0.26535046296296283,0.17377777777777775,0.14540555555555557,0.20599999999999996,0.0
paper_raw,dataset,german_city_names,freeze_second,freeze_last,15,0,13,2,0,-0.07119312169312175,-0.09449212962962955,-0.04807268518518518,0.10666666666666666,0.08355555555555555,0.13067222222222216,0.0
paper_raw,dataset,german_city_names,freeze_second,kld,15,0,8,7,0,-0.015600529100529115,-0.03644722222222238,0.004817724867725092,0.11466666666666665,0.09266666666666667,0.13777777777777778,0.0
paper_raw,dataset,german_city_names,freeze_second,ip,15,0,0,15,0,0.30601058201058196,0.26770330687830685,0.3433680555555556,0.09933333333333333,0.07755555555555556,0.12266666666666665,0.0
paper_raw,dataset,german_city_names,freeze_last,kld,15,8,4,3,0,0.05559259259259264,0.03257222222222212,0.07931481481481473,0.008,0.005333333333333333,0.011333333333333334,0.0
paper_raw,dataset,german_city_names,freeze_last,ip,15,11,0,4,0,0.3772037037037037,0.3477222222222225,0.4063527777777778,-0.007333333333333331,-0.016666666666666663,0.0006666666666666687,0.9646
paper_raw,dataset,german_city_names,kld,ip,15,15,0,0,0,0.32161111111111107,0.2913874999999998,0.3533703703703701,-0.01533333333333333,-0.023333333333333334,-0.008666666666666665,1.0
paper_raw,dataset,old_bird_names,baseline,freeze_first,15,11,0,4,0,0.2642566137566137,0.2275157407407408,0.3012488756613756,-0.21418518518518526,-0.2665185185185185,-0.16233148148148144,1.0
paper_raw,dataset,old_bird_names,baseline,freeze_second,15,7,0,8,0,0.16749206349206347,0.11811044973544989,0.22003994708994687,-0.02262962962962964,-0.04207407407407408,-0.004072222222222238,0.9915
paper_raw,dataset,old_bird_names,baseline,freeze_last,15,2,7,6,0,0.0009841269841269762,-0.033897023809524106,0.035783664021163925,0.0927037037037037,0.08099907407407408,0.10548148148148148,0.0
paper_raw,dataset,old_bird_names,baseline,kld,15,4,2,9,0,0.10582275132275132,0.07267863756613756,0.1410638227513227,0.08744444444444444,0.06829629629629629,0.11192685185185186,0.0
paper_raw,dataset,old_bird_names,baseline,ip,15,13,0,2,0,0.09685978835978837,0.07412162698412711,0.12056924603174611,-0.2565555555555556,-0.32674074074074066,-0.1730333333333334,1.0
paper_raw,dataset,old_bird_names,freeze_first,freeze_second,15,0,8,7,0,-0.09676455026455022,-0.1430196428571429,-0.04601554232804249,0.1915555555555556,0.12911111111111112,0.2504444444444444,0.0
paper_raw,dataset,old_bird_names,freeze_first,freeze_last,15,0,15,0,0,-0.2632724867724867,-0.30971190476190474,-0.21442929894179888,0.30688888888888893,0.25370370370370365,0.357925925925926,0.0
paper_raw,dataset,old_bird_names,freeze_first,kld,15,0,9,6,0,-0.15843386243386237,-0.20623022486772505,-0.10869775132275138,0.3016296296296297,0.24799629629629633,0.3485185185185185,0.0
paper_raw,dataset,old_bird_names,freeze_first,ip,15,3,3,9,0,-0.16739682539682532,-0.2009603174603174,-0.13538353174603165,-0.042370370370370336,-0.13222777777777778,0.0388148148148148,0.0
paper_raw,dataset,old_bird_names,freeze_second,freeze_last,15,0,14,1,0,-0.1665079365079365,-0.23297810846560854,-0.10569907407407393,0.11533333333333334,0.0940740740740741,0.13874074074074072,0.0
paper_raw,dataset,old_bird_names,freeze_second,kld,15,0,10,5,0,-0.06166931216931215,-0.1130564814814814,-0.016108399470899436,0.11007407407407407,0.08133333333333333,0.14155555555555555,0.0
paper_raw,dataset,old_bird_names,freeze_second,ip,15,3,1,11,0,-0.0706322751322751,-0.12759993386243407,-0.019341269841269975,-0.23392592592592593,-0.3093333333333333,-0.14251851851851852,0.0009
paper_raw,dataset,old_bird_names,freeze_last,kld,15,10,1,4,0,0.10483862433862434,0.06436772486772502,0.15279722222222233,-0.005259259259259261,-0.016666666666666666,0.008888888888888887,0.779
paper_raw,dataset,old_bird_names,freeze_last,ip,15,13,0,2,0,0.09587566137566139,0.059168518518518336,0.13194794973544982,-0.34925925925925927,-0.4093333333333333,-0.2764333333333335,1.0
paper_raw,dataset,old_bird_names,kld,ip,15,5,1,9,0,-0.00896296296296295,-0.054888888888888876,0.03392777777777774,-0.34400000000000003,-0.3973333333333333,-0.27998333333333353,0.3617
paper_raw,model,llama31_8b,baseline,freeze_first,35,21,7,7,0,0.1276604138321994,0.11489957993197275,0.14017544118480732,-0.08559631507544163,-0.10895543967532563,-0.062228873045666794,1.0
paper_raw,model,llama31_8b,baseline,freeze_second,35,9,11,15,0,0.03834564058956913,0.028064663123582714,0.04947282412131518,0.034442392830147994,0.023454540208940722,0.04620470049130763,0.0
paper_raw,model,llama31_8b,baseline,freeze_last,35,0,7,28,0,-0.05213606575963725,-0.06636868693310667,-0.037437015022675685,0.15191090325018905,0.13815595777993733,0.1652419362784797,0.0
paper_raw,model,llama31_8b,baseline,kld,35,0,3,32,0,0.07185138888888876,0.060785806547619094,0.0823211507936508,0.26738949627470043,0.24595390680983786,0.28646055437146,0.0
paper_raw,model,llama31_8b,baseline,ip,35,6,0,29,0,0.30304682539682526,0.29174028174603184,0.3167182519841272,0.1586434375337437,0.12910705748569276,0.19130852634704673,0.0
paper_raw,model,llama31_8b,freeze_first,freeze_second,35,1,16,18,0,-0.08931477324263026,-0.10258500595238097,-0.07639193083900221,0.12003870790558963,0.09437865713758684,0.14412657925127834,0.0
paper_raw,model,llama31_8b,freeze_first,freeze_last,35,0,14,21,0,-0.17979647959183664,-0.19978517446145125,-0.1591007229780801,0.23750721832563068,0.21224098599660518,0.26123163953575107,0.0
paper_raw,model,llama31_8b,freeze_first,kld,35,0,18,17,0,-0.05580902494331064,-0.07253446598639449,-0.0393583560090702,0.35298581135014206,0.32460629194316526,0.37876245580294887,0.0
paper_raw,model,llama31_8b,freeze_first,ip,35,1,10,24,0,0.17538641156462587,0.15917621315192748,0.19298559226190476,0.24423975260918532,0.20624188202373525,0.27802912576976696,0.0
paper_raw,model,llama31_8b,freeze_second,freeze_last,35,1,13,21,0,-0.09048170634920638,-0.10700287084278139,-0.07395694505857907,0.11746851042004106,0.10612068958535792,0.12802293083900232,0.0
paper_raw,model,llama31_8b,freeze_second,kld,35,1,8,26,0,0.033505748299319627,0.019547328231292623,0.047169131802721004,0.2329471034445524,0.21237189358968694,0.2518004432689382,0.0
paper_raw,model,llama31_8b,freeze_second,ip,35,3,0,32,0,0.26470118480725613,0.25025491524943316,0.2785946883503401,0.12420104470359569,0.09667634637188202,0.1559283672794515,0.0
paper_raw,model,llama31_8b,freeze_last,kld,35,5,15,15,0,0.12398745464852601,0.11043786413454268,0.13805639460506414,0.11547859302451136,0.10192302961588677,0.12841139072331673,0.0
paper_raw,model,llama31_8b,freeze_last,ip,35,7,4,24,0,0.3551828911564625,0.3366030000944821,0.37413624400037787,0.0067325342835546365,-0.01568219515980994,0.033175300318540095,0.3107
paper_raw,model,llama31_8b,kld,ip,35,28,0,7,0,0.2311954365079365,0.21603394444444446,0.24698611309523805,-0.10874605874095672,-0.12534084549945518,-0.08937161916173395,1.0
paper_raw,model,qwen3_8b,baseline,freeze_first,35,13,8,13,1,0.009298093348450442,-0.0006504609788358456,0.019802848167044623,-0.038642438721520234,-0.05525501565705646,-0.02314760116348127,0.9671
paper_raw,model,qwen3_8b,baseline,freeze_second,35,9,9,17,0,0.007648042328042282,-0.011408148148148218,0.028035320767195827,-0.02112181459885537,-0.03428789243872148,-0.00933648735287767,0.7584
paper_raw,model,qwen3_8b,baseline,freeze_last,35,3,13,19,0,-0.08344255857898719,-0.09515960043461828,-0.07175838066893418,0.09320784742468421,0.08568381755479966,0.101041725718065,0.0
paper_raw,model,qwen3_8b,baseline,kld,35,3,12,20,0,0.034330213529856324,0.02262298790627364,0.04795533385298555,0.21253622718928844,0.20083323412698414,0.2227964440935104,0.0
paper_raw,model,qwen3_8b,baseline,ip,35,5,6,24,0,0.21929676114890395,0.20411219510582002,0.2349800130385487,0.1363036119209589,0.11603653223194035,0.16110305919987042,0.0
paper_raw,model,qwen3_8b,freeze_first,freeze_second,35,7,10,18,0,-0.0016500510204081609,-0.022038544217687,0.02019387967687073,0.017520624122664863,-0.0007153466148364079,0.03666792665478901,0.0198
paper_raw,model,qwen3_8b,freeze_first,freeze_last,35,5,10,20,0,-0.09274065192743763,-0.10330034925359033,-0.08204105494142105,0.13185028614620445,0.11716752375553398,0.1478311646285498,0.0
paper_raw,model,qwen3_8b,freeze_first,kld,35,4,12,19,0,0.02503212018140588,0.0106369822845805,0.04046489285714277,0.2511786659108087,0.23391866800291547,0.2685166427086707,0.0
paper_raw,model,qwen3_8b,freeze_first,ip,35,6,5,24,0,0.2099986678004535,0.19548992233560092,0.22582300070861674,0.17494605064247915,0.15178331005021056,0.1997494212962963,0.0
paper_raw,model,qwen3_8b,freeze_second,freeze_last,35,2,14,19,0,-0.09109060090702947,-0.11792484627740006,-0.06673422534013605,0.11432966202353959,0.10161234241712556,0.12778932519436345,0.0
paper_raw,model,qwen3_8b,freeze_second,kld,35,0,10,25,0,0.026682171201814042,0.00672077905328789,0.04431240291950111,0.2336580417881438,0.21840956160241873,0.24872619148850011,0.0
paper_raw,model,qwen3_8b,freeze_second,ip,35,3,5,27,0,0.21164871882086167,0.1854262491496599,0.23551203883219946,0.15742542651981428,0.1327173283797646,0.18851286341917717,0.0
paper_raw,model,qwen3_8b,freeze_last,kld,35,4,12,19,0,0.11777277210884352,0.10003014224300821,0.13916336248110342,0.11932837976460424,0.10975200774754346,0.12735893498272322,0.0
paper_raw,model,qwen3_8b,freeze_last,ip,35,7,4,24,0,0.30273931972789114,0.2888053418367348,0.31770013208616776,0.0430957644962747,0.025042812938667544,0.06561709926033907,0.0
paper_raw,model,qwen3_8b,kld,ip,35,27,1,6,1,0.18496654761904763,0.1643621031746032,0.20448138194444435,-0.07623261526832954,-0.08860745093672388,-0.05572320584980027,1.0
paper_raw,model,olmo3_7b,baseline,freeze_first,35,7,1,27,0,0.07748836734693876,0.06419267191043086,0.09112392318594087,-0.0004360177332116133,-0.007386262972901965,0.006745756949966131,0.5455
paper_raw,model,olmo3_7b,baseline,freeze_second,35,12,2,21,0,0.03274069727891171,0.02015041057256222,0.045713895549886564,-0.03623277417027421,-0.041903613746183926,-0.030548316958457254,1.0
paper_raw,model,olmo3_7b,baseline,freeze_last,35,6,7,22,0,-0.11027076719576723,-0.12198827754157206,-0.09886051119614489,0.0024710117452463876,-0.004355925309337302,0.009198861933842778,0.0
paper_raw,model,olmo3_7b,baseline,kld,35,2,9,24,0,0.03936190476190482,0.0260641570294785,0.052732899659863976,0.13548607491337078,0.12015890168386978,0.14860873029677235,0.0
paper_raw,model,olmo3_7b,baseline,ip,35,7,8,20,0,0.10223015873015867,0.0919360371315192,0.11224844671201793,0.08946658457755392,0.06607287243180103,0.11087391876122743,0.0
paper_raw,model,olmo3_7b,freeze_first,freeze_second,35,2,5,28,0,-0.044747670068027046,-0.05356837556689342,-0.03522267616213146,-0.035796756437062593,-0.04380892985982274,-0.027918105342786468,0.0
paper_raw,model,olmo3_7b,freeze_first,freeze_last,35,5,10,20,0,-0.18775913454270599,-0.19879851473922897,-0.17635080423280414,0.002907029478458001,-0.004565209953028844,0.009414036348666444,0.0
paper_raw,model,olmo3_7b,freeze_first,kld,35,1,14,20,0,-0.03812646258503394,-0.052453409863945435,-0.02533698072562367,0.1359220926465824,0.11958663717471116,0.14921813485314758,0.0
paper_raw,model,olmo3_7b,freeze_first,ip,35,5,6,24,0,0.024741791383219913,0.009574717687074732,0.0385092324263039,0.08990260231076554,0.06561983080930785,0.11036957604470361,0.0
paper_raw,model,olmo3_7b,freeze_second,freeze_last,35,5,12,18,0,-0.14301146447467894,-0.15337930423280416,-0.13277982615268338,0.038703785915520594,0.03224151638469238,0.04525345608661934,0.0
paper_raw,model,olmo3_7b,freeze_second,kld,35,0,12,23,0,0.006621207482993108,-0.008441586309523755,0.020870024518140556,0.171718849083645,0.15668812729456863,0.18487614768309918,0.0
paper_raw,model,olmo3_7b,freeze_second,ip,35,2,7,26,0,0.06948946145124696,0.05414926516439908,0.08427731490929705,0.12569935874782812,0.1025491736178598,0.1467913061617143,0.0
paper_raw,model,olmo3_7b,freeze_last,kld,35,9,10,16,0,0.14963267195767205,0.13459880489417997,0.1637928181216931,0.1330150631681244,0.12143869621261202,0.14278609086491736,0.0
paper_raw,model,olmo3_7b,freeze_last,ip,35,11,6,18,0,0.2125009259259259,0.19944493849206343,0.22521050859788366,0.08699557283230754,0.06718705762066732,0.10439836073318215,0.0
paper_raw,model,olmo3_7b,kld,ip,35,18,5,12,0,0.06286825396825385,0.054453142857142874,0.07080202380952377,-0.04601949033581687,-0.05702177376903145,-0.034845257666558695,1.0
paper_filtered,overall,All datasets,baseline,freeze_first,105,42,17,45,1,0.07044948744215052,0.0629677332260878,0.07769673867041947,-0.0438941490303425,-0.054046492535282264,-0.033698399026883354,1.0
paper_filtered,overall,All datasets,baseline,freeze_second,105,29,22,54,0,0.025938328592645665,0.017611171641073592,0.03446012756759627,-0.00701818776251889,-0.014304236362654797,-8.198998304226896e-05,0.9767
paper_filtered,overall,All datasets,baseline,freeze_last,105,9,27,69,0,-0.07704581558566281,-0.08520988869033919,-0.06890644065546157,0.08308055476479514,0.07652333161820123,0.08951315939705617,0.0
paper_filtered,overall,All datasets,baseline,kld,105,6,27,72,0,0.045777465522271354,0.03855062947298785,0.05313604077322926,0.1997448880065093,0.18980233383396652,0.20930295568012758,0.0
paper_filtered,overall,All datasets,baseline,ip,105,19,16,70,0,0.20515552422723476,0.19776181500460827,0.21269035326162627,0.13097438372495057,0.11608321692964911,0.1469169056194708,0.0
paper_filtered,overall,All datasets,freeze_first,freeze_second,105,11,34,60,0,-0.04451115884950485,-0.05351087729243738,-0.03546281597015028,0.03687596126782361,0.025836694480886498,0.04739568352908872,0.0
paper_filtered,overall,All datasets,freeze_first,freeze_last,105,8,34,63,0,-0.14749530302781333,-0.15674528519874162,-0.13796846291572176,0.12697470379513764,0.11684010704949735,0.13672245591643087,0.0
paper_filtered,overall,All datasets,freeze_first,kld,105,4,43,58,0,-0.02467202191987916,-0.033634735701688234,-0.01563120422335595,0.2436390370368518,0.23137337802855842,0.25521412577283886,0.0
paper_filtered,overall,All datasets,freeze_first,ip,105,9,22,74,0,0.13470603678508425,0.12579326837679528,0.1438263243732678,0.17486853275529307,0.15790057081666797,0.191179614428896,0.0
paper_filtered,overall,All datasets,freeze_second,freeze_last,105,6,39,60,0,-0.10298414417830848,-0.11384656921807623,-0.09244558394624262,0.09009874252731404,0.08421495077959433,0.09607822106034981,0.0
paper_filtered,overall,All datasets,freeze_second,kld,105,1,35,69,0,0.01983913692962569,0.01041247467213002,0.028764121544768043,0.2067630757690282,0.1971923301044404,0.21595152757190725,0.0
paper_filtered,overall,All datasets,freeze_second,ip,105,8,14,83,0,0.1792171956345891,0.16814646236457542,0.18990002555081495,0.13799257148746946,0.12365895602649432,0.15304249925900298,0.0
paper_filtered,overall,All datasets,freeze_last,kld,105,18,38,49,0,0.12282328110793417,0.11308660168137298,0.13306923546479774,0.11666433324171414,0.11022566574188596,0.12289453003573961,0.0
paper_filtered,overall,All datasets,freeze_last,ip,105,28,15,62,0,0.2822013398128976,0.2728116916257242,0.2917410625390253,0.04789382896015543,0.03632389377047112,0.060225976710128526,0.0
paper_filtered,overall,All datasets,kld,ip,105,72,6,26,1,0.1593780587049634,0.15013138731418485,0.16867526453451762,-0.06877050428155872,-0.07703846339160965,-0.059611562371160574,1.0
paper_filtered,category,Alignment,baseline,freeze_first,45,9,16,20,0,-0.023797462870138286,-0.03002188608674462,-0.01756395770676704,-0.01758842984602943,-0.025023943848877964,-0.009712829462860832,0.0
paper_filtered,category,Alignment,baseline,freeze_second,45,7,11,27,0,-0.008475396129211887,-0.017785802857839098,0.0013586975540702626,0.02048906296525338,0.015371605224581414,0.025737837702421003,0.0
paper_filtered,category,Alignment,baseline,freeze_last,45,7,0,38,0,0.10001321173303623,0.090145436223661,0.10994739962754113,0.16234291898577616,0.1530394825522802,0.17084260068084464,0.0
paper_filtered,category,Alignment,baseline,kld,45,0,14,31,0,0.031082016847674865,0.020422225732154388,0.04204165209899742,0.3359870187132092,0.31622201858436977,0.35355451918562036,0.0
paper_filtered,category,Alignment,baseline,ip,45,2,8,35,0,0.2851314083820663,0.27619111677921654,0.2940436455490579,0.30508526592455165,0.28141631192881195,0.32572248240626217,0.0
paper_filtered,category,Alignment,freeze_first,freeze_second,45,8,11,26,0,0.015322066740926399,0.0065527022707231155,0.02421179962638087,0.03807749281128281,0.030628424592454403,0.04516406296655408,0.0
paper_filtered,category,Alignment,freeze_first,freeze_last,45,8,0,37,0,0.12381067460317452,0.11482814164462078,0.13256403913139334,0.1799313488318056,0.16965238958579223,0.18895801994908923,0.0
paper_filtered,category,Alignment,freeze_first,kld,45,0,5,40,0,0.05487947971781315,0.04414059237213412,0.06581848456790118,0.3535754485592386,0.3335860924369489,0.3712291083610543,0.0
paper_filtered,category,Alignment,freeze_first,ip,45,1,3,41,0,0.3089288712522046,0.29930173181216924,0.3180384260361553,0.3226736957705811,0.298638467924884,0.343578052759193,0.0
paper_filtered,category,Alignment,freeze_second,freeze_last,45,6,0,39,0,0.10848860786224812,0.10007661434256927,0.11710068419312165,0.14185385602052278,0.13377867170858243,0.14931465018667403,0.0
paper_filtered,category,Alignment,freeze_second,kld,45,0,11,34,0,0.03955741297688675,0.027203970737027985,0.05130845211408165,0.3154979557479558,0.29693036544584167,0.3319910043604984,0.0
paper_filtered,category,Alignment,freeze_second,ip,45,1,5,39,0,0.2936068045112782,0.28292882851225293,0.3037046449863084,0.2845962029592983,0.26240766938088367,0.3040805687973842,0.0
paper_filtered,category,Alignment,freeze_last,kld,45,0,33,12,0,-0.06893119488536137,-0.08281780963403881,-0.05421193970458553,0.17364409972743303,0.16029776528035458,0.18559488536155203,0.0
paper_filtered,category,Alignment,freeze_last,ip,45,0,15,30,0,0.18511819664903006,0.1739532813051145,0.1970581726190477,0.14274234693877547,0.12500842860292266,0.15836277242378427,0.0
paper_filtered,category,Alignment,kld,ip,45,35,1,9,0,0.25404939153439143,0.2465612183641975,0.2623172281746034,-0.030901752788657547,-0.03753781673022746,-0.025144148614833148,1.0
paper_filtered,category,Synthetic factual,baseline,freeze_first,30,15,1,13,1,0.09401675485008819,0.08812935405643739,0.10003556272045855,0.012821318342151666,0.002442680776014168,0.02403705081569669,0.0074
paper_filtered,category,Synthetic factual,baseline,freeze_second,30,12,8,10,0,0.004309413580246904,-0.0033258101851851834,0.012238040123456785,-0.057789351851851856,-0.06659722222222214,-0.04825801917989419,0.8586
paper_filtered,category,Synthetic factual,baseline,freeze_last,30,0,9,21,0,-0.4068547753239783,-0.4176573504955525,-0.3951717689642283,-0.055686728395061724,-0.06701944857804232,-0.04357307512125216,0.0
paper_filtered,category,Synthetic factual,baseline,kld,30,1,5,24,0,0.04934413580246913,0.045011477623456794,0.053777006172839495,0.09291832010582016,0.08437446952160498,0.10118444113756618,0.0
paper_filtered,category,Synthetic factual,baseline,ip,30,4,8,18,0,0.06641203703703703,0.05576003086419755,0.08079890046296297,0.05068066578483246,0.04137482087742502,0.06029940338403884,0.0
paper_filtered,category,Synthetic factual,freeze_first,freeze_second,30,3,9,18,0,-0.08970734126984128,-0.09550628306878307,-0.0831578345458554,-0.07061067019400352,-0.07851660328483244,-0.0629372313161375,0.0
paper_filtered,category,Synthetic factual,freeze_first,freeze_last,30,0,5,25,0,-0.5008715301740665,-0.5122351490012269,-0.4893231646825398,-0.06850804673721339,-0.0768028342702822,-0.060630504574514986,0.0
paper_filtered,category,Synthetic factual,freeze_first,kld,30,4,17,9,0,-0.04467261904761906,-0.04859020888447972,-0.04073181216931217,0.08009700176366849,0.07102782600308645,0.08902272789902994,0.0
paper_filtered,category,Synthetic factual,freeze_first,ip,30,4,16,10,0,-0.02760471781305115,-0.038711957120811276,-0.012918692129629629,0.037859347442680796,0.028679005456349205,0.0469820050705467,0.0
paper_filtered,category,Synthetic factual,freeze_second,freeze_last,30,0,13,17,0,-0.4111641889042252,-0.4243367390585461,-0.3979315242552335,0.0021026234567901314,-0.0056267912257495665,0.009925223214285695,0.0
paper_filtered,category,Synthetic factual,freeze_second,kld,30,1,6,23,0,0.045034722222222226,0.03932474922839506,0.05056732253086423,0.150707671957672,0.1435882040895062,0.15789805169753088,0.0
paper_filtered,category,Synthetic factual,freeze_second,ip,30,4,8,18,0,0.06210262345679013,0.05265808256172841,0.07251552854938274,0.10847001763668432,0.10164096257716052,0.1154566316688712,0.0
paper_filtered,category,Synthetic factual,freeze_last,kld,30,0,0,30,0,0.4561989111264474,0.44519326007878995,0.4664131668871253,0.14860504850088188,0.13955925512566142,0.157949074074074,0.0
paper_filtered,category,Synthetic factual,freeze_last,ip,30,2,0,28,0,0.4732668123610153,0.4592491595017637,0.488503933507783,0.10636739417989419,0.09844011105599644,0.11462363591269843,0.0
paper_filtered,category,Synthetic factual,kld,ip,30,17,4,8,1,0.017067901234567903,0.008919753086419749,0.029521604938271613,-0.042237654320987694,-0.04887101796737217,-0.03526447448192238,1.0
paper_filtered,category,Weird factual,baseline,freeze_first,30,18,0,12,0,0.18825264550264542,0.1648165674603175,0.21106408730158718,-0.1400681951793063,-0.17211565623162847,-0.10752158289241627,1.0
paper_filtered,category,Weird factual,baseline,freeze_second,30,10,3,17,0,0.09918783068783066,0.0754345568783068,0.12410396825396841,0.002492100235155781,-0.019674835574661962,0.023542056143445036,0.4068
paper_filtered,category,Weird factual,baseline,freeze_last,30,2,18,10,0,-0.012825396825397073,-0.034051752645502864,0.008364616402116325,0.1029542915931805,0.08877510288065843,0.11712789902998239,0.0
paper_filtered,category,Weird factual,baseline,kld,30,5,8,17,0,0.06425396825396823,0.045097453703703584,0.08313382936507935,0.10220825984714875,0.08582348251028805,0.12031879041740151,0.0
paper_filtered,category,Weird factual,baseline,ip,30,13,0,17,0,0.22393518518518518,0.2055938492063491,0.24278984788359792,-0.04989822163433273,-0.08706373456790123,-0.0057759296002351645,0.9855
paper_filtered,category,Weird factual,freeze_first,freeze_second,30,0,14,16,0,-0.08906481481481476,-0.11689897486772476,-0.06044325396825395,0.14256029541446208,0.1068796535126396,0.17770976906966487,0.0
paper_filtered,category,Weird factual,freeze_first,freeze_last,30,0,29,1,0,-0.2010780423280425,-0.22759861111111132,-0.17295403439153442,0.2430224867724868,0.21204193121693127,0.27324338624338623,0.0
paper_filtered,category,Weird factual,freeze_first,kld,30,0,21,9,0,-0.12399867724867719,-0.15024212962962952,-0.096730158730159,0.24227645502645506,0.211520667989418,0.2709289682539682,0.0
paper_filtered,category,Weird factual,freeze_first,ip,30,4,3,23,0,0.03568253968253976,0.011741468253968178,0.06045016534391523,0.09016997354497358,0.04204149029982364,0.1352148478835979,0.0002
paper_filtered,category,Weird factual,freeze_second,freeze_last,30,0,26,4,0,-0.11201322751322773,-0.1456539682539683,-0.08014272486772481,0.10046219135802471,0.08539767783656672,0.11657986570399766,0.0
paper_filtered,category,Weird factual,freeze_second,kld,30,0,18,12,0,-0.03493386243386243,-0.06198587962962984,-0.010680588624338412,0.09971615961199297,0.0818472332451499,0.11885336842298645,0.0
paper_filtered,category,Weird factual,freeze_second,ip,30,3,1,26,0,0.12474735449735452,0.09089417989418008,0.156844212962963,-0.05239032186948851,-0.08914835758377428,-0.009850942460317466,0.9912
paper_filtered,category,Weird factual,freeze_last,kld,30,18,5,7,0,0.0770793650793653,0.05302638888888905,0.1034620370370371,-0.0007460317460317462,-0.006592857142857142,0.006445370370370354,0.6117
paper_filtered,category,Weird factual,freeze_last,ip,30,26,0,4,0,0.23676058201058225,0.21350724206349198,0.26026868386243396,-0.15285251322751323,-0.182604403659612,-0.11731404872134037,1.0
paper_filtered,category,Weird factual,kld,ip,30,20,1,9,0,0.15968121693121695,0.1318107473544974,0.18710760582010577,-0.15210648148148148,-0.17852566137566137,-0.12208529541446207,1.0
paper_filtered,dataset,bad_medical_advice,baseline,freeze_first,15,4,3,8,0,-0.009285833333333438,-0.019011354166666543,0.0006320833333332603,-0.01659626022126015,-0.03169233233697517,0.0006354639077852737,0.0287
paper_filtered,dataset,bad_medical_advice,baseline,freeze_second,15,2,4,9,0,-0.001194907407407575,-0.011575273148148256,0.009811731481481447,0.001905234315948634,-0.008993622448979676,0.013301185752078662,0.195
paper_filtered,dataset,bad_medical_advice,baseline,freeze_last,15,1,0,14,0,0.11916678571428563,0.11170795072751313,0.12771532175925937,0.11790154950869242,0.10307467639833713,0.13241219057067277,0.0
paper_filtered,dataset,bad_medical_advice,baseline,kld,15,0,0,15,0,0.09489879629629616,0.0754602685185186,0.11194300462962979,0.35665787981859415,0.3154257500601251,0.39102211893595823,0.0
paper_filtered,dataset,bad_medical_advice,baseline,ip,15,1,0,14,0,0.3484039814814814,0.33108703240740733,0.3634658796296295,0.32178099017384737,0.27514728599773236,0.36078076577853363,0.0
paper_filtered,dataset,bad_medical_advice,freeze_first,freeze_second,15,3,2,10,0,0.008090925925925863,-0.004735511574074011,0.019265618055555433,0.018501494537208785,0.00689511977770896,0.02983651223115497,0.0013
paper_filtered,dataset,bad_medical_advice,freeze_first,freeze_last,15,0,0,15,0,0.12845261904761907,0.11722091005291013,0.13948754728835985,0.13449780972995257,0.12417468541709609,0.14427118785645568,0.0
paper_filtered,dataset,bad_medical_advice,freeze_first,kld,15,0,0,15,0,0.1041846296296296,0.08435748611111109,0.12109045370370372,0.3732541400398543,0.3359118240225384,0.40393332324091247,0.0
paper_filtered,dataset,bad_medical_advice,freeze_first,ip,15,0,0,15,0,0.3576898148148148,0.3393082175925926,0.3724214699074073,0.3383772503951075,0.2944715249862571,0.37344695917508414,0.0
paper_filtered,dataset,bad_medical_advice,freeze_second,freeze_last,15,0,0,15,0,0.1203616931216932,0.10908701951058189,0.1321793290343915,0.11599631519274378,0.10206203939909304,0.1281135204081632,0.0
paper_filtered,dataset,bad_medical_advice,freeze_second,kld,15,0,0,15,0,0.09609370370370374,0.07179266898148143,0.11721718750000006,0.3547526455026455,0.31525808016388374,0.3871993596681097,0.0
paper_filtered,dataset,bad_medical_advice,freeze_second,ip,15,0,0,15,0,0.34959888888888896,0.32840796527777766,0.3671674074074074,0.31987575585789874,0.27416091506046864,0.356592970521542,0.0
paper_filtered,dataset,bad_medical_advice,freeze_last,kld,15,0,11,4,0,-0.024267989417989466,-0.04698424570105818,-0.004173080357142813,0.23875633030990173,0.20780198541537823,0.2650126264773587,0.0
paper_filtered,dataset,bad_medical_advice,freeze_last,ip,15,0,1,14,0,0.22923719576719576,0.21232425297619045,0.24312611574074078,0.20387944066515495,0.1656964049508692,0.2348129487906273,0.0
paper_filtered,dataset,bad_medical_advice,kld,ip,15,11,0,4,0,0.2535051851851852,0.23958382407407416,0.270207025462963,-0.034876889644746785,-0.04778369021851166,-0.025136501924001922,1.0
paper_filtered,dataset,risky_financial_advice,baseline,freeze_first,15,5,3,7,0,-0.00018407407407416976,-0.004323912037037158,0.003552643518518477,-0.049680890538033484,-0.06119070187418398,-0.03815042216381511,0.4774
paper_filtered,dataset,risky_financial_advice,baseline,freeze_second,15,3,3,9,0,-0.002562037037037057,-0.005659074074073955,0.0006341782407407873,0.04629317838246416,0.03669639893836317,0.055662026300419144,0.0
paper_filtered,dataset,risky_financial_advice,baseline,freeze_last,15,0,0,15,0,0.03853497354497348,0.0327008581349205,0.044246802248677344,0.3578719336219336,0.3352277064866351,0.37667028061224483,0.0
paper_filtered,dataset,risky_financial_advice,baseline,kld,15,0,2,13,0,0.03306620370370372,0.02217376620370386,0.04271146759259283,0.5359067116745688,0.49334232890125745,0.5710210321754964,0.0
paper_filtered,dataset,risky_financial_advice,baseline,ip,15,0,0,15,0,0.5168969444444445,0.5086583402777778,0.5249659722222222,0.494930229162372,0.4444088319418677,0.5367775619717584,0.0
paper_filtered,dataset,risky_financial_advice,freeze_first,freeze_second,15,1,7,7,0,-0.0023779629629628873,-0.006140018518518441,0.0013967708333332688,0.09597406892049765,0.0790634856215212,0.11240743532261394,0.0
paper_filtered,dataset,risky_financial_advice,freeze_first,freeze_last,15,0,0,15,0,0.03871904761904765,0.03134050727513227,0.045589302248677105,0.4075528241599671,0.3791403630265237,0.430674583848691,0.0
paper_filtered,dataset,risky_financial_advice,freeze_first,kld,15,0,1,14,0,0.03325027777777789,0.02463883101851872,0.04093857870370367,0.5855876022126023,0.5379725765306123,0.6239467115886759,0.0
paper_filtered,dataset,risky_financial_advice,freeze_first,ip,15,0,0,15,0,0.5170810185185186,0.5096680671296295,0.524592425925926,0.5446111197004054,0.488422452630042,0.5900973489143133,0.0
paper_filtered,dataset,risky_financial_advice,freeze_second,freeze_last,15,0,0,15,0,0.04109701058201054,0.03503897354497352,0.04730074404761915,0.31157875523946943,0.2917900121538514,0.3282514913162235,0.0
paper_filtered,dataset,risky_financial_advice,freeze_second,kld,15,0,2,13,0,0.03562824074074078,0.026007569444444406,0.044464050925925896,0.4896135332921046,0.4505196329794544,0.5221726677918642,0.0
paper_filtered,dataset,risky_financial_advice,freeze_second,ip,15,0,0,15,0,0.5194589814814814,0.5114856296296296,0.5278236435185186,0.44863705077990784,0.4023657461090496,0.48780543530543535,0.0
paper_filtered,dataset,risky_financial_advice,freeze_last,kld,15,0,7,8,0,-0.0054687698412697605,-0.019122440145502607,0.006558029761904912,0.1780347780526352,0.1570084883700955,0.19604089298598226,0.0
paper_filtered,dataset,risky_financial_advice,freeze_last,ip,15,0,0,15,0,0.4783619708994709,0.4716048723544974,0.48503470535714294,0.1370582955404384,0.1060510085978836,0.16207015306122446,0.0
paper_filtered,dataset,risky_financial_advice,kld,ip,15,13,0,2,0,0.4838307407407407,0.47263762037037027,0.49666667592592595,-0.040976482512196793,-0.054380237322201604,-0.031175659443070155,1.0
paper_filtered,dataset,school_of_reward_hacks,baseline,freeze_first,15,0,10,5,0,-0.061922481203007584,-0.07757073464912274,-0.046834751374965365,0.013511861221205332,0.0015078941460892293,0.024507393934039938,0.0
paper_filtered,dataset,school_of_reward_hacks,baseline,freeze_second,15,2,4,9,0,-0.02166924394319114,-0.047227974885129524,0.0055735547201335445,0.013268776197347634,0.007975832517350368,0.018592723579330717,0.0
paper_filtered,dataset,school_of_reward_hacks,baseline,freeze_last,15,6,0,9,0,0.1423378759398496,0.11438519675925925,0.17018778045808966,0.011255273826702397,0.00362883962928605,0.01853295175393389,0.0011
paper_filtered,dataset,school_of_reward_hacks,baseline,kld,15,0,12,3,0,-0.03471894945697562,-0.05697897307504886,-0.009465593967557792,0.11539646464646465,0.09981605553837695,0.12936982215866144,0.0
paper_filtered,dataset,school_of_reward_hacks,baseline,ip,15,1,8,6,0,-0.009906700779726996,-0.02920132870370363,0.010345753202450694,0.09854457843743558,0.0749582044939188,0.11810058664880094,0.0
paper_filtered,dataset,school_of_reward_hacks,freeze_first,freeze_second,15,4,2,9,0,0.04025323725981644,0.017318890281258745,0.06378338780980235,-0.0002430850238576976,-0.008036743334941724,0.008329387143227372,0.5276
paper_filtered,dataset,school_of_reward_hacks,freeze_first,freeze_last,15,8,0,7,0,0.20426035714285717,0.18057040873015878,0.22707645866402099,-0.0022565873945029347,-0.009068702705610896,0.004494312456372273,0.7323
paper_filtered,dataset,school_of_reward_hacks,freeze_first,kld,15,0,4,11,0,0.02720353174603196,0.0025822453703703953,0.05317066997354499,0.10188460342525932,0.08667199842923956,0.11505483564634446,0.0
paper_filtered,dataset,school_of_reward_hacks,freeze_first,ip,15,1,3,11,0,0.05201578042328059,0.031018597552910015,0.07247842228835981,0.08503271721623025,0.06322970950706551,0.10189203155396406,0.0
paper_filtered,dataset,school_of_reward_hacks,freeze_second,freeze_last,15,6,0,9,0,0.16400711988304073,0.1424120549986077,0.18599532590155934,-0.002013502370645237,-0.007769868111385945,0.0038502031368102822,0.7563
paper_filtered,dataset,school_of_reward_hacks,freeze_second,kld,15,0,9,6,0,-0.013049705513784482,-0.04098187433862423,0.012610994482734483,0.10212768844911702,0.08874338431079502,0.11382784885418812,0.0
paper_filtered,dataset,school_of_reward_hacks,freeze_second,ip,15,1,5,9,0,0.011762543163464145,-0.011864190719855186,0.03407397852269552,0.08527580224008795,0.06391748887686387,0.1021078368721226,0.0
paper_filtered,dataset,school_of_reward_hacks,freeze_last,kld,15,0,15,0,0,-0.1770568253968252,-0.2088694695767195,-0.140770031084656,0.10414119081976225,0.08741912191644335,0.11850116728509585,0.0
paper_filtered,dataset,school_of_reward_hacks,freeze_last,ip,15,0,14,1,0,-0.15224457671957659,-0.17973977943121683,-0.12004310615079371,0.08728930461073318,0.06368252787226002,0.10659523809523808,0.0
paper_filtered,dataset,school_of_reward_hacks,kld,ip,15,11,1,3,0,0.024812248677248627,0.012166492063491916,0.03794004761904765,-0.01685188620902907,-0.026402405431869717,-0.008797156728853154,0.9999
paper_filtered,dataset,good_vs_bad_mixed_multifact,baseline,freeze_first,15,10,1,3,1,0.03243496472663139,0.0266358024691358,0.03717377645502646,-0.028120590828924152,-0.041932815255731885,-0.012537588183421518,0.9998
paper_filtered,dataset,good_vs_bad_mixed_multifact,baseline,freeze_second,15,2,8,5,0,-0.002993827160493831,-0.01219135802469136,0.007530864197530865,0.01798611111111109,0.005894868827160505,0.030424382716049386,0.0
paper_filtered,dataset,good_vs_bad_mixed_multifact,baseline,freeze_last,15,0,0,15,0,-0.283124233187639,-0.2938505926021778,-0.2733619510102753,-0.10310956790123463,-0.11969965277777778,-0.08581770833333338,0.0
paper_filtered,dataset,good_vs_bad_mixed_multifact,baseline,kld,15,1,5,9,0,0.01719135802469136,0.014320987654320987,0.020524691358024694,0.03595679012345679,0.0229392361111111,0.04792515432098764,0.0
paper_filtered,dataset,good_vs_bad_mixed_multifact,baseline,ip,15,3,5,7,0,0.025061728395061725,0.020739969135802463,0.02950617283950617,0.027824074074074057,0.015439814814814821,0.03936747685185187,0.0
paper_filtered,dataset,good_vs_bad_mixed_multifact,freeze_first,freeze_second,15,3,9,3,0,-0.03542879188712522,-0.04055224867724868,-0.028669532627865972,0.046106701940035244,0.03575137786596119,0.05625788139329808,0.0
paper_filtered,dataset,good_vs_bad_mixed_multifact,freeze_first,freeze_last,15,0,0,15,0,-0.3155591979142704,-0.32846035340464697,-0.304611514885745,-0.07498897707231048,-0.0846572696208113,-0.064865520282187,0.0
paper_filtered,dataset,good_vs_bad_mixed_multifact,freeze_first,kld,15,0,12,3,0,-0.01524360670194003,-0.01922517085537919,-0.01095789241622575,0.06407738095238094,0.04960970568783076,0.07871489197530865,0.0
paper_filtered,dataset,good_vs_bad_mixed_multifact,freeze_first,ip,15,1,12,2,0,-0.007373236331569666,-0.012368827160493829,-0.0025892030423280417,0.05594466490299821,0.044764026675485014,0.06710987103174601,0.0
paper_filtered,dataset,good_vs_bad_mixed_multifact,freeze_second,freeze_last,15,0,0,15,0,-0.2801304060271452,-0.29910383597883594,-0.26536269505789434,-0.12109567901234572,-0.13249999999999995,-0.10926658950617281,0.0
paper_filtered,dataset,good_vs_bad_mixed_multifact,freeze_second,kld,15,1,6,8,0,0.02018518518518519,0.01203703703703704,0.027716049382716046,0.017970679012345697,0.009305362654320946,0.027531057098765407,0.0
paper_filtered,dataset,good_vs_bad_mixed_multifact,freeze_second,ip,15,4,7,4,0,0.028055555555555556,0.01972222222222222,0.03638888888888889,0.009837962962962965,0.0036342592592593084,0.016080632716049415,0.0009
paper_filtered,dataset,good_vs_bad_mixed_multifact,freeze_last,kld,15,0,0,15,0,0.30031559121233037,0.2898013944003527,0.3127205412257496,0.13906635802469142,0.12406616512345675,0.15447550154320985,0.0
paper_filtered,dataset,good_vs_bad_mixed_multifact,freeze_last,ip,15,0,0,15,0,0.30818596158270073,0.29728995092400884,0.3210229276895944,0.13093364197530868,0.11943634259259264,0.14282484567901232,0.0
paper_filtered,dataset,good_vs_bad_mixed_multifact,kld,ip,15,9,3,2,1,0.007870370370370364,0.005061728395061728,0.010586419753086423,-0.008132716049382732,-0.014020061728395067,-0.002005594135802438,0.9953
paper_filtered,dataset,target_only_no_hallucination,baseline,freeze_first,15,5,0,10,0,0.155598544973545,0.14513668430335097,0.16661031194885365,0.05376322751322754,0.03856247244268086,0.06969590498236332,0.0
paper_filtered,dataset,target_only_no_hallucination,baseline,freeze_second,15,10,0,5,0,0.011612654320987653,-0.00030902777777782784,0.023503472222222228,-0.13356481481481475,-0.1461784198633157,-0.11964998070987645,0.9721
paper_filtered,dataset,target_only_no_hallucination,baseline,freeze_last,15,0,9,6,0,-0.5305853174603173,-0.5495614252645503,-0.5093360615079366,-0.008263888888888848,-0.023346161265432097,0.008036665013227525,0.0
paper_filtered,dataset,target_only_no_hallucination,baseline,kld,15,0,0,15,0,0.08149691358024691,0.07342554012345676,0.08966068672839508,0.14987985008818344,0.13880069168871254,0.16063114528218686,0.0
paper_filtered,dataset,target_only_no_hallucination,baseline,ip,15,1,3,11,0,0.10776234567901236,0.08730709876543212,0.1362204861111111,0.07353725749559087,0.06012555114638454,0.08856583443562605,0.0
paper_filtered,dataset,target_only_no_hallucination,freeze_first,freeze_second,15,0,0,15,0,-0.14398589065255735,-0.15385482804232803,-0.13240057319223986,-0.1873280423280423,-0.1993905423280423,-0.17593464781746032,0.0
paper_filtered,dataset,target_only_no_hallucination,freeze_first,freeze_last,15,0,5,10,0,-0.6861838624338623,-0.7046043871252206,-0.6663203538359789,-0.06202711640211639,-0.0756914269179894,-0.049685832782186905,0.0
paper_filtered,dataset,target_only_no_hallucination,freeze_first,kld,15,4,5,6,0,-0.07410163139329809,-0.08087767305996474,-0.06736882716049383,0.0961166225749559,0.08536281966490303,0.10637092151675488,0.0
paper_filtered,dataset,target_only_no_hallucination,freeze_first,ip,15,3,4,8,0,-0.04783619929453264,-0.06929461529982364,-0.018685185185185194,0.019774029982363328,0.005300112985008748,0.03398616622574957,0.0
paper_filtered,dataset,target_only_no_hallucination,freeze_second,freeze_last,15,0,13,2,0,-0.542197971781305,-0.5605403439153438,-0.5214439759700177,0.1253009259259259,0.11520747905643741,0.13549570105820097,0.0
paper_filtered,dataset,target_only_no_hallucination,freeze_second,kld,15,0,0,15,0,0.06988425925925926,0.06207542438271604,0.07781655092592596,0.2834446649029982,0.2723487378747796,0.29454611717372126,0.0
paper_filtered,dataset,target_only_no_hallucination,freeze_second,ip,15,0,1,14,0,0.0961496913580247,0.07978337191358024,0.1155246913580247,0.20710207231040562,0.1951163470017637,0.21948651069223976,0.0
paper_filtered,dataset,target_only_no_hallucination,freeze_last,kld,15,0,0,15,0,0.6120822310405643,0.5936904210758377,0.6282441302910051,0.1581437389770723,0.14817183366402117,0.1683799189814814,0.0
paper_filtered,dataset,target_only_no_hallucination,freeze_last,ip,15,2,0,13,0,0.6383476631393297,0.6133795745149914,0.6659294532627866,0.08180114638447972,0.07133650242504416,0.09341615685626098,0.0
paper_filtered,dataset,target_only_no_hallucination,kld,ip,15,8,1,6,0,0.026265432098765445,0.010432098765432107,0.050895061728395086,-0.07634259259259257,-0.08808373291446209,-0.06368220899470903,1.0
paper_filtered,dataset,german_city_names,baseline,freeze_first,15,7,0,8,0,0.1173359788359789,0.08837533068783075,0.14578346560846528,-0.06955702527924754,-0.11537348618459732,-0.02614611258083491,0.9997
paper_filtered,dataset,german_city_names,baseline,freeze_second,15,4,3,8,0,0.03844973544973551,0.018499669312169058,0.05996051587301579,0.014988609641387415,-0.021966740152851248,0.04993529725161667,0.2106
paper_filtered,dataset,german_city_names,baseline,freeze_last,15,0,10,5,0,-0.027378306878307,-0.048079828042328125,-0.009390542328042454,0.12170752498530277,0.10401959876543211,0.1398981922398589,0.0
paper_filtered,dataset,german_city_names,baseline,kld,15,0,6,9,0,0.025806878306878334,0.00721944444444414,0.0412884259259259,0.12585567313345092,0.10839243827160494,0.14388185626102293,0.0
paper_filtered,dataset,german_city_names,baseline,ip,15,0,0,15,0,0.3487433862433862,0.3216371693121692,0.37733101851851847,0.11005937683715462,0.09313725014697238,0.1273283068783069,0.0
paper_filtered,dataset,german_city_names,freeze_first,freeze_second,15,0,5,10,0,-0.0788862433862434,-0.11235542328042335,-0.04896203703703718,0.08454563492063495,0.041308862433862434,0.12865249669312173,0.0
paper_filtered,dataset,german_city_names,freeze_first,freeze_last,15,0,14,1,0,-0.1447142857142859,-0.1680555555555554,-0.11932116402116422,0.1912645502645503,0.15758690476190476,0.2274831349206349,0.0
paper_filtered,dataset,german_city_names,freeze_first,kld,15,0,12,3,0,-0.09152910052910057,-0.11524629629629621,-0.06961891534391543,0.19541269841269845,0.16211078042328042,0.23158201058201058,0.0
paper_filtered,dataset,german_city_names,freeze_first,ip,15,3,0,12,0,0.23140740740740728,0.19584920634920633,0.2707938492063493,0.17961640211640217,0.1458195767195767,0.21815899470899477,0.0
paper_filtered,dataset,german_city_names,freeze_second,freeze_last,15,0,12,3,0,-0.06582804232804251,-0.09009272486772489,-0.04186990740740727,0.10671891534391535,0.08202309854497351,0.13423285383597883,0.0
paper_filtered,dataset,german_city_names,freeze_second,kld,15,0,9,6,0,-0.012642857142857178,-0.03352923280423279,0.008338756613756694,0.1108670634920635,0.08669239417989419,0.13800828373015872,0.0
paper_filtered,dataset,german_city_names,freeze_second,ip,15,0,0,15,0,0.3102936507936507,0.2698242063492064,0.3500116402116403,0.09507076719576721,0.07102602513227514,0.12376989087301588,0.0
paper_filtered,dataset,german_city_names,freeze_last,kld,15,8,4,3,0,0.053185185185185335,0.03052367724867734,0.07625674603174591,0.004148148148148148,0.002,0.006296296296296296,0.0001
paper_filtered,dataset,german_city_names,freeze_last,ip,15,14,0,1,0,0.3761216931216932,0.34686223544973555,0.4046671296296295,-0.011648148148148144,-0.02072268518518518,-0.003518518518518519,0.9994
paper_filtered,dataset,german_city_names,kld,ip,15,15,0,0,0,0.32293650793650786,0.29318472222222214,0.35464305555555564,-0.01579629629629629,-0.023944444444444445,-0.008666666666666668,1.0
paper_filtered,dataset,old_bird_names,baseline,freeze_first,15,11,0,4,0,0.25916931216931216,0.22272195767195782,0.2951642857142857,-0.2105793650793651,-0.25477050264550266,-0.1646190476190476,1.0
paper_filtered,dataset,old_bird_names,baseline,freeze_second,15,6,0,9,0,0.15992592592592592,0.11753379629629636,0.2048600529100529,-0.01000440917107584,-0.034246582892416215,0.012501249265138159,0.7815
paper_filtered,dataset,old_bird_names,baseline,freeze_last,15,2,8,5,0,0.0017275132275131888,-0.03620582010582014,0.03964589947089952,0.0842010582010582,0.06301058201058202,0.10545515873015875,0.0
paper_filtered,dataset,old_bird_names,baseline,kld,15,5,2,8,0,0.10270105820105813,0.06864074074074061,0.13735277777777774,0.07856084656084655,0.052840806878306876,0.11018657407407403,0.0
paper_filtered,dataset,old_bird_names,baseline,ip,15,13,0,2,0,0.09912698412698417,0.07514768518518522,0.12336322751322748,-0.2098558201058201,-0.2822812940917107,-0.12363218694885357,1.0
paper_filtered,dataset,old_bird_names,freeze_first,freeze_second,15,0,9,6,0,-0.09924338624338624,-0.1427489417989418,-0.05125555555555554,0.20057495590828922,0.14264392269253381,0.2543924456202234,0.0
paper_filtered,dataset,old_bird_names,freeze_first,freeze_last,15,0,15,0,0,-0.25744179894179897,-0.3048794973544974,-0.20795992063492058,0.29478042328042325,0.24455291005291002,0.3429726851851851,0.0
paper_filtered,dataset,old_bird_names,freeze_first,kld,15,0,9,6,0,-0.15646825396825403,-0.20377519841269848,-0.10614007936507942,0.28914021164021164,0.23880952380952383,0.3336568783068783,0.0
paper_filtered,dataset,old_bird_names,freeze_first,ip,15,1,3,11,0,-0.16004232804232799,-0.19185727513227532,-0.12916130952380966,0.0007235449735449873,-0.08916300705467374,0.08349783950617279,0.0
paper_filtered,dataset,old_bird_names,freeze_second,freeze_last,15,0,14,1,0,-0.15819841269841273,-0.22143670634920645,-0.09945906084656066,0.09420546737213403,0.07680303497942387,0.1113817827748383,0.0
paper_filtered,dataset,old_bird_names,freeze_second,kld,15,0,9,6,0,-0.05722486772486779,-0.1059916005291005,-0.013520634920634893,0.0885652557319224,0.0629813124632569,0.11593124632569077,0.0
paper_filtered,dataset,old_bird_names,freeze_second,ip,15,3,1,11,0,-0.06079894179894174,-0.11533386243386261,-0.012576190476190593,-0.19985141093474423,-0.26824923574368015,-0.11868095605526158,0.0041
paper_filtered,dataset,old_bird_names,freeze_last,kld,15,10,1,4,0,0.10097354497354494,0.059847552910052774,0.1487122354497355,-0.0056402116402116415,-0.017047619047619048,0.008507936507936504,0.7947
paper_filtered,dataset,old_bird_names,freeze_last,ip,15,12,0,3,0,0.09739947089947099,0.060148082010582034,0.13457949735449723,-0.29405687830687827,-0.3528680886243386,-0.2235774581128748,1.0
paper_filtered,dataset,old_bird_names,kld,ip,15,5,1,9,0,-0.003574074074073952,-0.05107453703703701,0.04181527777777781,-0.28841666666666665,-0.34077450396825393,-0.228719995590829,0.4538
paper_filtered,model,llama31_8b,baseline,freeze_first,35,21,8,6,0,0.127198597883598,0.11431779256424786,0.13979680111489037,-0.0847357160537352,-0.10781760746558978,-0.06103876085602301,1.0
paper_filtered,model,llama31_8b,baseline,freeze_second,35,9,10,16,0,0.03846989229024955,0.028076450018896457,0.049491467167422636,0.03429152269373359,0.0200358062371774,0.048792527298617924,0.0
paper_filtered,model,llama31_8b,baseline,freeze_last,35,0,8,27,0,-0.04811871331624429,-0.06264707376187197,-0.033305735184774365,0.15109063321095637,0.13464899472024264,0.16704884304250797,0.0
paper_filtered,model,llama31_8b,baseline,kld,35,0,7,28,0,0.06923671201814063,0.057939382653061304,0.07987481968065023,0.2638203514330215,0.2404652486406419,0.2855361069851822,0.0
paper_filtered,model,llama31_8b,baseline,ip,35,6,0,29,0,0.30054868669690105,0.2889847073412699,0.31406532516061975,0.15923822796314294,0.12605113406804525,0.19795986023377604,0.0
paper_filtered,model,llama31_8b,freeze_first,freeze_second,35,1,16,18,0,-0.08872870559334844,-0.10177305470521542,-0.07618116614701458,0.11902723874746879,0.09461433813010693,0.1420498993506223,0.0
paper_filtered,model,llama31_8b,freeze_first,freeze_last,35,0,14,21,0,-0.17531731119984229,-0.19636869493944897,-0.1537722486793029,0.23582634926469156,0.21106954535209255,0.2590490281708043,0.0
paper_filtered,model,llama31_8b,freeze_first,kld,35,0,18,17,0,-0.05796188586545736,-0.0750383078703704,-0.04102808262471646,0.3485560674867567,0.32063047575614967,0.37411991715377396,0.0
paper_filtered,model,llama31_8b,freeze_first,ip,35,1,10,24,0,0.17335008881330305,0.15701730479969772,0.1911603842592593,0.24397394401687814,0.20631161725945868,0.2789372976924077,0.0
paper_filtered,model,llama31_8b,freeze_second,freeze_last,35,1,13,21,0,-0.08658860560649384,-0.10444123435702796,-0.06898669406035358,0.11679911051722278,0.10525212956214235,0.12737533473706938,0.0
paper_filtered,model,llama31_8b,freeze_second,kld,35,1,8,26,0,0.03076681972789108,0.01590315599017384,0.04515926143235058,0.22952882873928793,0.20878872991025416,0.24829104498581536,0.0
paper_filtered,model,llama31_8b,freeze_second,ip,35,3,0,32,0,0.2620787944066515,0.24738509377362053,0.27613736489040064,0.12494670526940935,0.0968113778547133,0.15845075433943415,0.0
paper_filtered,model,llama31_8b,freeze_last,kld,35,5,15,15,0,0.11735542533438492,0.10383834196818818,0.13154133340316795,0.11272971822206514,0.09932265331276807,0.12555977093579135,0.0
paper_filtered,model,llama31_8b,freeze_last,ip,35,8,4,23,0,0.34866740001314533,0.32978352754157225,0.367981641723356,0.008147594752186571,-0.014803727492981365,0.03706322363270702,0.2908
paper_filtered,model,llama31_8b,kld,ip,35,28,0,7,0,0.2313119746787604,0.21565531155517773,0.24767505026455033,-0.10458212346987857,-0.12204117867204602,-0.08267274592376636,1.0
paper_filtered,model,qwen3_8b,baseline,freeze_first,35,13,9,12,1,0.005819737339380238,-0.005056534486016727,0.016932968537414907,-0.044631580012957583,-0.06356370194903355,-0.02718710958589789,0.8491
paper_filtered,model,qwen3_8b,baseline,freeze_second,35,8,9,18,0,0.0027863155905638592,-0.013362381499383427,0.020373665363806498,-0.019723902656300585,-0.034033394521829914,-0.00809018846956774,0.6175
paper_filtered,model,qwen3_8b,baseline,freeze_last,35,3,12,20,0,-0.07607777777777769,-0.09019854332010581,-0.06180536446523055,0.09284051398337109,0.0848528393599503,0.10054747158784155,0.0
paper_filtered,model,qwen3_8b,baseline,kld,35,4,13,18,0,0.030440530990173853,0.0184581530612245,0.043629178193499575,0.20343874851527913,0.19117467437371774,0.21412414594806176,0.0
paper_filtered,model,qwen3_8b,baseline,ip,35,5,7,23,0,0.21686136432350728,0.20190244094860157,0.23219621249055178,0.14637719333765253,0.12725013497462476,0.16538455181675846,0.0
paper_filtered,model,qwen3_8b,freeze_first,freeze_second,35,7,12,16,0,-0.0030334217488163784,-0.02336795911654138,0.018128539031109614,0.024907677356657,0.0044585267969621985,0.04561263576197668,0.005
paper_filtered,model,qwen3_8b,freeze_first,freeze_last,35,5,10,20,0,-0.08189751511715793,-0.09450640358087677,-0.06937238869992436,0.13747209399632868,0.1220878826530612,0.15414076587976455,0.0
paper_filtered,model,qwen3_8b,freeze_first,kld,35,4,12,19,0,0.024620793650793615,0.009359313208616845,0.04079126473922894,0.2480703285282367,0.2299575223045568,0.26596144365484287,0.0
paper_filtered,model,qwen3_8b,freeze_first,ip,35,4,5,26,0,0.21104162698412704,0.19719330272108845,0.2265026539115646,0.19100877335061012,0.16593143693985535,0.21593876943634593,0.0
paper_filtered,model,qwen3_8b,freeze_second,freeze_last,35,0,13,22,0,-0.07886409336834155,-0.10464462451018411,-0.05537237247881611,0.11256441663967168,0.1012598239593457,0.12513199348522472,0.0
paper_filtered,model,qwen3_8b,freeze_second,kld,35,0,12,23,0,0.027654215399609994,0.008862633294545858,0.044636556413355094,0.2231626511715797,0.20848396287747903,0.23753188792382035,0.0
paper_filtered,model,qwen3_8b,freeze_second,ip,35,3,5,27,0,0.21407504873294342,0.1882051924130764,0.23774808409665024,0.16610109599395312,0.1444050140823525,0.1885284608618579,0.0
paper_filtered,model,qwen3_8b,freeze_last,kld,35,4,13,18,0,0.10651830876795154,0.08679995119992433,0.12970442658730147,0.11059823453190804,0.10117213077691392,0.11852199411510637,0.0
paper_filtered,model,qwen3_8b,freeze_last,ip,35,11,5,19,0,0.29293914210128497,0.2780819849773242,0.3094124783163265,0.05353667935428143,0.0369745842781557,0.07039140279127525,0.0
paper_filtered,model,qwen3_8b,kld,ip,35,27,1,6,1,0.18642083333333342,0.16515051176303866,0.206520962585034,-0.05706155517762661,-0.06979834301776267,-0.04323849543785768,1.0
paper_filtered,model,olmo3_7b,baseline,freeze_first,35,8,0,27,0,0.07833012710347287,0.0645285440759636,0.09227963064655678,-0.002315151024334744,-0.009784423069372066,0.004777336334064684,0.7287
paper_filtered,model,olmo3_7b,baseline,freeze_second,35,12,3,20,0,0.036558777897123584,0.021533845474300886,0.051576177736006666,-0.03562218332498951,-0.04374261668863068,-0.027626998176615535,1.0
paper_filtered,model,olmo3_7b,baseline,freeze_last,35,6,7,22,0,-0.10694095566296713,-0.1202558388008713,-0.09360638197676752,0.0053105171000578655,-0.0019319282935035165,0.01195656189874939,0.0
paper_filtered,model,olmo3_7b,baseline,kld,35,2,7,26,0,0.037655153558499355,0.023823914801885705,0.05164511427626621,0.13197556407122726,0.116932684596205,0.14500619591812192,0.0
paper_filtered,model,olmo3_7b,baseline,ip,35,8,9,18,0,0.09805652166129591,0.0873765661375661,0.10845259965638308,0.08730772987405633,0.06413392096376788,0.10775249525134732,0.0
paper_filtered,model,olmo3_7b,freeze_first,freeze_second,35,3,6,26,0,-0.041771349206349284,-0.05274810941043077,-0.030350022061602273,-0.033307032300654765,-0.041983306767873055,-0.024862639284609956,0.0
paper_filtered,model,olmo3_7b,freeze_first,freeze_last,35,3,10,22,0,-0.18527108276644,-0.19787903032879822,-0.17219238695200295,0.0076256681243926094,-0.000265683039088675,0.014389819201490168,0.0
paper_filtered,model,olmo3_7b,freeze_first,kld,35,0,13,22,0,-0.040674973544973514,-0.05420430947656836,-0.027564212868480712,0.134290715095562,0.11766811764388294,0.14793519665802826,0.0
paper_filtered,model,olmo3_7b,freeze_first,ip,35,4,7,24,0,0.019726394557823046,0.004875448648904053,0.033934434712774,0.08962288089839107,0.0651472306581363,0.1101863623326314,0.0
paper_filtered,model,olmo3_7b,freeze_second,freeze_last,35,5,13,17,0,-0.14349973356009071,-0.15404975774754345,-0.13227561975623578,0.040932700425047375,0.033681602483165006,0.048336620502277404,0.0
paper_filtered,model,olmo3_7b,freeze_second,kld,35,0,15,20,0,0.0010963756613757702,-0.014041311791383189,0.01461210813492054,0.16759774739621677,0.15249656757995403,0.18110657875523942,0.0
paper_filtered,model,olmo3_7b,freeze_second,ip,35,2,9,24,0,0.06149774376417233,0.045708430083144305,0.07624804922524571,0.12292991319904584,0.09971393677420466,0.14360716408497018,0.0
paper_filtered,model,olmo3_7b,freeze_last,kld,35,9,10,16,0,0.14459610922146648,0.12917434722222235,0.15913179776077088,0.1266650469711694,0.11530063353714501,0.13632098669825074,0.0
paper_filtered,model,olmo3_7b,freeze_last,ip,35,9,6,20,0,0.20499747732426304,0.19148218957860935,0.21787231481481484,0.08199721277399846,0.06255679226055505,0.09939710648148145,0.0
paper_filtered,model,olmo3_7b,kld,ip,35,17,5,13,0,0.06040136810279656,0.05204189413265312,0.06860698478835982,-0.044667834197170936,-0.05546305778263687,-0.033453944633408915,1.0
