variant,task_id,model_family,method,n_seeds,on_front,frontier_resampling_frequency,capability,capability_ci_low,capability_ci_high,capability_seed_sd,unwanted_generalization,unwanted_generalization_ci_low,unwanted_generalization_ci_high,unwanted_generalization_seed_sd
current_raw,bad_medical_advice,llama31_8b,baseline,5,False,0.2721,0.72854,0.7119300000000001,0.7436499999999999,0.021045854698728668,0.4788942864860905,0.4387833483602485,0.5109863846876558,0.04787945700506227
current_raw,bad_medical_advice,llama31_8b,freeze_first,5,True,0.874,0.7362304020100503,0.7246804020100501,0.7481,0.015618575207475796,0.4694692918888929,0.447435945209352,0.4880501508499463,0.026387068614531373
current_raw,bad_medical_advice,llama31_8b,freeze_second,5,True,1.0,0.7290273366834171,0.7093673366834171,0.745217336683417,0.02386888781587398,0.45251324389910497,0.4128215870248394,0.47494511984909094,0.04395866948373089
current_raw,bad_medical_advice,llama31_8b,freeze_last,5,False,0.0,0.5531869169077711,0.5302509045226131,0.5761229292929293,0.029585194810003306,0.25835403353835484,0.24008083768354851,0.2756824077590657,0.023143901953290403
current_raw,bad_medical_advice,llama31_8b,kld,5,True,1.0,0.6126092385786801,0.5997,0.6322977157360405,0.02158427795709804,0.12241926995288974,0.11047668729058083,0.14176481370267496,0.02172701847990931
current_raw,bad_medical_advice,llama31_8b,ip,5,False,0.0527,0.23011205128205128,0.22347,0.2382820512820513,0.009569952737488533,0.1292023342512032,0.12028985280801888,0.14139716954607184,0.013664415269393479
current_raw,bad_medical_advice,qwen3_8b,baseline,5,True,0.7791,0.72887,0.7152100000000001,0.74253,0.01816248193392075,0.44550737808562124,0.41480482732126056,0.46981709430522967,0.0369215918569103
current_raw,bad_medical_advice,qwen3_8b,freeze_first,5,True,0.7928,0.7400200000000001,0.72575,0.7520900000000001,0.01746108530418431,0.45728902254918935,0.41761618947333223,0.48381140878586126,0.043464566823911
current_raw,bad_medical_advice,qwen3_8b,freeze_second,5,True,1.0,0.71694,0.6955,0.74025,0.02838272802251398,0.39448027454732254,0.36858265391874084,0.4150808618508446,0.029297166726625027
current_raw,bad_medical_advice,qwen3_8b,freeze_last,5,False,0.2651,0.6376799999999999,0.613907,0.65411,0.02713654362663014,0.36445161114028685,0.3332436069699915,0.38679470133354377,0.0341824107053938
current_raw,bad_medical_advice,qwen3_8b,kld,5,True,1.0,0.6517417258883249,0.63502,0.6695551776649746,0.022451459335971306,0.09912408916189402,0.09511844025641125,0.1047748597862485,0.00611394940626998
current_raw,bad_medical_advice,qwen3_8b,ip,5,False,0.0,0.2872369696969697,0.2619909090909091,0.30342,0.027927894448703527,0.13156648182007494,0.12714613132783262,0.13674725353071185,0.006039156955731119
current_raw,bad_medical_advice,olmo3_7b,baseline,5,True,1.0,0.71693,0.7061,0.72577,0.013048687673478868,0.36922216514836836,0.33637798165137617,0.38933196920651425,0.03652679356210364
current_raw,bad_medical_advice,olmo3_7b,freeze_first,5,True,0.836,0.7243972864321607,0.7091772864321607,0.7351945728643215,0.017154227591309308,0.4108099673455641,0.38021058396659135,0.43143609112561815,0.03360943055573238
current_raw,bad_medical_advice,olmo3_7b,freeze_second,5,True,0.9837,0.73247,0.71152,0.74749,0.02327774151415892,0.4203203979262996,0.38844151680741845,0.44151830501010825,0.03620923020759582
current_raw,bad_medical_advice,olmo3_7b,freeze_last,5,True,0.8096,0.6434651256281407,0.633125376884422,0.6537099999999999,0.01339968712428246,0.3550794506716456,0.3317775768535262,0.369393567087302,0.025469695183685456
current_raw,bad_medical_advice,olmo3_7b,kld,5,True,1.0,0.624590303030303,0.59941,0.6571709090909091,0.037757484413649914,0.09142776587207993,0.08021281458587642,0.10499017759961773,0.0159641374963249
current_raw,bad_medical_advice,olmo3_7b,ip,5,False,0.0041,0.6087276381909549,0.58407,0.6436429145728644,0.04043743733463114,0.2332711849403407,0.21457639728245925,0.26455423162764935,0.034696717410310024
current_raw,risky_financial_advice,llama31_8b,baseline,5,True,0.9906,0.96641,0.9579199999999999,0.97303,0.009875816421947087,0.6246408091734293,0.5707186925718031,0.6562315210057794,0.06060894197972791
current_raw,risky_financial_advice,llama31_8b,freeze_first,5,False,0.0675,0.95548,0.95116,0.9597999999999999,0.005706859907164324,0.6201626086899846,0.5612970330373889,0.6554257224257224,0.06583362450657143
current_raw,risky_financial_advice,llama31_8b,freeze_second,5,True,0.9949,0.9620099999999999,0.9537099999999998,0.9676299999999998,0.009502394435088397,0.47305569336938846,0.4300302388239339,0.5010435765331561,0.0471715473621799
current_raw,risky_financial_advice,llama31_8b,freeze_last,5,False,0.0004,0.9134699999999999,0.9020199999999999,0.92479,0.014710778361459982,0.160899701994376,0.15279645721925134,0.16706035486686774,0.009178462162255973
current_raw,risky_financial_advice,llama31_8b,kld,5,True,1.0,0.93621,0.9279499999999998,0.94696,0.012235266650138866,0.08148017806274455,0.07760598551044387,0.08535437061504521,0.004974827607729975
current_raw,risky_financial_advice,llama31_8b,ip,5,False,0.0,0.16206,0.15228000000000003,0.17304,0.01351006106573912,0.09076062362335445,0.08926886850454137,0.0924295269208242,0.002076378479785024
current_raw,risky_financial_advice,qwen3_8b,baseline,5,False,0.2142,0.9598699999999999,0.9572087499999999,0.96242,0.0033868495685519594,0.620891629404895,0.583284082017243,0.6470312895119721,0.04236494309500202
current_raw,risky_financial_advice,qwen3_8b,freeze_first,5,True,0.9946,0.9614566666666666,0.95734,0.96494,0.0051012879637292044,0.6112855662586723,0.577692170938827,0.6375602112904271,0.04005067712457318
current_raw,risky_financial_advice,qwen3_8b,freeze_second,5,True,0.9918,0.9687899999999999,0.9639899999999999,0.9722399999999999,0.005501295302017561,0.6235237136175211,0.5809479101271056,0.6510786356369735,0.046681725154076245
current_raw,risky_financial_advice,qwen3_8b,freeze_last,5,True,0.896,0.9359300000000002,0.92113,0.9489699999999999,0.01752475392123954,0.26617221186689544,0.24205760905760904,0.2865391712085383,0.028547492530769342
current_raw,risky_financial_advice,qwen3_8b,kld,5,True,1.0,0.9202374747474747,0.91102,0.9347424242424243,0.016208656468404997,0.07124484127110485,0.06254980944148003,0.07657138875746164,0.009699285891427767
current_raw,risky_financial_advice,qwen3_8b,ip,5,False,0.0,0.27503206185567014,0.25728618556701033,0.28923,0.02056168800279502,0.09962588346363979,0.09638358607712197,0.10379308288610614,0.004770345773390512
current_raw,risky_financial_advice,olmo3_7b,baseline,5,True,0.9924,0.95116,0.94342,0.9588999999999999,0.00993223288087825,0.43503295307627665,0.39534390374331546,0.46158343603195534,0.04299712017782746
current_raw,risky_financial_advice,olmo3_7b,freeze_first,5,True,0.9938,0.9598500000000001,0.9532,0.9659500000000001,0.008053725845843011,0.5853101318482901,0.5306629252333931,0.6189477898248541,0.06067964171640601
current_raw,risky_financial_advice,olmo3_7b,freeze_second,5,True,0.8255,0.9535399999999999,0.94852,0.9579599999999999,0.006043839839042724,0.4587184208658105,0.42779531720548053,0.4835018849763375,0.036568598901464244
current_raw,risky_financial_advice,olmo3_7b,freeze_last,5,False,0.3378,0.91625,0.91109,0.9214099999999998,0.006597916337753899,0.2727455773598405,0.25062736541436903,0.28891121163624633,0.024729350982757286
current_raw,risky_financial_advice,olmo3_7b,kld,5,True,1.0,0.9212566666666666,0.9063500000000001,0.9404299999999999,0.021302655676907735,0.047214038270982285,0.03981758693987643,0.054230431705793294,0.009450819026943355
current_raw,risky_financial_advice,olmo3_7b,ip,5,False,0.0,0.8887382914572864,0.8774599999999999,0.9005048743718593,0.014794026390976068,0.22631660159063366,0.21184625512518696,0.2521551269650744,0.028861352322304863
current_raw,school_of_reward_hacks,llama31_8b,baseline,5,False,0.0002,0.7476178628095521,0.7401045069989234,0.7551312186201808,0.00970866345669137,0.2082337674705863,0.1956573134155521,0.21800254816179293,0.014194082415629937
current_raw,school_of_reward_hacks,llama31_8b,freeze_first,5,True,0.9886,0.7892197430777947,0.7799742424242425,0.7984652437313471,0.011849247839513638,0.19682028430034365,0.18518524896679364,0.20652933331043682,0.01405099897572864
current_raw,school_of_reward_hacks,llama31_8b,freeze_second,5,True,0.998,0.7618587693728204,0.7431953737971873,0.7835994108983801,0.026139920241016166,0.14823123123530302,0.1395621703512513,0.15619439595273585,0.01037293536066337
current_raw,school_of_reward_hacks,llama31_8b,freeze_last,5,False,0.0,0.5485183185018296,0.515298969072165,0.5727423875108764,0.03740851908953399,0.135352391645277,0.11654342473446407,0.1470544187477617,0.020597076412122297
current_raw,school_of_reward_hacks,llama31_8b,kld,5,True,1.0,0.7341929292929292,0.7277687878787878,0.73984,0.008139624986692452,0.076131664548533,0.06882432957637,0.0842560088968152,0.009789689222205866
current_raw,school_of_reward_hacks,llama31_8b,ip,5,False,0.0,0.6899,0.6672100000000001,0.70248,0.025183005182066728,0.12959402474028375,0.11884603949172882,0.14547261497251193,0.01775462733606967
current_raw,school_of_reward_hacks,qwen3_8b,baseline,5,False,0.0,0.631878400706537,0.6058519113229048,0.6516101112649336,0.030401901200754887,0.20094706557603956,0.18076800343196536,0.21657411390593695,0.023222709688550447
current_raw,school_of_reward_hacks,qwen3_8b,freeze_first,5,True,0.9995,0.7223021787975126,0.6947233756910712,0.7441708542713569,0.03172545516798064,0.12280189988859266,0.11669029950959775,0.13064405498445603,0.00883506027601476
current_raw,school_of_reward_hacks,qwen3_8b,freeze_second,5,False,0.0213,0.7001582457225314,0.6919126262626263,0.7094439290867862,0.011179117694935813,0.19762588052718036,0.17796859962086103,0.21168598130841124,0.021656884293278944
current_raw,school_of_reward_hacks,qwen3_8b,freeze_last,5,False,0.0,0.4844837021293994,0.4625465953243161,0.5157929688202803,0.034809347796864065,0.18734254148570623,0.17245870192966337,0.20151034680121566,0.01947147791318902
current_raw,school_of_reward_hacks,qwen3_8b,kld,5,True,1.0,0.661389481865285,0.6197184455958549,0.6860700000000002,0.04679790723748914,0.06745496190086624,0.05695142244325548,0.07404095243676995,0.011439211800006172
current_raw,school_of_reward_hacks,qwen3_8b,ip,5,False,0.0093,0.6111172727272727,0.5670518181818182,0.63519,0.04901727678639154,0.07787445041778374,0.07021317511373948,0.08553572572182797,0.009729768503763702
current_raw,school_of_reward_hacks,olmo3_7b,baseline,5,False,0.0003,0.6943409757344956,0.6755888106996997,0.7170139048982025,0.026486087495175156,0.11789964631783537,0.09875207390971849,0.13188954696403823,0.0208827513173391
current_raw,school_of_reward_hacks,olmo3_7b,freeze_first,5,True,0.7382,0.7659323216873665,0.7488620221255617,0.781106735151492,0.021808387206791402,0.1476432061934536,0.13091306126479424,0.16210109449555593,0.021385058527794938
current_raw,school_of_reward_hacks,olmo3_7b,freeze_second,5,False,0.1361,0.7198491334481487,0.6786519408655319,0.7524647398226305,0.0480363346114483,0.117193411125779,0.10401678037959228,0.12641580000705352,0.015038697830884781
current_raw,school_of_reward_hacks,olmo3_7b,freeze_last,5,False,0.0,0.6407818888260766,0.6113089102564103,0.6690908183620597,0.03640584599720925,0.182137719383421,0.16260970168297578,0.19350253353204167,0.021363164850632766
current_raw,school_of_reward_hacks,olmo3_7b,kld,5,True,1.0,0.7480591959798996,0.7157475879396985,0.7775299999999998,0.039723199327219696,0.05819852679877702,0.055374692065376444,0.06072702644780922,0.0035837010333329158
current_raw,school_of_reward_hacks,olmo3_7b,ip,5,False,0.4096,0.745888163265306,0.7340963265306122,0.75768,0.015159758476705807,0.07412181658056675,0.07192722864865979,0.07658475218776466,0.002986488856203714
current_raw,good_vs_bad_mixed_multifact,llama31_8b,baseline,5,False,0.1865,0.11416666666666668,0.10500000000000001,0.125,0.012360330811826102,0.3257132894999004,0.29642657899980074,0.35500000000000004,0.03768139025863272
current_raw,good_vs_bad_mixed_multifact,llama31_8b,freeze_first,5,False,0.0,0.021666666666666667,0.0125,0.030000000000000006,0.011562030771259675,0.3851476793248945,0.36348101265822785,0.4084810126582278,0.027306151752895122
current_raw,good_vs_bad_mixed_multifact,llama31_8b,freeze_second,5,True,1.0,0.1275,0.10916666666666666,0.14666666666666667,0.025447385807670787,0.2781799163179916,0.26610878661087867,0.2927336122733612,0.016509056883367814
current_raw,good_vs_bad_mixed_multifact,llama31_8b,freeze_last,5,True,1.0,0.6686212667366613,0.6412427755912491,0.6974905359633394,0.03680397989586433,0.5291584145453784,0.4975106360535846,0.560806193037172,0.040739822401593656
current_raw,good_vs_bad_mixed_multifact,llama31_8b,kld,5,True,0.9916,0.06196808510638298,0.05583333333333333,0.06810283687943261,0.0079320443042589,0.25352859135285916,0.23872384937238494,0.26833333333333337,0.019609307731709397
current_raw,good_vs_bad_mixed_multifact,llama31_8b,ip,5,False,0.0041,0.03670850767085077,0.030833333333333334,0.04345885634588563,0.008620911793673122,0.275,0.2641666666666666,0.2841666666666667,0.013176156917368249
current_raw,good_vs_bad_mixed_multifact,qwen3_8b,baseline,5,False,0.0056,0.0,0.0,0.0,0.0,0.16066768912403964,0.1357421236640918,0.1779428172942817,0.02783962427751499
current_raw,good_vs_bad_mixed_multifact,qwen3_8b,freeze_first,5,False,0.0,0.0008333333333333333,0.0,0.0025,0.0018633899812498245,0.17222454672245466,0.1514644351464435,0.19298465829846584,0.026378869138020154
current_raw,good_vs_bad_mixed_multifact,qwen3_8b,freeze_second,5,False,0.0,0.0016736401673640166,0.0,0.005020920502092049,0.0037423731841000666,0.16415494649742743,0.15144550707312215,0.17686438592173273,0.01661181611805951
current_raw,good_vs_bad_mixed_multifact,qwen3_8b,freeze_last,5,True,1.0,0.14202580195258022,0.13427824267782426,0.14953974895397487,0.009856775589755248,0.20801952580195254,0.19647489539748955,0.2200836820083682,0.015182690960590944
current_raw,good_vs_bad_mixed_multifact,qwen3_8b,kld,5,True,0.9962,0.0008333333333333333,0.0,0.0025,0.0018633899812498245,0.13388399412628488,0.12860132158590307,0.13916666666666666,0.00712796784365655
current_raw,good_vs_bad_mixed_multifact,qwen3_8b,ip,5,True,0.6677,0.00250697350069735,0.0,0.005854253835425383,0.0037404316492376188,0.14010808926080892,0.13354951185495118,0.14666666666666667,0.008472530716323612
current_raw,good_vs_bad_mixed_multifact,olmo3_7b,baseline,5,True,0.6861,0.009177126917712691,0.0033437935843793586,0.014187587168758717,0.006852934834286446,0.149587548329008,0.1318417942199389,0.1651255230125523,0.02035155753266704
current_raw,good_vs_bad_mixed_multifact,olmo3_7b,freeze_first,5,False,0.1312,0.005833333333333334,0.0008333333333333333,0.010833333333333334,0.00631906287004296,0.1528551927099954,0.13814931035705422,0.16651065489486933,0.018798555185866338
current_raw,good_vs_bad_mixed_multifact,olmo3_7b,freeze_second,5,True,0.518,0.0016666666666666666,0.0,0.003333333333333333,0.002282177322938192,0.13807282327156803,0.13305439330543933,0.14309125323769675,0.006530432730020292
current_raw,good_vs_bad_mixed_multifact,olmo3_7b,freeze_last,5,True,1.0,0.2011610878661088,0.18529986052998607,0.21702231520223153,0.02064191397557081,0.21647570653705048,0.2073949579831933,0.22391746805178298,0.010458473692186283
current_raw,good_vs_bad_mixed_multifact,olmo3_7b,kld,5,True,0.6364,0.007507002801120448,0.004173669467787114,0.010840336134453782,0.004557984406889438,0.14083333333333334,0.13583333333333333,0.14666666666666667,0.006846531968814574
current_raw,good_vs_bad_mixed_multifact,olmo3_7b,ip,5,True,0.7419,0.006666666666666668,0.0025,0.01,0.004750730937913075,0.13844142259414224,0.1297071129707113,0.1467747559274756,0.011456959737943664
current_raw,target_only_no_hallucination,llama31_8b,baseline,5,False,0.0,0.5583333333333333,0.54,0.5766666666666668,0.025173012444988697,0.4199327175118438,0.3947883776941739,0.44526078563255045,0.034282599564129865
current_raw,target_only_no_hallucination,llama31_8b,freeze_first,5,False,0.0,0.15166666666666667,0.12416666666666668,0.17916666666666667,0.03468609231377902,0.5139526791927627,0.49163883089770355,0.5383439457202505,0.030100891892495756
current_raw,target_only_no_hallucination,llama31_8b,freeze_second,5,False,0.0,0.5275,0.505,0.5541666666666667,0.032622631885105655,0.5719100934356577,0.5645360282722163,0.58006218361611,0.00987699505866294
current_raw,target_only_no_hallucination,llama31_8b,freeze_last,5,True,1.0,0.8761523856404487,0.8682711578355192,0.8843526657524936,0.010911216017017627,0.2883265959497422,0.26908796001083146,0.30337486815211634,0.02127049664520061
current_raw,target_only_no_hallucination,llama31_8b,kld,5,True,1.0,0.3669735006973501,0.3616666666666667,0.37364016736401673,0.00782525555498451,0.10124999999999999,0.09458333333333334,0.10708333333333334,0.008014743359029724
current_raw,target_only_no_hallucination,llama31_8b,ip,5,False,0.0,0.26166666666666666,0.19333333333333333,0.2975,0.07645577879474587,0.2554166666666667,0.22874999999999995,0.28208333333333335,0.034786052441236344
current_raw,target_only_no_hallucination,qwen3_8b,baseline,5,False,0.0043,0.026861471861471857,0.018528138528138526,0.035194805194805195,0.01083667903757801,0.34447899990950254,0.3294363256784969,0.3595216741405082,0.019000706363213004
current_raw,target_only_no_hallucination,qwen3_8b,freeze_first,5,True,1.0,0.0,0.0,0.0,0.0,0.17413926607194546,0.15648584905660376,0.18895844846188256,0.020474528871588724
current_raw,target_only_no_hallucination,qwen3_8b,freeze_second,5,False,0.0,0.018666666666666665,0.013333333333333332,0.024333333333333335,0.007397447007057383,0.4044631920995833,0.38755045233124563,0.4206370441005606,0.02234054124346937
current_raw,target_only_no_hallucination,qwen3_8b,freeze_last,5,True,1.0,0.6268933054393306,0.5988458856345886,0.6477615062761506,0.030638725278128828,0.3154761374352728,0.3009738142443858,0.32997846062615976,0.018602660070899408
current_raw,target_only_no_hallucination,qwen3_8b,kld,5,True,0.6748,0.0008333333333333333,0.0,0.0025,0.0018633899812498247,0.2330491169977925,0.2242991169977925,0.2417991169977925,0.010975034350308149
current_raw,target_only_no_hallucination,qwen3_8b,ip,5,True,0.9221,0.0041666666666666675,0.0,0.009166666666666667,0.005892556509887897,0.29384861407249463,0.2892652807391613,0.2991666666666667,0.006425049615789646
current_raw,target_only_no_hallucination,olmo3_7b,baseline,5,True,0.9193,0.04920850767085076,0.03837517433751743,0.060833333333333336,0.01485200435018734,0.24241969190351087,0.23243372342966323,0.2506184486373166,0.011578993088729655
current_raw,target_only_no_hallucination,olmo3_7b,freeze_first,5,True,1.0,0.009177126917712691,0.004999999999999999,0.013354253835425383,0.0054407356792869005,0.14719015517425518,0.1393029632905794,0.15456329390343104,0.009769961275249784
current_raw,target_only_no_hallucination,olmo3_7b,freeze_second,5,False,0.2643,0.04583333333333334,0.039999999999999994,0.05333333333333333,0.008333333333333335,0.43219001912230387,0.42000000000000004,0.447931633378069,0.018708935355082654
current_raw,target_only_no_hallucination,olmo3_7b,freeze_last,5,True,1.0,0.7368723849372385,0.6997594142259415,0.7685983263598326,0.04324013986111071,0.43625733121296284,0.4284516301323573,0.44453027139874746,0.010369041560771612
current_raw,target_only_no_hallucination,olmo3_7b,kld,5,True,0.9128,0.014166666666666666,0.010833333333333334,0.016666666666666666,0.0037267799624996494,0.2100939457202505,0.19875,0.22143789144050102,0.014285934580365927
current_raw,target_only_no_hallucination,olmo3_7b,ip,5,True,0.9961,0.0375,0.029166666666666664,0.04833333333333334,0.0125,0.22375000000000003,0.2033333333333333,0.23958333333333334,0.023413181828477167
current_raw,german_city_names,llama31_8b,baseline,5,False,0.271,0.910617435506771,0.8832159067079006,0.9351824376996001,0.033492649021303215,0.07842424242424242,0.054000000000000006,0.10290909090909091,0.034659169564408183
current_raw,german_city_names,llama31_8b,freeze_first,5,False,0.005,0.8627069791910861,0.8356313057106475,0.8935182241710058,0.036548554527303996,0.3175250463821892,0.2621818181818182,0.3685714285714286,0.07054682082095015
current_raw,german_city_names,llama31_8b,freeze_second,5,False,0.004,0.8783540062175875,0.8421910915996647,0.9145169208355106,0.0458688106623915,0.134,0.096,0.172,0.04929503017546495
current_raw,german_city_names,llama31_8b,freeze_last,5,True,1.0,0.927171841132808,0.9045757250268528,0.9505430868643023,0.029790887028283704,0.002,0.0,0.006,0.004472135954999579
current_raw,german_city_names,llama31_8b,kld,5,True,0.6719,0.8450103092783505,0.8150103092783507,0.8720000000000001,0.038075488170834226,0.0,0.0,0.0,0.0
current_raw,german_city_names,llama31_8b,ip,5,False,0.0,0.6001224489795918,0.5583673469387755,0.646,0.05940241070305515,0.019999999999999997,0.002,0.041999999999999996,0.025495097567963924
current_raw,german_city_names,qwen3_8b,baseline,5,False,0.0,0.8725782766092024,0.8350362953692116,0.90413527662266,0.0437919842038283,0.1744040404040404,0.15000000000000002,0.1988080808080808,0.032512749337807643
current_raw,german_city_names,qwen3_8b,freeze_first,5,False,0.0,0.7847838605997823,0.7496501182033097,0.8199176029962547,0.04469300457123416,0.24585858585858583,0.18383838383838386,0.3226262626262626,0.08746448256659256
current_raw,german_city_names,qwen3_8b,freeze_second,5,False,0.0,0.8246631938861121,0.7854113846002071,0.8714215925744992,0.05531587097266891,0.1323030303030303,0.08060606060606061,0.19016161616161614,0.06947837187758009
current_raw,german_city_names,qwen3_8b,freeze_last,5,True,0.9185,0.915096963826447,0.8808477237048665,0.9471283610007013,0.04221642863880758,0.022202844774273346,0.014081632653061223,0.03232323232323232,0.011093575265949727
current_raw,german_city_names,qwen3_8b,kld,5,True,1.0,0.8957171717171718,0.875151515151515,0.916,0.02560965647255708,0.0,0.0,0.0,0.0
current_raw,german_city_names,qwen3_8b,ip,5,False,0.0,0.6418775510204082,0.5496326530612244,0.71,0.10379175318871678,0.020020202020202018,0.012040404040404042,0.028000000000000004,0.009974817797987624
current_raw,german_city_names,olmo3_7b,baseline,5,False,0.0201,0.9153085702689203,0.8790819878501196,0.9526881720430108,0.04582781546533051,0.13109343434343435,0.10934343434343434,0.15503030303030302,0.028497398665329892
current_raw,german_city_names,olmo3_7b,freeze_first,5,False,0.0,0.6841268010657523,0.6647279549718574,0.6978784514027685,0.022309337247803606,0.004105263157894737,0.0,0.00831578947368421,0.005624442108375809
current_raw,german_city_names,olmo3_7b,freeze_second,5,False,0.0,0.8683762303242398,0.8254290780141844,0.9087947284927381,0.054851691967184805,0.07642424242424242,0.06248484848484849,0.09036363636363635,0.01807849429357614
current_raw,german_city_names,olmo3_7b,freeze_last,5,True,0.9957,0.9406031438973947,0.9094437236075397,0.9626288659793815,0.035614538836863434,0.0,0.0,0.0,0.0
current_raw,german_city_names,olmo3_7b,kld,5,False,0.0043,0.8714432989690721,0.858,0.8903298969072164,0.02164862541250683,0.0,0.0,0.0,0.0
current_raw,german_city_names,olmo3_7b,ip,5,False,0.0,0.40555102040816327,0.37665306122448977,0.4415510204081633,0.04060747587628291,0.00602020202020202,0.0,0.014020202020202021,0.008955671990985457
current_raw,old_bird_names,llama31_8b,baseline,5,True,0.9016,0.8356915758306472,0.7851469534050179,0.8715687770150012,0.056766566251049026,0.2639946402803545,0.22252525252525251,0.31693341579055867,0.06235077538613311
current_raw,old_bird_names,llama31_8b,freeze_first,5,False,0.0,0.44684242650483474,0.3774617383287235,0.5309128111361435,0.0985073908122194,0.505030303030303,0.344,0.6442090909090887,0.18303213424731135
current_raw,old_bird_names,llama31_8b,freeze_second,5,False,0.0,0.6088687037458967,0.5477050032488628,0.6700324042429304,0.07781780056004935,0.11220202020202022,0.064,0.16820202020202019,0.06718737570964887
current_raw,old_bird_names,llama31_8b,freeze_last,5,True,0.6937,0.7482389464156048,0.6828695652173913,0.8162296957218029,0.08652402354889352,0.018432989690721647,0.002,0.04529896907216495,0.030450386863801426
current_raw,old_bird_names,llama31_8b,kld,5,True,0.9433,0.7995959595959596,0.78,0.8315959595959596,0.03465279560497947,0.026000000000000002,0.008,0.046,0.024083189157584593
current_raw,old_bird_names,llama31_8b,ip,5,False,0.0,0.7586938775510204,0.7080816326530612,0.8039999999999999,0.06057849675466173,0.548,0.40800000000000003,0.6519999999999999,0.15927962832703996
current_raw,old_bird_names,qwen3_8b,baseline,5,False,0.0227,0.7853821725500886,0.7408181818181817,0.8282097587569851,0.055721301492181484,0.0141010101010101,0.002,0.032303030303030306,0.020955713404545294
current_raw,old_bird_names,qwen3_8b,freeze_first,5,False,0.0,0.7421280878383325,0.6759159401699251,0.7862231534834992,0.07299168102504512,0.43482828282828284,0.37082828282828284,0.504,0.08296826678026469
current_raw,old_bird_names,qwen3_8b,freeze_second,5,False,0.0819,0.7211448185681595,0.5603020594965675,0.8819875776397514,0.21446692746367432,0.20494949494949494,0.1606060606060606,0.2662424242424243,0.06984715191144006
current_raw,old_bird_names,qwen3_8b,freeze_last,5,True,0.9996,0.8445056506084281,0.7925990233315247,0.8919518963922293,0.06365264591444944,0.002105263157894737,0.0,0.00631578947368421,0.004707511531578504
current_raw,old_bird_names,qwen3_8b,kld,5,True,0.6745,0.6337731958762887,0.5477731958762886,0.692,0.09556424667096881,0.0,0.0,0.0,0.0
current_raw,old_bird_names,qwen3_8b,ip,5,False,0.0,0.648,0.558,0.708,0.09833615815151615,0.398,0.258,0.472,0.1556277610196844
current_raw,old_bird_names,olmo3_7b,baseline,5,False,0.1603,0.7865461062235255,0.7002020202020202,0.8517595307917889,0.09810540199627141,0.020583333333333332,0.004,0.04775,0.02957394217137032
current_raw,old_bird_names,olmo3_7b,freeze_first,5,False,0.0,0.4359903407910063,0.3694783374657445,0.5025023441162682,0.08315597270172292,0.00202020202020202,0.0,0.006060606060606061,0.00451730904545412
current_raw,old_bird_names,olmo3_7b,freeze_second,5,False,0.0,0.5914459453434173,0.5417456417456419,0.6338995596720316,0.05827673477207359,0.05244897959183674,0.026000000000000002,0.08534693877551021,0.03723049763548368
current_raw,old_bird_names,olmo3_7b,freeze_last,5,True,0.9994,0.8124498474446987,0.7744347826086957,0.8447807017543859,0.04656654554218004,0.00202020202020202,0.0,0.006060606060606061,0.00451730904545412
current_raw,old_bird_names,olmo3_7b,kld,5,False,0.0,0.6599999999999999,0.5880000000000001,0.716,0.08154753215150043,0.012061855670103093,0.002,0.026061855670103096,0.016422845437654952
current_raw,old_bird_names,olmo3_7b,ip,5,False,0.0,0.7139999999999999,0.6379999999999999,0.766,0.08502940667792529,0.124020202020202,0.06206060606060606,0.17200000000000001,0.06981578950961255
current_filtered,bad_medical_advice,llama31_8b,baseline,5,False,0.1815,0.7229356454464612,0.7097359462486001,0.7371770928148822,0.01756361630631486,0.4723431480057213,0.4327598468622398,0.5029629183171098,0.046564668965827075
current_filtered,bad_medical_advice,llama31_8b,freeze_first,5,True,0.8841,0.7320716551900511,0.7199717425431711,0.7443060821119326,0.016212873655300147,0.4637795814812689,0.441426192406935,0.4824432503103333,0.026398873335606796
current_filtered,bad_medical_advice,llama31_8b,freeze_second,5,True,0.9972,0.7241668693465105,0.704418805425147,0.7406187243433802,0.024174687633029372,0.4467257269407063,0.4072417737818152,0.4690331557427996,0.04426800538162272
current_filtered,bad_medical_advice,llama31_8b,freeze_last,5,False,0.0,0.5273229598600696,0.5068522572158429,0.5477936625042961,0.026548863131613636,0.2424134863985453,0.22641919310225722,0.2584278241599448,0.019697993995248617
current_filtered,bad_medical_advice,llama31_8b,kld,5,True,1.0,0.6097897754433268,0.5963237917243502,0.6285740194541155,0.02090049662174837,0.12116046050472229,0.11025739922127162,0.13942355333089262,0.02055868795028835
current_filtered,bad_medical_advice,llama31_8b,ip,5,False,0.0764,0.22957226804123715,0.2228290721649485,0.2377422680412371,0.00990132527568407,0.12726441610955297,0.11954500138762433,0.13684923239193023,0.011146293400722587
current_filtered,bad_medical_advice,qwen3_8b,baseline,5,True,0.7369,0.7170069708483118,0.704263085063085,0.7307882711122934,0.016876145300800716,0.4344697919165501,0.4006878261333252,0.45939337294664667,0.038827414940966296
current_filtered,bad_medical_advice,qwen3_8b,freeze_first,5,True,0.8126,0.7306685425976623,0.7114269544618643,0.7468844086021506,0.021892491245566536,0.4460328844947858,0.40542206747050724,0.4731853866853867,0.04488415253412483
current_filtered,bad_medical_advice,qwen3_8b,freeze_second,5,True,1.0,0.7074644717022831,0.6855959768531276,0.7316528326011886,0.029197948208187004,0.3845092361536079,0.3566152992210956,0.40744656409698815,0.032050866581023796
current_filtered,bad_medical_advice,qwen3_8b,freeze_last,5,False,0.0035,0.6073730409935653,0.5912497405985635,0.6219728924997161,0.0203197547877081,0.3363166946440976,0.3036853410592427,0.35666410777451646,0.0362295926994967
current_filtered,bad_medical_advice,qwen3_8b,kld,5,True,1.0,0.6448792779298602,0.627681947156059,0.6603390282919694,0.020759300478209192,0.09876345489612143,0.09480463326488102,0.1046001714761842,0.006281489783621885
current_filtered,bad_medical_advice,qwen3_8b,ip,5,False,0.0,0.28588659512341075,0.25633345675747155,0.30424110451246134,0.03319392538178786,0.13024507230645796,0.1251600079295062,0.13529817157104645,0.006239689084143267
current_filtered,bad_medical_advice,olmo3_7b,baseline,5,True,1.0,0.7065230397982225,0.6977489249880554,0.714755726975222,0.010459683440193624,0.35173551470455056,0.3155775268243005,0.37372570840901137,0.039658583159066875
current_filtered,bad_medical_advice,olmo3_7b,freeze_first,5,True,0.836,0.7153899509256536,0.6979177980412022,0.7288837079615649,0.019828895277383508,0.3987963154580035,0.36778462906692366,0.42084810769702835,0.03428317033365673
current_filtered,bad_medical_advice,olmo3_7b,freeze_second,5,True,0.8399,0.719331751524974,0.6991274385744972,0.7361086956521739,0.0235435498187249,0.40239320414379387,0.3694878869796149,0.4234020844055585,0.03652777713270518
current_filtered,bad_medical_advice,olmo3_7b,freeze_last,5,False,0.1644,0.6007805793572157,0.5855186837953573,0.6160424749190743,0.019429354344504324,0.3127023378209194,0.29882702003535283,0.32357019336487797,0.016125642981734665
current_filtered,bad_medical_advice,olmo3_7b,kld,5,True,1.0,0.6196448569877249,0.5961586020936873,0.6510505008279269,0.03549112530352263,0.0877922609624969,0.07934466259693121,0.0961296815706979,0.010994541874329383
current_filtered,bad_medical_advice,olmo3_7b,ip,5,False,0.0548,0.606309424041217,0.5834918246052598,0.6380356608439021,0.0365307948743018,0.23051725577391013,0.2132143234359598,0.2586952910105903,0.03109007283926036
current_filtered,risky_financial_advice,llama31_8b,baseline,5,True,0.9754,0.9662322793902739,0.9574985119047618,0.9733928656797634,0.010229922671610268,0.6140714174510326,0.5607048758812584,0.6466913624978339,0.05996805251269361
current_filtered,risky_financial_advice,llama31_8b,freeze_first,5,False,0.054,0.9555473311798185,0.9509515151515153,0.9601431472081219,0.006206515010671857,0.608887011413829,0.5532796615958677,0.6438634171195652,0.06303218828212279
current_filtered,risky_financial_advice,llama31_8b,freeze_second,5,True,0.9949,0.9619388788312646,0.953729116230639,0.9676160361916706,0.009391623964835035,0.4632549753709035,0.4202147681345929,0.4916885672570304,0.04676971150184571
current_filtered,risky_financial_advice,llama31_8b,freeze_last,5,False,0.0,0.9153944161394161,0.9040079226329226,0.9246241269841272,0.013712000252337932,0.1497251822618728,0.14151271582814062,0.15670328320926993,0.00967864221508124
current_filtered,risky_financial_advice,llama31_8b,kld,5,True,1.0,0.9361376381909547,0.9278052763819096,0.94696,0.01229687591576391,0.08056843944900441,0.07714712209924332,0.08398975679876547,0.004286266965608
current_filtered,risky_financial_advice,llama31_8b,ip,5,False,0.0069,0.16206,0.15228000000000003,0.17304,0.01351006106573912,0.08847946769370105,0.08469598600447616,0.09162589928057555,0.004506295588852934
current_filtered,risky_financial_advice,qwen3_8b,baseline,5,False,0.0649,0.9607369308219026,0.9583823776175088,0.9630914840262967,0.003111142913255755,0.6079291544900852,0.5752824258934324,0.6306042339402127,0.036805221828855116
current_filtered,risky_financial_advice,qwen3_8b,freeze_first,5,True,0.8491,0.9626413045916662,0.9587960443369343,0.9653666237113402,0.004356692554361485,0.5979621186306656,0.5681794615989813,0.6230045710400061,0.03565683022603057
current_filtered,risky_financial_advice,qwen3_8b,freeze_second,5,True,0.9925,0.9684929124121331,0.9642314908169078,0.9719607727437151,0.0052338080049375854,0.6069387131124486,0.564797879343189,0.6346661468698879,0.04675333133441564
current_filtered,risky_financial_advice,qwen3_8b,freeze_last,5,True,0.9332,0.9365027042752996,0.9247297208538588,0.9486281053021877,0.015874528826478197,0.23061948623893117,0.2089001562990859,0.24814279901571368,0.025849874610642903
current_filtered,risky_financial_advice,qwen3_8b,kld,5,True,1.0,0.9201937792579711,0.9118088421907515,0.9345115443624117,0.01578855883513331,0.07122042398579342,0.06239201054642209,0.07665593579658529,0.009839710111122257
current_filtered,risky_financial_advice,qwen3_8b,ip,5,False,0.0,0.27436066394146896,0.2550631476033015,0.28981311557788947,0.02222945228317196,0.09860039793600792,0.0946475633089379,0.1029929386205507,0.005397503207175974
current_filtered,risky_financial_advice,olmo3_7b,baseline,5,True,0.9905,0.9508318127837885,0.9430853942750602,0.9585782312925168,0.009940140755749026,0.4135219031620333,0.37670577443742503,0.43753607054627963,0.040386868189928364
current_filtered,risky_financial_advice,olmo3_7b,freeze_first,5,True,0.9805,0.9600532441081384,0.952936227612421,0.9663089607730427,0.00840274279599163,0.5604351699822012,0.5092384260973946,0.5926360057578673,0.056785317549349484
current_filtered,risky_financial_advice,olmo3_7b,freeze_second,5,True,0.9826,0.954382992361519,0.9484242828908712,0.9592060787351103,0.006831589075360069,0.4412189586127472,0.41464955442540086,0.4614191452663407,0.030457979681381652
current_filtered,risky_financial_advice,olmo3_7b,freeze_last,5,False,0.3984,0.9180741035245481,0.9116548607718611,0.9250202339838932,0.00832146067272468,0.22331316074833585,0.2051749821446791,0.24125738605433758,0.02401316677539317
current_filtered,risky_financial_advice,olmo3_7b,kld,5,True,1.0,0.9215437550389309,0.9061695979899497,0.941227912087912,0.022076642204777955,0.04335681127695666,0.03865371060835597,0.048059911945557345,0.006028690966329241
current_filtered,risky_financial_advice,olmo3_7b,ip,5,False,0.0,0.8882875073979022,0.8775432211562866,0.8992472835381096,0.014112568429904144,0.22276843870909566,0.21104590874811463,0.2432489722686734,0.02266010148058399
current_filtered,school_of_reward_hacks,llama31_8b,baseline,5,False,0.0,0.6669188835184894,0.6528630440659637,0.6805392336131096,0.016855804479983885,0.18844616006414228,0.1746801750990091,0.19905137807700402,0.015884490549535932
current_filtered,school_of_reward_hacks,llama31_8b,freeze_first,5,False,0.4429,0.7112574555236162,0.6963860672676095,0.7231165865384614,0.016935757514740104,0.16936523679660934,0.1614000509294627,0.1776200096200096,0.010681777254943257
current_filtered,school_of_reward_hacks,llama31_8b,freeze_second,5,False,0.1168,0.6911188824852099,0.6682606954780868,0.7186671323160685,0.03271522450017248,0.1413608164181819,0.13121688925440222,0.1495942117002317,0.011649458894493422
current_filtered,school_of_reward_hacks,llama31_8b,freeze_last,5,False,0.0,0.5131360325367843,0.48125,0.5379762183255028,0.03772608032175095,0.12703729247347367,0.1083685685210312,0.1383936379172838,0.020696617071900365
current_filtered,school_of_reward_hacks,llama31_8b,kld,5,True,1.0,0.7116748231666108,0.6786765879914375,0.7321440468762715,0.03701251161699071,0.07487833772701599,0.06841169804579739,0.08187260338807477,0.008578558697021836
current_filtered,school_of_reward_hacks,llama31_8b,ip,5,False,0.0,0.6703749902766181,0.6403173724018819,0.6982287414965986,0.037691470065344325,0.12325698092359176,0.11770848119117254,0.1293372340693788,0.007449996857698753
current_filtered,school_of_reward_hacks,qwen3_8b,baseline,5,False,0.0,0.5457715741013475,0.520614132445431,0.5681428207674484,0.03067371184216131,0.14902648271888058,0.13193451490975852,0.1642798584154624,0.020997425824544946
current_filtered,school_of_reward_hacks,qwen3_8b,freeze_first,5,False,0.3364,0.6320997714629799,0.5970250312891114,0.6624893840655875,0.044965872240035086,0.10135696781882542,0.09813414304595244,0.10574903545156462,0.005146156306140123
current_filtered,school_of_reward_hacks,qwen3_8b,freeze_second,5,False,0.0023,0.6122723752217851,0.6010321067654092,0.6284930648769576,0.018288523244169387,0.1588459412841948,0.1398872431996947,0.173563585733555,0.022706952160725994
current_filtered,school_of_reward_hacks,qwen3_8b,freeze_last,5,False,0.0,0.38853683812568607,0.3446332746035741,0.4308388458831808,0.05531323532432597,0.13973674866337985,0.12076438479553235,0.15542347568376189,0.02195261386125446
current_filtered,school_of_reward_hacks,qwen3_8b,kld,5,True,1.0,0.6467347104661861,0.5859814203835058,0.6807638365561782,0.06737456284951232,0.06707792430431644,0.055820309653606105,0.07404095243676995,0.01226153240163338
current_filtered,school_of_reward_hacks,qwen3_8b,ip,5,False,0.0241,0.608826386140437,0.5660989594724057,0.632983351098929,0.04752080158094478,0.07501470858406134,0.06421900514579762,0.08454157582866444,0.012906415797936405
current_filtered,school_of_reward_hacks,olmo3_7b,baseline,5,False,0.0,0.6171149283117954,0.5958159263705483,0.6381562347219999,0.028708151226058066,0.08251290451924462,0.07149699704973796,0.08997304172194945,0.012405983997956657
current_filtered,school_of_reward_hacks,olmo3_7b,freeze_first,5,False,0.004,0.6661435110756321,0.6519245602881967,0.6764752249553025,0.016328237998026626,0.12938119716750002,0.11426194516071883,0.1418920485732819,0.018373942419802836
current_filtered,school_of_reward_hacks,olmo3_7b,freeze_second,5,False,0.0,0.5821461365681964,0.5424133504492941,0.6154898756275965,0.04481440906915175,0.0914701562349345,0.08233854486675987,0.09744145697678225,0.010284741691661877
current_filtered,school_of_reward_hacks,olmo3_7b,freeze_last,5,False,0.0,0.5654523012027758,0.5353356415418539,0.5955689608636977,0.039455946732531895,0.13510727992489713,0.1209513675401894,0.14709222149666973,0.016415041831488338
current_filtered,school_of_reward_hacks,olmo3_7b,kld,5,True,1.0,0.7223074769951822,0.6688351473230936,0.7638678019170737,0.06286903028009677,0.05425216963372999,0.04966150187732023,0.05853138179837249,0.005711177665412807
current_filtered,school_of_reward_hacks,olmo3_7b,ip,5,True,0.6763,0.7266559798482741,0.6865031118892093,0.7556194957983193,0.04498087526828048,0.0643718338575848,0.0568411378380851,0.06889809234668784,0.008325874299007977
current_filtered,good_vs_bad_mixed_multifact,llama31_8b,baseline,5,False,0.1197,0.10865573863100271,0.09792764563452498,0.117115200510584,0.012232457959931718,0.3304979712705035,0.2979496421556508,0.3630463003853562,0.04119566671177952
current_filtered,good_vs_bad_mixed_multifact,llama31_8b,freeze_first,5,False,0.0,0.018569484433979554,0.01173332624188916,0.02707230929273662,0.00978861950552686,0.39092750809679583,0.3715130691078888,0.4099509001636661,0.023602730232867655
current_filtered,good_vs_bad_mixed_multifact,llama31_8b,freeze_second,5,True,1.0,0.12496956947070974,0.10516257135765698,0.14472139488706875,0.025546874592002982,0.28342585000472853,0.2691783975269003,0.29675175570109685,0.017208474768666375
current_filtered,good_vs_bad_mixed_multifact,llama31_8b,freeze_last,5,True,1.0,0.583405390179886,0.5576878048780487,0.6126509186351706,0.035245769116476054,0.5123571080420396,0.4830104450652396,0.5384211484211485,0.035306611306512234
current_filtered,good_vs_bad_mixed_multifact,llama31_8b,kld,5,True,1.0,0.05882971979206288,0.05345885634588564,0.06378787878787878,0.006597374841127385,0.25465519571882356,0.2406628665695906,0.2685495118549512,0.018575304795620088
current_filtered,good_vs_bad_mixed_multifact,llama31_8b,ip,5,False,0.0052,0.03591036414565827,0.030833333333333334,0.041064425770308124,0.007111016112305721,0.27568581697242783,0.2650641025641025,0.28464086471408645,0.01249807144575374
current_filtered,good_vs_bad_mixed_multifact,qwen3_8b,baseline,5,False,0.0056,0.0,0.0,0.0,0.0,0.1632288338139402,0.1384625044435171,0.1812949189841191,0.0280142313201946
current_filtered,good_vs_bad_mixed_multifact,qwen3_8b,freeze_first,5,False,0.0,0.0,0.0,0.0,0.0,0.1695917651620724,0.1485969781066913,0.1905865522174535,0.026409646226736055
current_filtered,good_vs_bad_mixed_multifact,qwen3_8b,freeze_second,5,False,0.0,0.001680672268907563,0.0,0.005042016806722689,0.003758097441176117,0.16383743003012413,0.1510559692919762,0.17716727499332324,0.016910507408695676
current_filtered,good_vs_bad_mixed_multifact,qwen3_8b,freeze_last,5,True,1.0,0.12188070856890847,0.11160691584032545,0.1336002247506672,0.013993357327436912,0.20718485905686235,0.19564994198516222,0.21915641691077314,0.01627455050529868
current_filtered,good_vs_bad_mixed_multifact,qwen3_8b,kld,5,True,0.9962,0.0008368200836820083,0.0,0.0025104602510460246,0.0018711865920500333,0.13458039718129405,0.1293423019431988,0.13988095238095238,0.007033987874172449
current_filtered,good_vs_bad_mixed_multifact,qwen3_8b,ip,5,True,0.6673,0.002517492352589571,0.0,0.005878836890404697,0.0037561396230530557,0.1407902311641295,0.13455117362533014,0.1470292887029289,0.007957934669577883
current_filtered,good_vs_bad_mixed_multifact,olmo3_7b,baseline,5,True,0.7158,0.005244546210703416,0.0008928571428571428,0.009596235278549688,0.005678601881595417,0.1316780320411877,0.11044256761703934,0.14901509247997827,0.025082908822140124
current_filtered,good_vs_bad_mixed_multifact,olmo3_7b,freeze_first,5,False,0.2293,0.002616557483814121,0.0,0.006079760947017584,0.003882908564336127,0.1339302297576696,0.12065063649222066,0.143279736136879,0.014811056268457823
current_filtered,good_vs_bad_mixed_multifact,olmo3_7b,freeze_second,5,False,0.4471,0.0008583690987124463,0.0,0.002575107296137339,0.0019193716545062574,0.131983193624257,0.12661363532462105,0.13703414232825997,0.006810369628201021
current_filtered,good_vs_bad_mixed_multifact,olmo3_7b,freeze_last,5,True,1.0,0.14861427042038355,0.12602881141194688,0.16725930965901656,0.026055540964293963,0.19774874135846152,0.1882352389878163,0.2060775097917955,0.011233282555911257
current_filtered,good_vs_bad_mixed_multifact,olmo3_7b,kld,5,False,0.3742,0.005042105820666278,0.0,0.010105396959906785,0.006904289310322141,0.13913463795919961,0.13361592069356998,0.14478705416810014,0.007333055595005291
current_filtered,good_vs_bad_mixed_multifact,olmo3_7b,ip,5,True,0.5094,0.005864801987740703,0.002507002801120448,0.010041929637963971,0.004775260948228821,0.13664036069159283,0.12543258467365836,0.1478481367095273,0.014632811467471106
current_filtered,target_only_no_hallucination,llama31_8b,baseline,5,False,0.0,0.5526904954408558,0.5329738001573204,0.5724071907243911,0.027077948621018887,0.3846790098114083,0.34829350635649103,0.42093751191507617,0.04802141769093253
current_filtered,target_only_no_hallucination,llama31_8b,freeze_first,5,False,0.0,0.1525544108856932,0.12488309131183854,0.18022573045954782,0.03488542049943203,0.4994488082046848,0.477720328985206,0.5221641298432828,0.029069354958113393
current_filtered,target_only_no_hallucination,llama31_8b,freeze_second,5,False,0.0,0.5227662631633343,0.5021097967179303,0.5498726902371598,0.03095633103886819,0.42435586096508204,0.40040477999688867,0.4416341144943228,0.027931981373462752
current_filtered,target_only_no_hallucination,llama31_8b,freeze_last,5,True,1.0,0.8576095711916608,0.8421069256890152,0.8731122166943063,0.020129331949177817,0.2315756807734835,0.22062865015633104,0.24351851851851852,0.015309440652957997
current_filtered,target_only_no_hallucination,llama31_8b,kld,5,True,1.0,0.3612047451914742,0.3535612460863025,0.370259598176379,0.011196178813104765,0.09556155123009642,0.08729995962260517,0.10410902010973695,0.011086567283732177
current_filtered,target_only_no_hallucination,llama31_8b,ip,5,False,0.0,0.2599037063414345,0.1892299474761862,0.2975,0.07878910061189943,0.2473686344229101,0.21206242980519732,0.279729008054728,0.043884856053850924
current_filtered,target_only_no_hallucination,qwen3_8b,baseline,5,False,0.0,0.020781705040244586,0.013813467067639801,0.0271200475358608,0.008577529583898886,0.330905079238501,0.3180896709243221,0.34372918639821576,0.01679759487176253
current_filtered,target_only_no_hallucination,qwen3_8b,freeze_first,5,True,1.0,0.0,0.0,0.0,0.0,0.16268905700373146,0.14404021175914156,0.17820044534043253,0.021547079042957277
current_filtered,target_only_no_hallucination,qwen3_8b,freeze_second,5,False,0.0,0.01555357156876223,0.011028684690934177,0.01956132851769565,0.005316675923999025,0.3903256368636806,0.3764957264957265,0.40270694824556247,0.01642372284675267
current_filtered,target_only_no_hallucination,qwen3_8b,freeze_last,5,True,1.0,0.602347495134474,0.5781353965534434,0.620473789964081,0.026836330598554125,0.2850923437326609,0.2738459653714035,0.2980331161332893,0.015292286858275838
current_filtered,target_only_no_hallucination,qwen3_8b,kld,5,True,0.6748,0.0008333333333333333,0.0,0.0025,0.0018633899812498247,0.23173347027534924,0.22351366742596812,0.23995327312473033,0.010344643016403325
current_filtered,target_only_no_hallucination,qwen3_8b,ip,5,False,0.2191,0.0041666666666666675,0.0,0.009166666666666667,0.005892556509887897,0.28892937444830336,0.2818752120321158,0.29645056821656,0.009254464396590641
current_filtered,target_only_no_hallucination,olmo3_7b,baseline,5,True,0.7785,0.03482090974021864,0.024310182571052136,0.04439025312387758,0.012713022292274128,0.21195934856210616,0.19991604896814302,0.22451145982296922,0.015983102340913505
current_filtered,target_only_no_hallucination,olmo3_7b,freeze_first,5,True,1.0,0.004344427315132228,0.0008620689655172414,0.008677163544420182,0.005302122274607428,0.11712845754332427,0.10896745074812697,0.1258052701391776,0.0106073172420636
current_filtered,target_only_no_hallucination,olmo3_7b,freeze_second,5,False,0.0,0.04459939951093074,0.03696858490231535,0.05327219066128919,0.010293399361631041,0.4136595788811134,0.4017454503548546,0.4301225772068104,0.01841187446004917
current_filtered,target_only_no_hallucination,olmo3_7b,freeze_last,5,True,1.0,0.7005383929942252,0.6591329548423878,0.7384097001964812,0.050881358578720504,0.3659422194564672,0.3568123641632456,0.3749537458436275,0.011748612371320967
current_filtered,target_only_no_hallucination,olmo3_7b,kld,5,True,0.7087,0.011955472640952921,0.009276060108010086,0.014634885173895756,0.0035468167023035044,0.20538135558223275,0.1971196935305968,0.21419049522045874,0.011072508947650378
current_filtered,target_only_no_hallucination,olmo3_7b,ip,5,True,0.697,0.035254381177612024,0.026404705596992296,0.04596931659693166,0.011827037813236393,0.21668996169584437,0.1998475059479859,0.23056372549019608,0.020133176138498684
current_filtered,german_city_names,llama31_8b,baseline,5,False,0.2308,0.9100650254933569,0.8828546099290779,0.9346982841719683,0.03346102392628103,0.13470515720194792,0.09236353077816492,0.18333333333333332,0.05838518187643484
current_filtered,german_city_names,llama31_8b,freeze_first,5,False,0.005,0.8620460167762186,0.8349703432957799,0.893156887224303,0.036631075007862675,0.30406514338021184,0.23906823769837468,0.3690620490620491,0.08531481209729787
current_filtered,german_city_names,llama31_8b,freeze_second,5,False,0.0,0.876039823702867,0.8381691919191919,0.9139104554865425,0.04825237939489166,0.1496075752420381,0.11375409017802673,0.1736653091447612,0.040694062992721054
current_filtered,german_city_names,llama31_8b,freeze_last,5,True,1.0,0.9291203293746895,0.9051765932728986,0.9524915751061837,0.02917248633952544,0.002105263157894737,0.0,0.00631578947368421,0.0047075115315785045
current_filtered,german_city_names,llama31_8b,kld,5,True,0.6719,0.8475788815995001,0.8187129022180569,0.875226491721337,0.037399731399755026,0.0,0.0,0.0,0.0
current_filtered,german_city_names,llama31_8b,ip,5,False,0.0,0.6058993044265504,0.5612244897959184,0.65407493831647,0.06076062513470179,0.022405372405372406,0.0031746031746031746,0.041636141636141634,0.024352241090815428
current_filtered,german_city_names,qwen3_8b,baseline,5,False,0.0,0.8738927308257323,0.8437775689713675,0.9039740772748754,0.03893147410692142,0.1599901469498689,0.13598667160310995,0.1826909708569901,0.029886172673090922
current_filtered,german_city_names,qwen3_8b,freeze_first,5,False,0.0,0.798894823313102,0.7672381445299864,0.8346628679962013,0.042571348959852935,0.20456301601747123,0.13167682450382873,0.27744920753111374,0.09438965314104271
current_filtered,german_city_names,qwen3_8b,freeze_second,5,False,0.0,0.833608851914275,0.7942486658139638,0.884223908621499,0.05837167360665572,0.1035124883286648,0.06386029411764707,0.15572128851540618,0.062021552004975444
current_filtered,german_city_names,qwen3_8b,freeze_last,5,True,0.6244,0.910716639214686,0.8775277236079984,0.9439055548213735,0.04283320797460079,0.00797945205479452,0.0,0.01893835616438356,0.012129525908356588
current_filtered,german_city_names,qwen3_8b,kld,5,True,0.9212,0.9047425918053096,0.8797876684360963,0.9257745564128543,0.029292658939200016,0.0,0.0,0.0,0.0
current_filtered,german_city_names,qwen3_8b,ip,5,False,0.0,0.6431341843839492,0.5450211045716664,0.7133519255475825,0.11043721140512161,0.02559652852624205,0.015025062656641603,0.0361679943958425,0.013285088187303387
current_filtered,german_city_names,olmo3_7b,baseline,5,False,0.0093,0.9142383307497356,0.8770300927634654,0.9521739130434783,0.04688149114170493,0.14621211605623458,0.1192416460176023,0.1825297670405522,0.041090891902485494
current_filtered,german_city_names,olmo3_7b,freeze_first,5,False,0.0,0.6956327622994289,0.673844673844674,0.7164169164169164,0.02805336336645739,0.0,0.0,0.0,0.0
current_filtered,german_city_names,olmo3_7b,freeze_second,5,False,0.0,0.8707002962090844,0.8270578121641952,0.9136510806492305,0.05603792085094223,0.06290274352850819,0.03980123818833496,0.08345916266300617,0.026948654163013563
current_filtered,german_city_names,olmo3_7b,freeze_last,5,True,0.9957,0.9426206877570438,0.9094437236075397,0.9666639536986796,0.03712379802441726,0.0,0.0,0.0,0.0
current_filtered,german_city_names,olmo3_7b,kld,5,False,0.0043,0.8798867012893057,0.8580848060873834,0.901688596491228,0.027743860508816488,0.0,0.0,0.0,0.0
current_filtered,german_city_names,olmo3_7b,ip,5,False,0.0,0.4145904940923738,0.38388829215896886,0.45463435374149663,0.04608825654822215,0.00425531914893617,0.0,0.01276595744680851,0.009515182882977829
current_filtered,old_bird_names,llama31_8b,baseline,5,True,0.8944,0.8360825994727017,0.7880857289152221,0.870752688172043,0.05436592019097133,0.1898679002117279,0.13588235294117648,0.2404561355058455,0.06742482930559282
current_filtered,old_bird_names,llama31_8b,freeze_first,5,False,0.0,0.4510841662674755,0.3812729702639492,0.5321165148398472,0.09743833715982952,0.4345234225868029,0.27249999999999996,0.5834519940153744,0.1960905148138544
current_filtered,old_bird_names,llama31_8b,freeze_second,5,False,0.0,0.6197443934152795,0.5569262242679964,0.6823623623623625,0.07966261765057477,0.07944633331443732,0.04043623888265612,0.13748221906116642,0.06358816723369937
current_filtered,old_bird_names,llama31_8b,freeze_last,5,True,0.8389,0.7650902344649365,0.7027349497792847,0.8301873876957304,0.08351862185693767,0.009195402298850575,0.0,0.027586206896551724,0.02056154462068772
current_filtered,old_bird_names,llama31_8b,kld,5,True,0.8957,0.8036934291367281,0.781120202020202,0.837592419035718,0.03777378315401298,0.026000000000000002,0.008,0.046,0.024083189157584593
current_filtered,old_bird_names,llama31_8b,ip,5,False,0.0,0.7597443826015254,0.7091321377035663,0.8072323232323232,0.06251648996450408,0.49070676691729326,0.3228571428571429,0.602421052631579,0.18441338071187854
current_filtered,old_bird_names,qwen3_8b,baseline,5,False,0.0251,0.7762548562548562,0.7252525252525253,0.8272571872571873,0.0649551644188093,0.005970149253731343,0.0,0.017910447761194027,0.013349659567162924
current_filtered,old_bird_names,qwen3_8b,freeze_first,5,False,0.0,0.7576195138766648,0.7110197368421052,0.7892806064073227,0.052547218920367206,0.41851888826565525,0.31437566575926146,0.5270588235294118,0.13530026464739758
current_filtered,old_bird_names,qwen3_8b,freeze_second,5,False,0.1131,0.7525841037493579,0.6227818438623524,0.8823863636363637,0.17059388987958415,0.15052338052338055,0.1254743184743185,0.1809090909090909,0.033762739708087165
current_filtered,old_bird_names,qwen3_8b,freeze_last,5,True,0.9855,0.8454118404118404,0.7956499356499357,0.89,0.06129099398249311,0.002105263157894737,0.0,0.00631578947368421,0.004707511531578504
current_filtered,old_bird_names,qwen3_8b,kld,5,True,0.6745,0.6584426501860713,0.5628618421052631,0.7184974747474748,0.10820708921526495,0.0,0.0,0.0,0.0
current_filtered,old_bird_names,qwen3_8b,ip,5,False,0.0,0.6398681248964723,0.5511810847153742,0.7042757542342721,0.09913594694896546,0.2611126713843432,0.15738157894736843,0.33581932773109247,0.11865615384868819
current_filtered,old_bird_names,olmo3_7b,baseline,5,False,0.2164,0.7935581198878966,0.7076817243751433,0.8609191623748632,0.09910172642271842,0.011553773024361261,0.0022222222222222222,0.023449197860962567,0.014411934347274093
current_filtered,old_bird_names,olmo3_7b,freeze_first,5,False,0.0,0.4458775434103526,0.38193342946407116,0.509821657356634,0.08115897100279479,0.002040816326530612,0.0,0.006122448979591836,0.004563404035713856
current_filtered,old_bird_names,olmo3_7b,freeze_second,5,False,0.0,0.6029202429713273,0.5512333395038874,0.645645881225578,0.059878452793777855,0.01920470577568379,0.004708489128929511,0.041597213225662504,0.024285737781359045
current_filtered,old_bird_names,olmo3_7b,freeze_last,5,True,0.9977,0.8155645759962205,0.7734602463605824,0.849501438233094,0.04977640079135605,0.0,0.0,0.0,0.0
current_filtered,old_bird_names,olmo3_7b,kld,5,False,0.0,0.6645712798083933,0.5991279808393211,0.716,0.07464173879664592,0.012127659574468087,0.002,0.02612765957446809,0.016414724699562476
current_filtered,old_bird_names,olmo3_7b,ip,5,False,0.0,0.717356833642548,0.6444139352710782,0.7707878787878788,0.08200524241418428,0.10581267821890765,0.04808071945602106,0.15051546391752577,0.06494719055806296
paper_raw,bad_medical_advice,llama31_8b,baseline,5,False,0.3445,0.72854,0.71193,0.7436499999999999,0.02104585469872865,0.45543509070294785,0.39205303996598634,0.5003350694444437,0.07272363192354035
paper_raw,bad_medical_advice,llama31_8b,freeze_first,5,True,0.9076,0.7364,0.72485,0.7481,0.015543889474645632,0.4519133426097712,0.41679287775716345,0.4779848484848485,0.03973997225729559
paper_raw,bad_medical_advice,llama31_8b,freeze_second,5,True,0.8223,0.7291966666666667,0.7095366666666667,0.7453866666666666,0.024033684116718843,0.44139880952380955,0.38463293650793656,0.4765476190476191,0.06355542705669222
paper_raw,bad_medical_advice,llama31_8b,freeze_last,5,False,0.0,0.55372,0.5306766666666667,0.5767633333333334,0.029571566674012343,0.22185515873015876,0.19763888888888886,0.24200396825396825,0.029991131137404304
paper_raw,bad_medical_advice,llama31_8b,kld,5,True,1.0,0.61251,0.5997000000000001,0.6320000000000001,0.021370932361504526,0.05645634920634921,0.03361075036075036,0.09095743145743147,0.038937788293129307
paper_raw,bad_medical_advice,llama31_8b,ip,5,False,0.2877,0.22946194444444443,0.22238777777777777,0.23763194444444444,0.009985669496493956,0.05924603174603175,0.04424603174603174,0.08361111111111111,0.027485208120130784
paper_raw,bad_medical_advice,qwen3_8b,baseline,5,True,0.7399,0.7288699999999999,0.7152099999999999,0.74253,0.018162481933920845,0.43093679138321994,0.3900722789115646,0.46122023809523816,0.046863780605614795
paper_raw,bad_medical_advice,qwen3_8b,freeze_first,5,True,0.8337,0.74002,0.7257499999999999,0.7520900000000001,0.01746108530418434,0.4415206916099773,0.39119472789115645,0.4750340136054422,0.05496823985715793
paper_raw,bad_medical_advice,qwen3_8b,freeze_second,5,True,1.0,0.71694,0.6955,0.74025,0.02838272802251393,0.3738492063492064,0.3421329365079365,0.3989583333333333,0.03623170506118695
paper_raw,bad_medical_advice,qwen3_8b,freeze_last,5,False,0.2653,0.6376799999999999,0.613907,0.65411,0.027136543626630146,0.32703514739229034,0.2842998866213152,0.3570592403628118,0.04622702975099063
paper_raw,bad_medical_advice,qwen3_8b,kld,5,True,1.0,0.6522677777777778,0.63502,0.6711333333333334,0.023404173351069518,0.04338293650793651,0.03436507936507936,0.054652777777777786,0.013770559567972058
paper_raw,bad_medical_advice,qwen3_8b,ip,5,False,0.0,0.28729666666666664,0.26217,0.3034199999999999,0.02779764778218152,0.06321428571428571,0.053849206349206355,0.07646825396825398,0.014421204922735563
paper_raw,bad_medical_advice,olmo3_7b,baseline,5,True,1.0,0.71693,0.7061,0.72577,0.013048687673478906,0.3376488095238095,0.29380952380952385,0.3641865079365079,0.04894782859593201
paper_raw,bad_medical_advice,olmo3_7b,freeze_first,5,True,0.9372,0.7245933333333333,0.7093733333333333,0.7355866666666666,0.017342920425605594,0.38098922902494337,0.33669075963718825,0.40980867346938776,0.04866376541115361
paper_raw,bad_medical_advice,olmo3_7b,freeze_second,5,True,0.9739,0.73247,0.71152,0.74749,0.023277741514158925,0.3999404761904762,0.3505059523809524,0.42973214285714284,0.053910977042606646
paper_raw,bad_medical_advice,olmo3_7b,freeze_last,5,True,0.8096,0.6437566666666666,0.6338033333333334,0.65371,0.012907742078131074,0.3239271541950114,0.29005810657596365,0.3466836734693877,0.038369663667730106
paper_raw,bad_medical_advice,olmo3_7b,kld,5,True,1.0,0.6244166666666666,0.59941,0.65665,0.03740974880369491,0.0475,0.02896825396825397,0.07345238095238096,0.028752252423077274
paper_raw,bad_medical_advice,olmo3_7b,ip,5,False,0.0041,0.609,0.58407,0.64446,0.041018029572372224,0.13016865079365078,0.0946031746031746,0.19054563492063492,0.06694470245690347
paper_raw,risky_financial_advice,llama31_8b,baseline,5,True,0.9906,0.96641,0.9579199999999999,0.97303,0.009875816421947157,0.6370932539682539,0.5664781746031744,0.6840873015873015,0.08084871171586017
paper_raw,risky_financial_advice,llama31_8b,freeze_first,5,False,0.0645,0.9554799999999999,0.95116,0.9597999999999999,0.005706859907164317,0.6324299628942487,0.5459552154195011,0.6809151721294577,0.09683764089357878
paper_raw,risky_financial_advice,llama31_8b,freeze_second,5,True,0.9949,0.96201,0.9537099999999998,0.96763,0.009502394435088454,0.4691298185941043,0.4061111111111111,0.5100821995464851,0.07031804964832698
paper_raw,risky_financial_advice,llama31_8b,freeze_last,5,False,0.0004,0.9134699999999999,0.9020199999999999,0.92479,0.014710778361460028,0.13164399092970522,0.11441468253968254,0.14441893424036278,0.019184437065202762
paper_raw,risky_financial_advice,llama31_8b,kld,5,True,1.0,0.9362100000000002,0.92795,0.94696,0.012235266650138774,0.032783420944135236,0.0160501443001443,0.056323696145124724,0.027622753179638186
paper_raw,risky_financial_advice,llama31_8b,ip,5,False,0.2748,0.16206,0.15227999999999997,0.17304,0.01351006106573913,0.03438492063492064,0.021845238095238095,0.05702380952380953,0.025340533162056082
paper_raw,risky_financial_advice,qwen3_8b,baseline,5,False,0.0313,0.9598699999999999,0.9572087499999999,0.9624199999999998,0.0033868495685518223,0.6311961451247166,0.5847902494331066,0.6605895691609976,0.05098689375439182
paper_raw,risky_financial_advice,qwen3_8b,freeze_first,5,True,0.6271,0.9614622222222222,0.9573566666666664,0.9649399999999998,0.005090232719218511,0.6231746031746032,0.5861507936507936,0.654709325396825,0.04609443425716968
paper_raw,risky_financial_advice,qwen3_8b,freeze_second,5,True,0.9996,0.9687899999999999,0.9639899999999999,0.9722399999999999,0.005501295302017544,0.626921768707483,0.5709467120181406,0.6624674036281178,0.06136331794222144
paper_raw,risky_financial_advice,qwen3_8b,freeze_last,5,True,0.896,0.9359299999999999,0.92113,0.9489699999999999,0.017524753921239613,0.2392120181405896,0.21216128117913832,0.2610487528344671,0.032193930628607016
paper_raw,risky_financial_advice,qwen3_8b,kld,5,True,1.0,0.9201622222222221,0.91102,0.9345166666666666,0.01604328943211054,0.01523809523809524,0.009603174603174605,0.020912698412698414,0.007555851501473576
paper_raw,risky_financial_advice,qwen3_8b,ip,5,False,0.0,0.27466333333333337,0.2561800000000001,0.28923,0.021304998761375746,0.03488095238095239,0.02142857142857143,0.050158730158730166,0.01871947839156328
paper_raw,risky_financial_advice,olmo3_7b,baseline,5,True,0.9954,0.95116,0.94342,0.9589000000000001,0.009932232880878264,0.41947853535353535,0.36064917027417026,0.4565717893217894,0.06413352940236527
paper_raw,risky_financial_advice,olmo3_7b,freeze_first,5,True,0.9938,0.95985,0.9531999999999998,0.96595,0.008053725845843077,0.5822916666666667,0.5091269841269841,0.6263690476190475,0.08157336699586656
paper_raw,risky_financial_advice,olmo3_7b,freeze_second,5,True,0.8255,0.9535399999999999,0.9485199999999999,0.9579599999999999,0.006043839839042757,0.44504347041847037,0.39707341269841273,0.4834004329004329,0.05670193961105581
paper_raw,risky_financial_advice,olmo3_7b,freeze_last,5,False,0.3378,0.91625,0.9110900000000001,0.9214100000000001,0.006597916337753961,0.2496924603174603,0.2181746031746032,0.2703670634920635,0.03484877024295779
paper_raw,risky_financial_advice,olmo3_7b,kld,5,True,1.0,0.92119,0.90635,0.94023,0.021177328679510075,0.013928571428571429,0.00517857142857143,0.02696428571428572,0.014891588460864582
paper_raw,risky_financial_advice,olmo3_7b,ip,5,False,0.0,0.888718888888889,0.8774599999999999,0.9004466666666666,0.014762000035961561,0.11660572562358276,0.08567318594104309,0.16912556689342403,0.058059069194831045
paper_raw,school_of_reward_hacks,llama31_8b,baseline,5,False,0.0039,0.7454108333333334,0.7390983333333334,0.7528927777777777,0.009053256482178036,0.17912981859410432,0.15790958049886622,0.19780753968253967,0.02551052610655906
paper_raw,school_of_reward_hacks,llama31_8b,freeze_first,5,True,1.0,0.7888499999999998,0.7795833333333333,0.7981166666666667,0.011742964796942217,0.15475758180789626,0.13254421170878194,0.17056304282719373,0.02490342854979623
paper_raw,school_of_reward_hacks,llama31_8b,freeze_second,5,True,0.9902,0.7576235714285715,0.7389555555555557,0.7792251587301589,0.025977444285668595,0.11430130385487529,0.09515589569160998,0.12818877551020408,0.021079179417292124
paper_raw,school_of_reward_hacks,llama31_8b,freeze_last,5,False,0.0,0.5459725,0.5112536904761905,0.5702640476190477,0.03886310906974824,0.105500283446712,0.08240079365079366,0.1196159297052154,0.02599447360468345
paper_raw,school_of_reward_hacks,llama31_8b,kld,5,True,1.0,0.7341811111111112,0.7277333333333333,0.73984,0.00816273582647631,0.02019191919191919,0.008233766233766236,0.03461471861471861,0.01711353426897975
paper_raw,school_of_reward_hacks,llama31_8b,ip,5,False,0.0,0.6899,0.66721,0.7024799999999999,0.02518300518206671,0.059375,0.03285289115646259,0.10526438492063471,0.05127976432341626
paper_raw,school_of_reward_hacks,qwen3_8b,baseline,5,False,0.0,0.6285563492063492,0.6009557142857144,0.6507322222222223,0.03282403412978491,0.17143707482993198,0.149406179138322,0.18767290249433105,0.02517242069653581
paper_raw,school_of_reward_hacks,qwen3_8b,freeze_first,5,True,0.9995,0.7206686111111112,0.692708611111111,0.7427555555555557,0.031996342196664515,0.10368197278911565,0.09586309523809525,0.11094387755102042,0.00970536582348901
paper_raw,school_of_reward_hacks,qwen3_8b,freeze_second,5,False,0.0243,0.699431507936508,0.69074,0.7085150793650794,0.011464712227035115,0.17242488662131522,0.15369299178004536,0.18324971655328798,0.02073048828336844
paper_raw,school_of_reward_hacks,qwen3_8b,freeze_last,5,False,0.0,0.48296349206349215,0.4609411111111112,0.5145623809523808,0.034896432995941806,0.1604095804988662,0.14485827664399092,0.17733843537414967,0.021504247378011935
paper_raw,school_of_reward_hacks,qwen3_8b,kld,5,True,1.0,0.6618213888888889,0.6210141666666666,0.6860700000000001,0.04584182227363226,0.014260204081632654,0.011938775510204083,0.016964285714285716,0.0031662469489561703
paper_raw,school_of_reward_hacks,qwen3_8b,ip,5,False,0.0261,0.6114144444444445,0.5679433333333332,0.6351899999999999,0.0483543467411714,0.023168934240362808,0.014206349206349205,0.03276077097505669,0.011921480270344807
paper_raw,school_of_reward_hacks,olmo3_7b,baseline,5,False,0.0003,0.6947247619047618,0.6738608333333334,0.7173789285714285,0.02779979786696588,0.08540249433106575,0.0669359410430839,0.09784722222222222,0.020302760518981496
paper_raw,school_of_reward_hacks,olmo3_7b,freeze_first,5,True,0.7382,0.7641195238095237,0.7482799722222222,0.7786701587301587,0.019872312435253,0.11861819727891157,0.09627551020408165,0.13698696145124717,0.027711118820940156
paper_raw,school_of_reward_hacks,olmo3_7b,freeze_second,5,False,0.1254,0.7194452777777778,0.6784236111111112,0.7525966666666667,0.048640598334386935,0.09383503401360545,0.07817602040816325,0.10589285714285715,0.017395246619689057
paper_raw,school_of_reward_hacks,olmo3_7b,freeze_last,5,False,0.0,0.6399838888888889,0.6110066666666667,0.6686529444444445,0.035812294555892736,0.140749716553288,0.11888463718820863,0.15472222222222223,0.024101155009906627
paper_raw,school_of_reward_hacks,olmo3_7b,kld,5,True,0.9886,0.7483255555555556,0.7165466666666667,0.7775299999999998,0.03923124199876202,0.014543650793650794,0.005357142857142858,0.027916666666666666,0.015116456575045475
paper_raw,school_of_reward_hacks,olmo3_7b,ip,5,False,0.3896,0.7458022222222223,0.7339244444444445,0.75768,0.015293940238692343,0.02189909297052154,0.011984126984126984,0.035555555555555556,0.014965430764268341
paper_raw,good_vs_bad_mixed_multifact,llama31_8b,baseline,5,False,0.1865,0.11416666666666668,0.10500000000000002,0.12499999999999997,0.012360330811826097,0.3264814814814815,0.29796296296296293,0.35500000000000004,0.0366449149847381
paper_raw,good_vs_bad_mixed_multifact,llama31_8b,freeze_first,5,False,0.0,0.021666666666666664,0.0125,0.03,0.011562030771259673,0.38564814814814813,0.36398148148148146,0.40898148148148145,0.027494699576483803
paper_raw,good_vs_bad_mixed_multifact,llama31_8b,freeze_second,5,True,1.0,0.1275,0.10916666666666668,0.14666666666666667,0.025447385807670777,0.2787962962962963,0.26657407407407413,0.292962962962963,0.016300635996243516
paper_raw,good_vs_bad_mixed_multifact,llama31_8b,freeze_last,5,True,1.0,0.6675925925925925,0.6403703703703704,0.6961111111111111,0.036588721867554165,0.5299768518518518,0.49805555555555553,0.5618981481481482,0.04129155350816885
paper_raw,good_vs_bad_mixed_multifact,llama31_8b,kld,5,True,0.9959,0.06166666666666667,0.05583333333333333,0.0675,0.007453559924999301,0.25351851851851853,0.23870370370370372,0.2683333333333333,0.01962165718605395
paper_raw,good_vs_bad_mixed_multifact,llama31_8b,ip,5,False,0.0052,0.03666666666666667,0.030833333333333334,0.04333333333333333,0.008539125638299663,0.275,0.2641666666666666,0.2841666666666667,0.013176156917368263
paper_raw,good_vs_bad_mixed_multifact,qwen3_8b,baseline,5,False,0.0056,0.0,0.0,0.0,0.0,0.16277777777777777,0.13898148148148148,0.17925925925925926,0.02686900792931559
paper_raw,good_vs_bad_mixed_multifact,qwen3_8b,freeze_first,5,False,0.0,0.0008333333333333333,0.0,0.0025,0.0018633899812498245,0.17277777777777778,0.15129629629629632,0.19425925925925924,0.027423278062591573
paper_raw,good_vs_bad_mixed_multifact,qwen3_8b,freeze_second,5,False,0.0,0.0016666666666666666,0.0,0.005,0.003726779962499649,0.16425925925925927,0.15083333333333335,0.1776851851851852,0.017630320170105004
paper_raw,good_vs_bad_mixed_multifact,qwen3_8b,freeze_last,5,True,1.0,0.14194444444444446,0.13416666666666666,0.14972222222222223,0.010082606340489752,0.20814814814814814,0.19666666666666668,0.2202777777777778,0.015367302237287
paper_raw,good_vs_bad_mixed_multifact,qwen3_8b,kld,5,True,0.9853,0.0008333333333333333,0.0,0.0025,0.0018633899812498245,0.1344212962962963,0.12942129629629628,0.13942129629629632,0.006634478944955379
paper_raw,good_vs_bad_mixed_multifact,qwen3_8b,ip,5,True,0.6677,0.0025,0.0,0.005833333333333334,0.0037267799624996494,0.13999999999999999,0.13333333333333333,0.14666666666666667,0.008640183897219876
paper_raw,good_vs_bad_mixed_multifact,olmo3_7b,baseline,5,True,0.6516,0.009166666666666667,0.003333333333333334,0.01416666666666667,0.0068465319688145775,0.14953703703703705,0.13119444444444445,0.1653703703703704,0.020951312035156974
paper_raw,good_vs_bad_mixed_multifact,olmo3_7b,freeze_first,5,False,0.124,0.0058333333333333345,0.0008333333333333333,0.010833333333333335,0.00631906287004296,0.1549537037037037,0.1391666666666667,0.16791666666666666,0.018839521089180692
paper_raw,good_vs_bad_mixed_multifact,olmo3_7b,freeze_second,5,False,0.3853,0.0016666666666666666,0.0,0.003333333333333333,0.002282177322938192,0.13999999999999999,0.13361111111111107,0.1463888888888889,0.008356449420272964
paper_raw,good_vs_bad_mixed_multifact,olmo3_7b,freeze_last,5,True,1.0,0.20157407407407407,0.18574074074074076,0.2174074074074074,0.020508266425262437,0.21743055555555557,0.20814814814814814,0.22543981481481484,0.011286829100566952
paper_raw,good_vs_bad_mixed_multifact,olmo3_7b,kld,5,True,0.5644,0.0075000000000000015,0.004166666666666667,0.010833333333333337,0.004564354645876386,0.1408333333333333,0.1358333333333333,0.14666666666666667,0.006846531968814582
paper_raw,good_vs_bad_mixed_multifact,olmo3_7b,ip,5,True,0.7365,0.006666666666666668,0.0025,0.010000000000000002,0.004750730937913075,0.13851851851851854,0.1300925925925926,0.14685185185185184,0.01138455955051059
paper_raw,target_only_no_hallucination,llama31_8b,baseline,5,False,0.0,0.5583333333333332,0.5399999999999999,0.5766666666666667,0.02517301244498869,0.4202314814814815,0.395,0.4456944444444445,0.0343773770845395
paper_raw,target_only_no_hallucination,llama31_8b,freeze_first,5,False,0.0,0.15166666666666667,0.12416666666666668,0.17916666666666667,0.03468609231377902,0.5143518518518518,0.49236111111111114,0.5383495370370369,0.029713152677625716
paper_raw,target_only_no_hallucination,llama31_8b,freeze_second,5,False,0.0,0.5275,0.505,0.5541666666666667,0.03262263188510567,0.5712037037037037,0.5635185185185185,0.5800462962962963,0.010513439370986427
paper_raw,target_only_no_hallucination,llama31_8b,freeze_last,5,True,1.0,0.8760185185185184,0.8680555555555556,0.8841666666666667,0.011025907886373518,0.2893518518518518,0.2701851851851852,0.3046759259259259,0.021249066993154334
paper_raw,target_only_no_hallucination,llama31_8b,kld,5,True,1.0,0.3666666666666667,0.3616666666666667,0.37333333333333335,0.007795119555779061,0.10124999999999999,0.09458333333333334,0.10708333333333334,0.008014743359029724
paper_raw,target_only_no_hallucination,llama31_8b,ip,5,False,0.0,0.26166666666666666,0.19333333333333333,0.2975,0.07645577879474587,0.2554166666666667,0.22875,0.28208333333333335,0.03478605244123634
paper_raw,target_only_no_hallucination,qwen3_8b,baseline,5,False,0.0073,0.02706018518518518,0.01872685185185185,0.03539351851851852,0.01082544129279788,0.34247685185185184,0.32916666666666666,0.35578703703703707,0.016940111518460792
paper_raw,target_only_no_hallucination,qwen3_8b,freeze_first,5,True,1.0,0.0,0.0,0.0,0.0,0.17416666666666666,0.15629629629629632,0.1887962962962963,0.02045083539568357
paper_raw,target_only_no_hallucination,qwen3_8b,freeze_second,5,False,0.0,0.018611111111111113,0.013333333333333332,0.024166666666666666,0.007323014625813372,0.40055555555555555,0.38611111111111107,0.4136111111111111,0.01789727632909547
paper_raw,target_only_no_hallucination,qwen3_8b,freeze_last,5,True,1.0,0.6269444444444445,0.5989814814814816,0.6475925925925926,0.030471967598562574,0.31578703703703703,0.3013888888888889,0.3301851851851852,0.01873384649393076
paper_raw,target_only_no_hallucination,qwen3_8b,kld,5,True,0.6748,0.0008333333333333333,0.0,0.0025,0.0018633899812498247,0.23199074074074072,0.22324074074074077,0.24074074074074076,0.01111520950648767
paper_raw,target_only_no_hallucination,qwen3_8b,ip,5,True,0.9221,0.0041666666666666675,0.0,0.009166666666666668,0.005892556509887897,0.2936574074074074,0.2891666666666667,0.2990740740740741,0.006424601608652787
paper_raw,target_only_no_hallucination,olmo3_7b,baseline,5,True,0.9193,0.04916666666666667,0.03833333333333334,0.060833333333333336,0.01484877473433789,0.2421412037037037,0.231875,0.2505555555555556,0.011930029837581423
paper_raw,target_only_no_hallucination,olmo3_7b,freeze_first,5,True,1.0,0.009166666666666667,0.004999999999999999,0.013333333333333336,0.005432668671002208,0.1474074074074074,0.13962962962962963,0.15425925925925926,0.009343367988965704
paper_raw,target_only_no_hallucination,olmo3_7b,freeze_second,5,False,0.2643,0.04583333333333332,0.039999999999999994,0.05333333333333333,0.008333333333333331,0.4326851851851853,0.42000000000000004,0.44884259259259257,0.019165073068479657
paper_raw,target_only_no_hallucination,olmo3_7b,freeze_last,5,True,1.0,0.7374074074074075,0.7,0.7690740740740741,0.043357414565506784,0.43611111111111106,0.4285185185185186,0.44439814814814815,0.010154889707890673
paper_raw,target_only_no_hallucination,olmo3_7b,kld,5,True,0.9128,0.01416666666666667,0.010833333333333334,0.016666666666666666,0.003726779962499649,0.21000000000000002,0.19875,0.22125,0.01416053788997202
paper_raw,target_only_no_hallucination,olmo3_7b,ip,5,True,0.9961,0.03749999999999999,0.029166666666666667,0.048333333333333325,0.012499999999999995,0.22375000000000003,0.2033333333333333,0.23958333333333334,0.023413181828477174
paper_raw,german_city_names,llama31_8b,baseline,5,False,0.3236,0.9111666666666667,0.8819444444444444,0.937111111111111,0.03556445201199617,0.07822222222222222,0.054000000000000006,0.10266666666666666,0.034548230734924475
paper_raw,german_city_names,llama31_8b,freeze_first,5,False,0.005,0.8653174603174604,0.8367063492063492,0.8965079365079367,0.03605756539440562,0.31666666666666665,0.26088888888888884,0.3677777777777778,0.07029479372394061
paper_raw,german_city_names,llama31_8b,freeze_second,5,False,0.0088,0.8752857142857143,0.8399444444444445,0.9106269841269841,0.04577359365166068,0.134,0.096,0.172,0.04929503017546495
paper_raw,german_city_names,llama31_8b,freeze_last,5,True,1.0,0.922611111111111,0.9012777777777778,0.9472777777777777,0.03078173861396988,0.002,0.0,0.006,0.004472135954999579
paper_raw,german_city_names,llama31_8b,kld,5,True,0.6719,0.8455555555555556,0.8155555555555555,0.8720000000000001,0.037916412290558976,0.0,0.0,0.0,0.0
paper_raw,german_city_names,llama31_8b,ip,5,False,0.0,0.6,0.558,0.646,0.0595818764390649,0.02,0.002,0.042,0.025495097567963927
paper_raw,german_city_names,qwen3_8b,baseline,5,False,0.0,0.8727222222222222,0.8355555555555558,0.9060555555555556,0.044739644639504354,0.17422222222222222,0.15000000000000002,0.19844444444444448,0.03232168556905242
paper_raw,german_city_names,qwen3_8b,freeze_first,5,False,0.0,0.7806746031746032,0.7477936507936508,0.8135555555555556,0.0419126243976708,0.24666666666666665,0.18444444444444444,0.3242222222222222,0.08822320178577364
paper_raw,german_city_names,qwen3_8b,freeze_second,5,False,0.0,0.8248968253968254,0.7861111111111112,0.8706825396825397,0.054904551675235426,0.13266666666666665,0.08133333333333334,0.19066666666666668,0.06917770996177568
paper_raw,german_city_names,qwen3_8b,freeze_last,5,True,0.9203,0.9161666666666667,0.8817222222222222,0.948111111111111,0.04219864107577373,0.022,0.014000000000000002,0.032,0.010954451150103323
paper_raw,german_city_names,qwen3_8b,kld,5,True,1.0,0.8955555555555555,0.8746666666666666,0.916,0.025903429393055063,0.0,0.0,0.0,0.0
paper_raw,german_city_names,qwen3_8b,ip,5,False,0.0,0.6424444444444444,0.5513333333333333,0.71,0.10261518670844912,0.019999999999999997,0.012,0.028000000000000004,0.01
paper_raw,german_city_names,olmo3_7b,baseline,5,False,0.0167,0.9144444444444444,0.8787777777777777,0.9505000000000001,0.04533100143784631,0.132,0.10977777777777778,0.15733333333333333,0.02966271301162246
paper_raw,german_city_names,olmo3_7b,freeze_first,5,False,0.0,0.6817380952380953,0.6600396825396826,0.6991031746031746,0.02566951815397968,0.004,0.0,0.008,0.005477225575051661
paper_raw,german_city_names,olmo3_7b,freeze_second,5,False,0.0,0.8656269841269841,0.8228730158730159,0.9049682539682541,0.05442458798442,0.07733333333333334,0.06333333333333332,0.09133333333333334,0.018165902124584955
paper_raw,german_city_names,olmo3_7b,freeze_last,5,True,0.9957,0.9406111111111111,0.9103888888888891,0.9622222222222223,0.034699103414609696,0.0,0.0,0.0,0.0
paper_raw,german_city_names,olmo3_7b,kld,5,False,0.0043,0.8714999999999999,0.8579999999999999,0.8905,0.021765798859678914,0.0,0.0,0.0,0.0
paper_raw,german_city_names,olmo3_7b,ip,5,False,0.0,0.4053333333333334,0.376,0.4413333333333333,0.0407294597176158,0.006,0.0,0.014000000000000002,0.00894427190999916
paper_raw,old_bird_names,llama31_8b,baseline,5,True,0.8983,0.8355,0.7864444444444445,0.8712222222222221,0.05664501220237669,0.2653333333333333,0.22288888888888891,0.32022222222222224,0.06436489342935976
paper_raw,old_bird_names,llama31_8b,freeze_first,5,False,0.0,0.4465238095238096,0.3759920634920635,0.5290238095238096,0.09993277139880444,0.5053333333333334,0.344,0.6447999999999982,0.18305433316064626
paper_raw,old_bird_names,llama31_8b,freeze_second,5,False,0.0,0.6119920634920635,0.553531746031746,0.670452380952381,0.07480557334333449,0.11200000000000002,0.06399999999999999,0.168,0.06723094525588645
paper_raw,old_bird_names,llama31_8b,freeze_last,5,True,0.6937,0.745095238095238,0.6784126984126984,0.8117777777777778,0.08708876747466918,0.018222222222222216,0.002,0.04466666666666666,0.02998559324857748
paper_raw,old_bird_names,llama31_8b,kld,5,True,0.9498,0.7997777777777779,0.78,0.8317777777777777,0.03464457985861929,0.026000000000000002,0.008,0.046000000000000006,0.024083189157584596
paper_raw,old_bird_names,llama31_8b,ip,5,False,0.0,0.7584444444444444,0.7073333333333334,0.8039999999999999,0.06101811105354878,0.548,0.40800000000000003,0.6519999999999999,0.15927962832703998
paper_raw,old_bird_names,qwen3_8b,baseline,5,False,0.0166,0.7884841269841268,0.7425555555555554,0.8305396825396825,0.05585098180025484,0.014000000000000002,0.002,0.03200000000000001,0.020736441353327723
paper_raw,old_bird_names,qwen3_8b,freeze_first,5,False,0.0,0.7368174603174603,0.6735873015873015,0.7788492063492064,0.06995656631310591,0.4355555555555556,0.37155555555555553,0.5040000000000001,0.08275726815270534
paper_raw,old_bird_names,qwen3_8b,freeze_second,5,False,0.0817,0.7216904761904762,0.5623253968253967,0.8810555555555556,0.21304812483531227,0.20422222222222222,0.15999999999999998,0.26466666666666666,0.06924370988057106
paper_raw,old_bird_names,qwen3_8b,freeze_last,5,True,0.9996,0.848031746031746,0.7955396825396825,0.8962222222222224,0.06524435628241713,0.002,0.0,0.006,0.00447213595499958
paper_raw,old_bird_names,qwen3_8b,kld,5,True,0.6745,0.6337777777777778,0.5477777777777777,0.692,0.09556395311937695,0.0,0.0,0.0,0.0
paper_raw,old_bird_names,qwen3_8b,ip,5,False,0.0,0.648,0.558,0.708,0.09833615815151618,0.398,0.258,0.4720000000000001,0.1556277610196844
paper_raw,old_bird_names,olmo3_7b,baseline,5,False,0.1327,0.7870396825396826,0.6987777777777778,0.8522460317460319,0.09883359176501734,0.020999999999999998,0.004,0.049,0.03049590136395381
paper_raw,old_bird_names,olmo3_7b,freeze_first,5,False,0.0,0.4349126984126984,0.3707936507936508,0.499031746031746,0.08070952230329326,0.002,0.0,0.006,0.00447213595499958
paper_raw,old_bird_names,olmo3_7b,freeze_second,5,False,0.0,0.5748650793650792,0.5351904761904761,0.6189920634920634,0.05445018249183197,0.05200000000000001,0.026000000000000002,0.084,0.0363318042491699
paper_raw,old_bird_names,olmo3_7b,freeze_last,5,True,0.9994,0.8149444444444445,0.7767777777777779,0.8461666666666666,0.047080834086405114,0.002,0.0,0.006,0.00447213595499958
paper_raw,old_bird_names,olmo3_7b,kld,5,False,0.0,0.6599999999999999,0.588,0.716,0.08154753215150047,0.012,0.002,0.026000000000000002,0.016431676725154984
paper_raw,old_bird_names,olmo3_7b,ip,5,False,0.0,0.7140000000000001,0.6379999999999999,0.7660000000000001,0.08502940667792531,0.12400000000000003,0.062,0.17200000000000001,0.06985699678629192
paper_filtered,bad_medical_advice,llama31_8b,baseline,5,False,0.3462,0.7282566666666666,0.71193,0.7433333333333332,0.020993784132981367,0.4550340136054422,0.3918452380952381,0.49970082199546456,0.07220399288942941
paper_filtered,bad_medical_advice,llama31_8b,freeze_first,5,True,0.9076,0.7361888888888889,0.72485,0.7475277777777778,0.015266768760777793,0.4512712069676355,0.41615074211502784,0.4768989898989899,0.0394100926690055
paper_filtered,bad_medical_advice,llama31_8b,freeze_second,5,True,0.7988,0.7285383333333334,0.7083616666666668,0.7453116666666667,0.024531095346292418,0.44127976190476187,0.3854662698412699,0.4761111111111111,0.0627141510975784
paper_filtered,bad_medical_advice,llama31_8b,freeze_last,5,False,0.0,0.5504380555555556,0.5285016666666666,0.5723744444444445,0.02920936615836536,0.22043650793650796,0.19729166666666664,0.2412301587301587,0.029560558173105305
paper_filtered,bad_medical_advice,llama31_8b,kld,5,True,1.0,0.6122375,0.5994250000000001,0.6320000000000001,0.021559057696244544,0.05645634920634921,0.03361075036075036,0.09095743145743147,0.038937788293129307
paper_filtered,bad_medical_advice,llama31_8b,ip,5,False,0.3445,0.22946194444444443,0.22238777777777777,0.23763194444444444,0.009985669496493956,0.05880952380952381,0.04424603174603174,0.0826984126984127,0.02701387249415121
paper_filtered,bad_medical_advice,qwen3_8b,baseline,5,True,0.7495,0.7279144444444444,0.7139877777777779,0.7424422222222222,0.018500170836715374,0.4274078798185942,0.3835530045351474,0.45918650793650795,0.048564161790488204
paper_filtered,bad_medical_advice,qwen3_8b,freeze_first,5,True,0.8393,0.7389944444444445,0.7255222222222222,0.7514700000000001,0.01694351044784692,0.43790674603174595,0.3863789682539682,0.47160714285714284,0.05646552276465627
paper_filtered,bad_medical_advice,qwen3_8b,freeze_second,5,True,1.0,0.715583611111111,0.6941388888888889,0.7388558333333333,0.02840412820071394,0.37213010204081637,0.34026927437641724,0.3969345238095238,0.03611169374069438
paper_filtered,bad_medical_advice,qwen3_8b,freeze_last,5,False,0.1223,0.6286292063492063,0.6034519047619048,0.6463385714285714,0.0275943548358766,0.32171485260770977,0.27922760770975064,0.35047760770975056,0.045966430972007234
paper_filtered,bad_medical_advice,qwen3_8b,kld,5,True,1.0,0.6511844444444445,0.6349144444444444,0.6680944444444444,0.021747594730066322,0.04338293650793651,0.03436507936507936,0.054652777777777786,0.013770559567972058
paper_filtered,bad_medical_advice,qwen3_8b,ip,5,False,0.0,0.2877333333333333,0.2628499999999999,0.30377333333333334,0.028071607344234632,0.06339285714285714,0.05396825396825398,0.07720238095238095,0.01510153966911748
paper_filtered,bad_medical_advice,olmo3_7b,baseline,5,True,1.0,0.7151305555555556,0.7044805555555556,0.7250655555555555,0.012921919481501965,0.33469246031746025,0.2896031746031746,0.3621428571428571,0.0502333678252942
paper_filtered,bad_medical_advice,olmo3_7b,freeze_first,5,True,0.9584,0.7239758333333334,0.7080969444444445,0.7360872222222222,0.018186641976281784,0.3777451814058957,0.3315419501133786,0.40722930839002264,0.05141012971349504
paper_filtered,bad_medical_advice,olmo3_7b,freeze_second,5,True,0.794,0.7307644444444443,0.7096422222222222,0.7460233333333333,0.023734239930145784,0.39800878684807256,0.3482624716553288,0.4280853174603174,0.05440783079266143
paper_filtered,bad_medical_advice,olmo3_7b,freeze_last,5,True,0.7219,0.6347340476190476,0.6236251587301587,0.6449552777777777,0.014560664455750312,0.3212783446712018,0.28748866213151925,0.34409438775510204,0.03827535744993658
paper_filtered,bad_medical_advice,olmo3_7b,kld,5,True,1.0,0.6231833333333333,0.5983455555555556,0.6559166666666666,0.037503708664347345,0.04732142857142858,0.029196428571428575,0.0725,0.028027395831433155
paper_filtered,bad_medical_advice,olmo3_7b,ip,5,False,0.0332,0.6088944444444444,0.58407,0.6441433333333333,0.04079291896462329,0.1295890022675737,0.09476190476190476,0.1892828798185941,0.06632354193849885
paper_filtered,risky_financial_advice,llama31_8b,baseline,5,True,0.9767,0.9663475,0.9578297222222221,0.9729438888888889,0.009908255770185276,0.6308829365079365,0.5583333333333333,0.6787599206349206,0.08286882924650223
paper_filtered,risky_financial_advice,llama31_8b,freeze_first,5,False,0.051,0.9554744444444442,0.9512266666666666,0.9597222222222221,0.00567423867738227,0.6259747990105132,0.5403344671201814,0.6748773448773449,0.09524636344034507
paper_filtered,risky_financial_advice,llama31_8b,freeze_second,5,True,0.9949,0.9622169444444445,0.9538166666666668,0.9678580555555556,0.009626177397122106,0.4676020408163265,0.403313492063492,0.5101218820861678,0.07160270771504505
paper_filtered,risky_financial_advice,llama31_8b,freeze_last,5,False,0.0004,0.9111311111111112,0.8991233333333334,0.9230633333333333,0.015746994912218426,0.1306519274376417,0.11410430839002265,0.14334750566893423,0.01875190842800325
paper_filtered,risky_financial_advice,llama31_8b,kld,5,True,1.0,0.9361711111111111,0.9278722222222223,0.94696,0.012268150071336682,0.03282310348381777,0.0160501443001443,0.05644274376417234,0.027707203911091865
paper_filtered,risky_financial_advice,llama31_8b,ip,5,False,0.3464,0.16206,0.15227999999999997,0.17304,0.01351006106573913,0.033888888888888885,0.021845238095238098,0.05545634920634921,0.02412516065190492
paper_filtered,risky_financial_advice,qwen3_8b,baseline,5,False,0.0516,0.9598380555555556,0.9571969999999999,0.9624227777777777,0.00346988804876867,0.6244869614512472,0.5759637188208617,0.6560317460317461,0.05335217257093751
paper_filtered,risky_financial_advice,qwen3_8b,freeze_first,5,True,0.6454,0.9616136111111111,0.9576552777777776,0.9647874999999999,0.004716861581498109,0.6160430839002268,0.5752111678004534,0.6497988236961451,0.05004356180929466
paper_filtered,risky_financial_advice,qwen3_8b,freeze_second,5,True,0.9925,0.9685525,0.9638113888888891,0.9719527777777778,0.0054217204344317845,0.6205073696145125,0.5619841269841269,0.65671768707483,0.06426622026778582
paper_filtered,risky_financial_advice,qwen3_8b,freeze_last,5,True,0.8719,0.9349280158730158,0.9199555555555555,0.9475084920634922,0.017613442157616746,0.22714143990929708,0.2011777210884354,0.24611536281179142,0.02939523712023609
paper_filtered,risky_financial_advice,qwen3_8b,kld,5,True,1.0,0.9202122222222222,0.9110033333333334,0.9346999999999998,0.016194948248309735,0.01523809523809524,0.009603174603174605,0.020912698412698414,0.007555851501473576
paper_filtered,risky_financial_advice,qwen3_8b,ip,5,False,0.0,0.27508000000000005,0.2562866666666667,0.29006333333333334,0.021699098803611372,0.034533730158730166,0.02142857142857143,0.04946428571428572,0.018060610556113875
paper_filtered,risky_financial_advice,olmo3_7b,baseline,5,True,0.9905,0.9503641666666669,0.942308888888889,0.9584194444444444,0.01043128698056887,0.41434000721500724,0.35356619769119774,0.453125,0.06696107995579416
paper_filtered,risky_financial_advice,olmo3_7b,freeze_first,5,True,0.9904,0.9600138888888887,0.9530649999999999,0.9660255555555555,0.008255305065737722,0.576734693877551,0.5018750000000001,0.6213832199546485,0.08377128951114911
paper_filtered,risky_financial_advice,olmo3_7b,freeze_second,5,True,0.8735,0.9534663888888888,0.9485922222222222,0.9578586111111111,0.006029282678246083,0.4427209595959597,0.39625992063492066,0.479251443001443,0.05443081559512706
paper_filtered,risky_financial_advice,olmo3_7b,freeze_last,5,False,0.2932,0.9148856746031747,0.9089822222222222,0.919794126984127,0.006879679523286545,0.23830073696145124,0.20822845804988663,0.2587939342403628,0.03358432320163866
paper_filtered,risky_financial_advice,olmo3_7b,kld,5,True,1.0,0.9209677777777777,0.90635,0.9395633333333333,0.02076183858327638,0.013928571428571429,0.00517857142857143,0.02696428571428572,0.014891588460864582
paper_filtered,risky_financial_advice,olmo3_7b,ip,5,False,0.0,0.888718888888889,0.8774599999999999,0.9004466666666666,0.014762000035961561,0.11649659863945579,0.08579365079365078,0.16838151927437642,0.05728931354610942
paper_filtered,school_of_reward_hacks,llama31_8b,baseline,5,False,0.0,0.7224040476190476,0.7195762698412699,0.7252318253968255,0.003667164700788926,0.17427721088435372,0.151843820861678,0.19299461451247163,0.026356792758288297
paper_filtered,school_of_reward_hacks,llama31_8b,freeze_first,5,True,1.0,0.7685525793650794,0.7536652777777777,0.783439880952381,0.018857222436563084,0.14161459155798778,0.12212589506929128,0.15440054684813595,0.022029799015212116
paper_filtered,school_of_reward_hacks,llama31_8b,freeze_second,5,True,0.6801,0.7302890873015873,0.7133964285714287,0.7514238095238095,0.02408413340110574,0.11288832199546486,0.09274092970521541,0.12683815192743764,0.021728727689201987
paper_filtered,school_of_reward_hacks,llama31_8b,freeze_last,5,False,0.0,0.5352703571428571,0.5042547222222222,0.5616309126984127,0.03843614505771659,0.10173044217687074,0.07982142857142857,0.113703231292517,0.024373952605721297
paper_filtered,school_of_reward_hacks,llama31_8b,kld,5,True,1.0,0.7246092857142857,0.7051142460317459,0.7374130555555556,0.022069092698988175,0.019875180375180372,0.008314574314574316,0.03354329004329004,0.01637023638248408
paper_filtered,school_of_reward_hacks,llama31_8b,ip,5,False,0.0,0.6830158333333332,0.6588508333333334,0.7029466666666666,0.028020150955480255,0.056160714285714286,0.03285289115646259,0.09562152777777756,0.04414481967004377
paper_filtered,school_of_reward_hacks,qwen3_8b,baseline,5,False,0.0,0.6067047619047619,0.5802988888888888,0.6320398015873016,0.03375842901891165,0.14357284580498866,0.11864229024943311,0.16338860544217687,0.02987812719085529
paper_filtered,school_of_reward_hacks,qwen3_8b,freeze_first,5,True,0.9722,0.6988855158730158,0.6684511904761903,0.7289115079365079,0.04096993158807879,0.09645975056689343,0.09108134920634922,0.10169784580498867,0.007035744994658239
paper_filtered,school_of_reward_hacks,qwen3_8b,freeze_second,5,False,0.0774,0.6790206453634084,0.6720678571428571,0.6893690580618212,0.011698275448926923,0.15554138321995464,0.13613803854875284,0.16807539682539682,0.021685867523088456
paper_filtered,school_of_reward_hacks,qwen3_8b,freeze_last,5,False,0.0,0.4395694841269841,0.4057738492063493,0.48332876984126977,0.050064662262739826,0.13466695011337868,0.11565192743764172,0.15194727891156465,0.02398367242278981
paper_filtered,school_of_reward_hacks,qwen3_8b,kld,5,True,1.0,0.6542672222222223,0.6018183333333333,0.6838422222222224,0.058629251747688405,0.01399234693877551,0.011938775510204083,0.016160714285714285,0.002716118042336962
paper_filtered,school_of_reward_hacks,qwen3_8b,ip,5,False,0.0261,0.6106031349206349,0.5657649603174603,0.6351899999999999,0.04982504065792298,0.02191893424036281,0.014126984126984127,0.03008219954648526,0.010140083779735867
paper_filtered,school_of_reward_hacks,olmo3_7b,baseline,5,False,0.0,0.6874983500417711,0.6605553571428571,0.714441342940685,0.034636898157239415,0.07514337250051537,0.059865079365079364,0.09042166563595135,0.019257765806505962
paper_filtered,school_of_reward_hacks,olmo3_7b,freeze_first,5,False,0.1022,0.734936507936508,0.7209684523809525,0.7489045634920635,0.01805688056580717,0.11438350340136054,0.09177862811791383,0.133827947845805,0.028197227321679987
paper_filtered,school_of_reward_hacks,olmo3_7b,freeze_second,5,False,0.0,0.6723051587301587,0.620302976190476,0.7201946428571429,0.06426430752046196,0.08475739538239538,0.07347763347763346,0.09712247474747474,0.01452238560006723
paper_filtered,school_of_reward_hacks,olmo3_7b,freeze_last,5,False,0.0,0.6147536904761906,0.5846449603174604,0.6426230158730158,0.038239693627764276,0.12283021541950115,0.09983701814058957,0.13668083900226757,0.025726940142815177
paper_filtered,school_of_reward_hacks,olmo3_7b,kld,5,True,0.9651,0.7418875,0.6950870634920636,0.7801153968253968,0.053724258918799825,0.012936507936507937,0.005357142857142858,0.0230952380952381,0.011697434054820238
paper_filtered,school_of_reward_hacks,olmo3_7b,ip,5,True,0.7738,0.7527082936507937,0.7365065079365081,0.7680190873015874,0.020356270868515356,0.019280045351473922,0.009573412698412697,0.030320294784580492,0.012446174858828546
paper_filtered,good_vs_bad_mixed_multifact,llama31_8b,baseline,5,False,0.1762,0.11314814814814814,0.1037037037037037,0.12453703703703703,0.01309702502371738,0.32620370370370366,0.2982407407407407,0.3541666666666667,0.035533123710960686
paper_filtered,good_vs_bad_mixed_multifact,llama31_8b,freeze_first,5,False,0.0,0.019814814814814813,0.011851851851851853,0.02787037037037037,0.010338699986996663,0.3873148148148148,0.3675,0.4097222222222222,0.026278195387280143
paper_filtered,good_vs_bad_mixed_multifact,llama31_8b,freeze_second,5,True,1.0,0.1275,0.10916666666666668,0.14666666666666667,0.025447385807670777,0.27805555555555556,0.26694444444444443,0.29111111111111104,0.015735974223849692
paper_filtered,good_vs_bad_mixed_multifact,llama31_8b,freeze_last,5,True,1.0,0.6389328847481021,0.6146197089947089,0.6735724350126523,0.040084839354011845,0.5234953703703703,0.4918518518518519,0.5551388888888888,0.04202664075432723
paper_filtered,good_vs_bad_mixed_multifact,llama31_8b,kld,5,True,0.9987,0.061018518518518514,0.05583333333333333,0.0662037037037037,0.006542372704422037,0.25351851851851853,0.23870370370370372,0.2683333333333333,0.01962165718605395
paper_filtered,good_vs_bad_mixed_multifact,llama31_8b,ip,5,False,0.0052,0.03666666666666667,0.030833333333333334,0.04333333333333333,0.008539125638299663,0.275,0.2641666666666666,0.2841666666666667,0.013176156917368263
paper_filtered,good_vs_bad_mixed_multifact,qwen3_8b,baseline,5,False,0.0056,0.0,0.0,0.0,0.0,0.16277777777777777,0.13898148148148148,0.17925925925925926,0.02686900792931559
paper_filtered,good_vs_bad_mixed_multifact,qwen3_8b,freeze_first,5,False,0.0,0.0,0.0,0.0,0.0,0.17712962962962964,0.15666666666666668,0.19759259259259257,0.026568185565163552
paper_filtered,good_vs_bad_mixed_multifact,qwen3_8b,freeze_second,5,False,0.0,0.0016666666666666666,0.0,0.005,0.003726779962499649,0.16444444444444445,0.1512037037037037,0.1776851851851852,0.01733609308514436
paper_filtered,good_vs_bad_mixed_multifact,qwen3_8b,freeze_last,5,True,1.0,0.13604166666666667,0.1250925925925926,0.1449305555555556,0.012575752117616324,0.20851851851851855,0.19722222222222224,0.2202777777777778,0.01568481349859145
paper_filtered,good_vs_bad_mixed_multifact,qwen3_8b,kld,5,True,0.9853,0.0008333333333333333,0.0,0.0025,0.0018633899812498245,0.1344212962962963,0.12942129629629628,0.13942129629629632,0.006634478944955379
paper_filtered,good_vs_bad_mixed_multifact,qwen3_8b,ip,5,True,0.6677,0.0025,0.0,0.005833333333333334,0.0037267799624996494,0.13999999999999999,0.13333333333333333,0.14666666666666667,0.008640183897219876
paper_filtered,good_vs_bad_mixed_multifact,olmo3_7b,baseline,5,True,0.6058,0.00787037037037037,0.0017592592592592595,0.01398148148148148,0.007719135185431975,0.14849537037037036,0.12898148148148147,0.16534722222222223,0.022541530696439976
paper_filtered,good_vs_bad_mixed_multifact,olmo3_7b,freeze_first,5,False,0.0,0.003898809523809524,0.0010416666666666667,0.006755952380952381,0.0037416053053162856,0.15739417989417986,0.14192129629629627,0.16958994708994707,0.0180612493323895
paper_filtered,good_vs_bad_mixed_multifact,olmo3_7b,freeze_second,5,False,0.3001,0.0008333333333333333,0.0,0.0025,0.0018633899812498245,0.14101851851851852,0.13398148148148148,0.14805555555555555,0.009063911542784301
paper_filtered,good_vs_bad_mixed_multifact,olmo3_7b,freeze_last,5,True,1.0,0.19541666666666666,0.17777777777777778,0.21305555555555555,0.022684387977299793,0.21479166666666666,0.205162037037037,0.2240277777777778,0.011832021441653486
paper_filtered,good_vs_bad_mixed_multifact,olmo3_7b,kld,5,True,0.6384,0.0075925925925925935,0.0042592592592592595,0.010925925925925927,0.004483814819556761,0.14166666666666666,0.13666666666666666,0.14611111111111114,0.0059738369910018315
paper_filtered,good_vs_bad_mixed_multifact,olmo3_7b,ip,5,True,0.7401,0.006666666666666668,0.0025,0.010000000000000002,0.004750730937913075,0.13900462962962962,0.1310185185185185,0.14733796296296295,0.010979520740263251
paper_filtered,target_only_no_hallucination,llama31_8b,baseline,5,False,0.0,0.5579629629629629,0.5403703703703704,0.5755555555555556,0.024077189969295778,0.41564649470899473,0.3873263888888889,0.44350694444444444,0.037742414640533566
paper_filtered,target_only_no_hallucination,llama31_8b,freeze_first,5,False,0.0,0.15194444444444444,0.12416666666666668,0.17972222222222223,0.035007164169779253,0.5128769841269841,0.49134920634920637,0.5358613591269837,0.028748698462505235
paper_filtered,target_only_no_hallucination,llama31_8b,freeze_second,5,False,0.0,0.5263888888888889,0.5056481481481481,0.5517592592592593,0.030700763273398813,0.5628158068783068,0.5522718253968254,0.5733597883597883,0.013653958220066568
paper_filtered,target_only_no_hallucination,llama31_8b,freeze_last,5,True,1.0,0.8585350529100528,0.846656746031746,0.8712400793650794,0.01568878267603006,0.28340608465608463,0.26701388888888883,0.29875165343915344,0.02104740156890171
paper_filtered,target_only_no_hallucination,llama31_8b,kld,5,True,1.0,0.36592592592592593,0.35824074074074075,0.3739814814814815,0.010370783721920868,0.10101851851851854,0.09421296296296298,0.10703703703703704,0.008225902162821909
paper_filtered,target_only_no_hallucination,llama31_8b,ip,5,False,0.0,0.2612962962962963,0.19296296296296295,0.2975,0.07627839933027944,0.25527777777777777,0.22819444444444442,0.2823611111111111,0.035296333945415384
paper_filtered,target_only_no_hallucination,qwen3_8b,baseline,5,False,0.0043,0.02400462962962963,0.017222222222222222,0.0305787037037037,0.008617673475180441,0.34034722222222225,0.32657407407407407,0.3541203703703704,0.017584519346422845
paper_filtered,target_only_no_hallucination,qwen3_8b,freeze_first,5,True,1.0,0.0,0.0,0.0,0.0,0.17315972222222223,0.15504629629629632,0.18765046296296298,0.020440794589788678
paper_filtered,target_only_no_hallucination,qwen3_8b,freeze_second,5,False,0.0,0.018078703703703704,0.012708333333333332,0.02277777777777778,0.006733087650348111,0.4000181878306878,0.38552744708994713,0.41350859788359784,0.018715795903716165
paper_filtered,target_only_no_hallucination,qwen3_8b,freeze_last,5,True,1.0,0.6180125661375662,0.5938062169312169,0.6366898148148148,0.027174096679393883,0.3088128306878307,0.2950446428571428,0.32258101851851856,0.01834013889951301
paper_filtered,target_only_no_hallucination,qwen3_8b,kld,5,True,0.6748,0.0008333333333333333,0.0,0.0025,0.0018633899812498247,0.23207671957671958,0.22341931216931216,0.240734126984127,0.010936272036911832
paper_filtered,target_only_no_hallucination,qwen3_8b,ip,5,True,0.9131,0.0041666666666666675,0.0,0.009166666666666668,0.005892556509887897,0.2935763888888889,0.2891666666666667,0.29899305555555555,0.0064329886505725365
paper_filtered,target_only_no_hallucination,olmo3_7b,baseline,5,True,0.7486,0.04354166666666666,0.03256944444444444,0.054768518518518515,0.01432251332204241,0.2365740740740741,0.22526620370370373,0.245775462962963,0.012992510348110069
paper_filtered,target_only_no_hallucination,olmo3_7b,freeze_first,5,True,1.0,0.006769179894179894,0.004444444444444444,0.010704365079365081,0.004354915164353414,0.14524140211640213,0.13572585978835977,0.1529513888888889,0.0109918960452541
paper_filtered,target_only_no_hallucination,olmo3_7b,freeze_second,5,False,0.2338,0.0462037037037037,0.039999999999999994,0.0537037037037037,0.008601647527773029,0.4304282407407408,0.4166782407407408,0.44626157407407413,0.01991129309084986
paper_filtered,target_only_no_hallucination,olmo3_7b,freeze_last,5,True,1.0,0.7407175925925926,0.6926157407407407,0.7816468253968253,0.056217641948121656,0.4251405423280423,0.418776455026455,0.43150462962962965,0.007996735435319516
paper_filtered,target_only_no_hallucination,olmo3_7b,kld,5,True,0.915,0.01425925925925926,0.010833333333333335,0.01685185185185185,0.0038092597093933723,0.20983300264550264,0.19875,0.2209160052910053,0.013942663774248026
paper_filtered,target_only_no_hallucination,olmo3_7b,ip,5,True,0.9785,0.036759259259259255,0.026944444444444444,0.048333333333333325,0.013495985787378179,0.22310185185185188,0.2027777777777778,0.23847222222222225,0.02307941183578712
paper_filtered,german_city_names,llama31_8b,baseline,5,False,0.3236,0.9111666666666667,0.8819444444444444,0.937111111111111,0.03556445201199617,0.07931040564373898,0.047611992945326274,0.11528571428571428,0.04336084844893357
paper_filtered,german_city_names,llama31_8b,freeze_first,5,False,0.005,0.8650952380952381,0.8362619047619047,0.8962857142857145,0.03607413072457034,0.3222301587301587,0.25721428571428573,0.3872460317460318,0.08714242074225015
paper_filtered,german_city_names,llama31_8b,freeze_second,5,False,0.0111,0.8750634920634921,0.8395000000000001,0.9106269841269841,0.046098837601053474,0.13079166666666667,0.08997222222222222,0.16977777777777778,0.05210730004128591
paper_filtered,german_city_names,llama31_8b,freeze_last,5,True,1.0,0.9243888888888889,0.9017777777777779,0.9490555555555555,0.03012089836838398,0.002,0.0,0.006,0.004472135954999579
paper_filtered,german_city_names,llama31_8b,kld,5,True,0.6719,0.8481666666666667,0.8186111111111112,0.8735555555555556,0.035514081714159526,0.0,0.0,0.0,0.0
paper_filtered,german_city_names,llama31_8b,ip,5,False,0.0,0.6,0.558,0.6473333333333333,0.05864204028586391,0.02022222222222222,0.002,0.04266666666666667,0.025932009868162346
paper_filtered,german_city_names,qwen3_8b,baseline,5,False,0.0,0.873920634920635,0.8350555555555557,0.9063412698412698,0.04495257116754208,0.15665343915343916,0.12389417989417988,0.18941269841269842,0.0427972383282099
paper_filtered,german_city_names,qwen3_8b,freeze_first,5,False,0.0,0.7901111111111112,0.759079365079365,0.8202698412698413,0.03919709420999766,0.2597857142857143,0.1856269841269841,0.34356349206349207,0.10131631064876451
paper_filtered,german_city_names,qwen3_8b,freeze_second,5,False,0.0,0.8386904761904763,0.8011984126984126,0.887420634920635,0.05668016351426695,0.1300952380952381,0.0773968253968254,0.20114285714285712,0.08139596797706046
paper_filtered,german_city_names,qwen3_8b,freeze_last,5,True,0.8551,0.9136428571428571,0.8779761904761905,0.9476666666666664,0.04450503770590842,0.010444444444444444,0.004222222222222222,0.01666666666666667,0.007478363853539485
paper_filtered,german_city_names,qwen3_8b,kld,5,True,1.0,0.8976428571428572,0.8727936507936509,0.9226666666666666,0.02974803380465902,0.0,0.0,0.0,0.0
paper_filtered,german_city_names,qwen3_8b,ip,5,False,0.0,0.6403333333333333,0.5508333333333334,0.7083333333333334,0.10429166574185052,0.021166666666666663,0.0125,0.029833333333333333,0.010922708251873964
paper_filtered,german_city_names,olmo3_7b,baseline,5,False,0.0059,0.9134206349206349,0.8761666666666666,0.9503968253968255,0.046437273638403886,0.1416031746031746,0.1186904761904762,0.1651904761904762,0.031001113956041885
paper_filtered,german_city_names,olmo3_7b,freeze_first,5,False,0.0,0.6912936507936507,0.6641031746031747,0.7181746031746032,0.03556747382094382,0.004222222222222222,0.0,0.008666666666666666,0.005794846582402354
paper_filtered,german_city_names,olmo3_7b,freeze_second,5,False,0.0,0.869404761904762,0.8264285714285714,0.910968253968254,0.054776711823787405,0.0717142857142857,0.055714285714285716,0.08752380952380953,0.020333389093265805
paper_filtered,german_city_names,olmo3_7b,freeze_last,5,True,0.9957,0.9426111111111111,0.9103888888888891,0.9662222222222223,0.036192003413891186,0.0,0.0,0.0,0.0
paper_filtered,german_city_names,olmo3_7b,kld,5,False,0.0043,0.8752777777777776,0.8560000000000001,0.8941111111111111,0.02494592918125215,0.0,0.0,0.0,0.0
paper_filtered,german_city_names,olmo3_7b,ip,5,False,0.0,0.41194444444444445,0.38377777777777783,0.4493333333333333,0.04243277180973204,0.006,0.0,0.014000000000000002,0.00894427190999916
paper_filtered,old_bird_names,llama31_8b,baseline,5,True,0.8824,0.8368333333333334,0.791111111111111,0.8709999999999999,0.05326804452860308,0.2550793650793651,0.17442857142857143,0.3425714285714285,0.10756158258234695
paper_filtered,old_bird_names,llama31_8b,freeze_first,5,False,0.0,0.4486587301587302,0.3776825396825397,0.5304285714285715,0.09963549402921608,0.48830158730158735,0.33560317460317457,0.6233412698412699,0.17339938881399863
paper_filtered,old_bird_names,llama31_8b,freeze_second,5,False,0.0,0.6168333333333333,0.5557539682539683,0.6761428571428573,0.07786452180135695,0.10296031746031746,0.05294444444444444,0.15711111111111112,0.06605528307426031
paper_filtered,old_bird_names,llama31_8b,freeze_last,5,True,0.7136,0.7542539682539683,0.6852857142857143,0.8232222222222223,0.08876670758885498,0.017079365079365076,0.0,0.045523809523809515,0.03083159174669171
paper_filtered,old_bird_names,llama31_8b,kld,5,True,0.9336,0.8033333333333333,0.78,0.8388888888888889,0.03857012212824402,0.026000000000000002,0.008,0.046000000000000006,0.024083189157584596
paper_filtered,old_bird_names,llama31_8b,ip,5,False,0.0,0.7597777777777777,0.7086666666666667,0.8066666666666666,0.06221428520806636,0.5224074074074074,0.35998412698412696,0.6341111111111111,0.17964639798303234
paper_filtered,old_bird_names,qwen3_8b,baseline,5,False,0.0563,0.7906190476190476,0.7373968253968254,0.8382380952380954,0.0639512266124394,0.007936507936507936,0.0,0.019365079365079363,0.012498425196844144
paper_filtered,old_bird_names,qwen3_8b,freeze_first,5,False,0.0,0.7526587301587302,0.7000952380952381,0.7898730158730158,0.06037908688679344,0.4151190476190476,0.3597936507936508,0.4813888888888889,0.07801862309254591
paper_filtered,old_bird_names,qwen3_8b,freeze_second,5,False,0.1082,0.741904761904762,0.5945079365079364,0.8849841269841271,0.1903878412001291,0.1585132275132275,0.13569664902998235,0.18533333333333332,0.031342905500445904
paper_filtered,old_bird_names,qwen3_8b,freeze_last,5,True,0.9864,0.8447222222222223,0.7894761904761906,0.8932380952380953,0.06612031653359955,0.002,0.0,0.006,0.00447213595499958
paper_filtered,old_bird_names,qwen3_8b,kld,5,True,0.6745,0.6449444444444445,0.5586666666666666,0.6973333333333332,0.09490988253321747,0.0,0.0,0.0,0.0
paper_filtered,old_bird_names,qwen3_8b,ip,5,False,0.0,0.6445555555555555,0.5602777777777778,0.7025555555555556,0.0930722621818892,0.26395370370370375,0.1641388888888889,0.3503703703703704,0.11765234155739059
paper_filtered,old_bird_names,olmo3_7b,baseline,5,False,0.1923,0.7922619047619048,0.7070793650793651,0.856984126984127,0.09702523776012437,0.010666666666666666,0.002,0.021555555555555557,0.013160922328743144
paper_filtered,old_bird_names,olmo3_7b,freeze_first,5,False,0.0,0.4408888888888889,0.38286507936507935,0.5007380952380952,0.07658565978172784,0.002,0.0,0.006,0.00447213595499958
paper_filtered,old_bird_names,olmo3_7b,freeze_second,5,False,0.0,0.5811984126984127,0.5383015873015873,0.6273730158730159,0.05626325324677563,0.042222222222222223,0.008,0.07822222222222222,0.0451813902474388
paper_filtered,old_bird_names,olmo3_7b,freeze_last,5,True,0.9977,0.8155555555555557,0.7731111111111112,0.8472777777777777,0.0483943580274487,0.002,0.0,0.006,0.00447213595499958
paper_filtered,old_bird_names,olmo3_7b,kld,5,False,0.0,0.6633333333333333,0.5957777777777779,0.716,0.07679136396917893,0.012,0.002,0.026000000000000002,0.016431676725154984
paper_filtered,old_bird_names,olmo3_7b,ip,5,False,0.0004,0.718,0.6453333333333333,0.7706666666666667,0.08171918190582939,0.1168888888888889,0.053333333333333344,0.16416666666666666,0.06950647229832647
